Traceback (most recent call last):
  File "/ddn/niknovikov19/repo/A1_model_old/model/grid_search.py", line 1, in <module>
    from netpyne.batchtools.search import search
ModuleNotFoundError: No module named 'netpyne'
Warning: no DISPLAY environment variable.
--No graphics will be displayed.
numprocs=1
2024-07-02 19:02:32,075	INFO worker.py:1744 -- Started a local Ray instance. View the dashboard at [1m[32m127.0.0.1:8265 [39m[22m
2024-07-02 19:02:34,634	INFO packaging.py:530 -- Creating a file package for local directory '.'.
2024-07-02 19:02:35,261	INFO packaging.py:358 -- Pushing file package 'gcs://_ray_pkg_6a64887d36200a2e.zip' (6.79MiB) to Ray cluster...
2024-07-02 19:02:35,290	INFO packaging.py:371 -- Successfully pushed file package 'gcs://_ray_pkg_6a64887d36200a2e.zip'.
[36m(run pid=375450)[0m /ddn/niknovikov19/repo/batchtk/batchtk/raytk/search.py:27: FutureWarning: Passing literal json to 'read_json' is deprecated and will be removed in a future version. To read from a literal string, wrap it in a 'StringIO' object.
[36m(run pid=375450)[0m   data = pandas.read_json(data, typ='series', dtype=float)
[36m(run pid=375415)[0m /ddn/niknovikov19/repo/batchtk/batchtk/raytk/search.py:27: FutureWarning: Passing literal json to 'read_json' is deprecated and will be removed in a future version. To read from a literal string, wrap it in a 'StringIO' object.
[36m(run pid=375415)[0m   data = pandas.read_json(data, typ='series', dtype=float)
[36m(run pid=375445)[0m /ddn/niknovikov19/repo/batchtk/batchtk/raytk/search.py:27: FutureWarning: Passing literal json to 'read_json' is deprecated and will be removed in a future version. To read from a literal string, wrap it in a 'StringIO' object.
[36m(run pid=375445)[0m   data = pandas.read_json(data, typ='series', dtype=float)
[36m(run pid=375451)[0m /ddn/niknovikov19/repo/batchtk/batchtk/raytk/search.py:27: FutureWarning: Passing literal json to 'read_json' is deprecated and will be removed in a future version. To read from a literal string, wrap it in a 'StringIO' object.
[36m(run pid=375451)[0m   data = pandas.read_json(data, typ='series', dtype=float)
[36m(run pid=375449)[0m /ddn/niknovikov19/repo/batchtk/batchtk/raytk/search.py:27: FutureWarning: Passing literal json to 'read_json' is deprecated and will be removed in a future version. To read from a literal string, wrap it in a 'StringIO' object.
[36m(run pid=375449)[0m   data = pandas.read_json(data, typ='series', dtype=float)
[36m(run pid=375452)[0m /ddn/niknovikov19/repo/batchtk/batchtk/raytk/search.py:27: FutureWarning: Passing literal json to 'read_json' is deprecated and will be removed in a future version. To read from a literal string, wrap it in a 'StringIO' object.
[36m(run pid=375452)[0m   data = pandas.read_json(data, typ='series', dtype=float)
[36m(run pid=375448)[0m /ddn/niknovikov19/repo/batchtk/batchtk/raytk/search.py:27: FutureWarning: Passing literal json to 'read_json' is deprecated and will be removed in a future version. To read from a literal string, wrap it in a 'StringIO' object.
[36m(run pid=375448)[0m   data = pandas.read_json(data, typ='series', dtype=float)
[36m(run pid=375443)[0m /ddn/niknovikov19/repo/batchtk/batchtk/raytk/search.py:27: FutureWarning: Passing literal json to 'read_json' is deprecated and will be removed in a future version. To read from a literal string, wrap it in a 'StringIO' object.[32m [repeated 2x across cluster] (Ray deduplicates logs by default. Set RAY_DEDUP_LOGS=0 to disable log deduplication, or see https://docs.ray.io/en/master/ray-observability/user-guides/configure-logging.html#log-deduplication for more options.)[0m
[36m(run pid=375443)[0m   data = pandas.read_json(data, typ='series', dtype=float)[32m [repeated 2x across cluster][0m
[36m(run pid=375446)[0m /ddn/niknovikov19/repo/batchtk/batchtk/raytk/search.py:27: FutureWarning: Passing literal json to 'read_json' is deprecated and will be removed in a future version. To read from a literal string, wrap it in a 'StringIO' object.
[36m(run pid=375446)[0m   data = pandas.read_json(data, typ='series', dtype=float)
[36m(run pid=386433)[0m /ddn/niknovikov19/repo/batchtk/batchtk/raytk/search.py:27: FutureWarning: Passing literal json to 'read_json' is deprecated and will be removed in a future version. To read from a literal string, wrap it in a 'StringIO' object.
[36m(run pid=386433)[0m   data = pandas.read_json(data, typ='series', dtype=float)
[36m(run pid=375453)[0m /ddn/niknovikov19/repo/batchtk/batchtk/raytk/search.py:27: FutureWarning: Passing literal json to 'read_json' is deprecated and will be removed in a future version. To read from a literal string, wrap it in a 'StringIO' object.
[36m(run pid=375453)[0m   data = pandas.read_json(data, typ='series', dtype=float)
[36m(run pid=386430)[0m /ddn/niknovikov19/repo/batchtk/batchtk/raytk/search.py:27: FutureWarning: Passing literal json to 'read_json' is deprecated and will be removed in a future version. To read from a literal string, wrap it in a 'StringIO' object.
[36m(run pid=386430)[0m   data = pandas.read_json(data, typ='series', dtype=float)
[36m(run pid=385774)[0m /ddn/niknovikov19/repo/batchtk/batchtk/raytk/search.py:27: FutureWarning: Passing literal json to 'read_json' is deprecated and will be removed in a future version. To read from a literal string, wrap it in a 'StringIO' object.
[36m(run pid=385774)[0m   data = pandas.read_json(data, typ='series', dtype=float)
[36m(run pid=388348)[0m /ddn/niknovikov19/repo/batchtk/batchtk/raytk/search.py:27: FutureWarning: Passing literal json to 'read_json' is deprecated and will be removed in a future version. To read from a literal string, wrap it in a 'StringIO' object.
[36m(run pid=388348)[0m   data = pandas.read_json(data, typ='series', dtype=float)
[36m(run pid=387710)[0m /ddn/niknovikov19/repo/batchtk/batchtk/raytk/search.py:27: FutureWarning: Passing literal json to 'read_json' is deprecated and will be removed in a future version. To read from a literal string, wrap it in a 'StringIO' object.
[36m(run pid=387710)[0m   data = pandas.read_json(data, typ='series', dtype=float)
[36m(run pid=389631)[0m /ddn/niknovikov19/repo/batchtk/batchtk/raytk/search.py:27: FutureWarning: Passing literal json to 'read_json' is deprecated and will be removed in a future version. To read from a literal string, wrap it in a 'StringIO' object.
[36m(run pid=389631)[0m   data = pandas.read_json(data, typ='series', dtype=float)
[36m(run pid=375447)[0m /ddn/niknovikov19/repo/batchtk/batchtk/raytk/search.py:27: FutureWarning: Passing literal json to 'read_json' is deprecated and will be removed in a future version. To read from a literal string, wrap it in a 'StringIO' object.
[36m(run pid=375447)[0m   data = pandas.read_json(data, typ='series', dtype=float)
[36m(run pid=375442)[0m /ddn/niknovikov19/repo/batchtk/batchtk/raytk/search.py:27: FutureWarning: Passing literal json to 'read_json' is deprecated and will be removed in a future version. To read from a literal string, wrap it in a 'StringIO' object.
[36m(run pid=375442)[0m   data = pandas.read_json(data, typ='series', dtype=float)
[36m(run pid=389632)[0m /ddn/niknovikov19/repo/batchtk/batchtk/raytk/search.py:27: FutureWarning: Passing literal json to 'read_json' is deprecated and will be removed in a future version. To read from a literal string, wrap it in a 'StringIO' object.[32m [repeated 2x across cluster][0m
[36m(run pid=389632)[0m   data = pandas.read_json(data, typ='series', dtype=float)[32m [repeated 2x across cluster][0m
[36m(run pid=393631)[0m /ddn/niknovikov19/repo/batchtk/batchtk/raytk/search.py:27: FutureWarning: Passing literal json to 'read_json' is deprecated and will be removed in a future version. To read from a literal string, wrap it in a 'StringIO' object.
[36m(run pid=393631)[0m   data = pandas.read_json(data, typ='series', dtype=float)
[36m(run pid=390903)[0m /ddn/niknovikov19/repo/batchtk/batchtk/raytk/search.py:27: FutureWarning: Passing literal json to 'read_json' is deprecated and will be removed in a future version. To read from a literal string, wrap it in a 'StringIO' object.
[36m(run pid=390903)[0m   data = pandas.read_json(data, typ='series', dtype=float)
[36m(run pid=391552)[0m /ddn/niknovikov19/repo/batchtk/batchtk/raytk/search.py:27: FutureWarning: Passing literal json to 'read_json' is deprecated and will be removed in a future version. To read from a literal string, wrap it in a 'StringIO' object.
[36m(run pid=391552)[0m   data = pandas.read_json(data, typ='series', dtype=float)
[36m(run pid=394275)[0m /ddn/niknovikov19/repo/batchtk/batchtk/raytk/search.py:27: FutureWarning: Passing literal json to 'read_json' is deprecated and will be removed in a future version. To read from a literal string, wrap it in a 'StringIO' object.
[36m(run pid=394275)[0m   data = pandas.read_json(data, typ='series', dtype=float)
2024-07-02 21:18:41,473	INFO tune.py:1009 -- Wrote the latest version of all result files and experiment state to '/ddn/niknovikov19/repo/A1_model_old/ray/variant_generator' in 0.0441s.
╭────────────────────────────────────────────────────────╮
│ Configuration for experiment     variant_generator     │
├────────────────────────────────────────────────────────┤
│ Search algorithm                 BasicVariantGenerator │
│ Scheduler                        FIFOScheduler         │
│ Number of trials                 25                    │
╰────────────────────────────────────────────────────────╯

View detailed results here: /ddn/niknovikov19/repo/A1_model_old/ray/variant_generator
To visualize your results with TensorBoard, run: `tensorboard --logdir /tmp/ray/session_2024-07-02_19-02-25_943876_372338/artifacts/2024-07-02_19-02-37/variant_generator/driver_artifacts`

Trial status: 13 PENDING
Current time: 2024-07-02 19:02:37. Total running time: 0s
Logical resource usage: 0/32 CPUs, 0/0 GPUs
╭────────────────────────────────────────────────────────╮
│ Trial name        status        osc_f   osc_pop_name   │
├────────────────────────────────────────────────────────┤
│ run_2ca7a_00000   PENDING     3         IT3            │
│ run_2ca7a_00001   PENDING     4.03912   IT3            │
│ run_2ca7a_00002   PENDING     5.15816   IT3            │
│ run_2ca7a_00003   PENDING     6.35714   IT3            │
│ run_2ca7a_00004   PENDING     7.63605   IT3            │
│ run_2ca7a_00005   PENDING     8.9949    IT3            │
│ run_2ca7a_00006   PENDING    10.4337    IT3            │
│ run_2ca7a_00007   PENDING    11.9524    IT3            │
│ run_2ca7a_00008   PENDING    13.551     IT3            │
│ run_2ca7a_00009   PENDING    15.2296    IT3            │
│ run_2ca7a_00010   PENDING    16.9881    IT3            │
│ run_2ca7a_00011   PENDING    18.8265    IT3            │
│ run_2ca7a_00012   PENDING    20.7449    IT3            │
╰────────────────────────────────────────────────────────╯

Trial run_2ca7a_00007 started with configuration:
╭───────────────────────────────────────────╮
│ Trial run_2ca7a_00007 config              │
├───────────────────────────────────────────┤
│ osc_f                            11.95238 │
│ osc_pop_name                          IT3 │
╰───────────────────────────────────────────╯

Trial run_2ca7a_00004 started with configuration:
╭──────────────────────────────────────────╮
│ Trial run_2ca7a_00004 config             │
├──────────────────────────────────────────┤
│ osc_f                            7.63605 │
│ osc_pop_name                         IT3 │
╰──────────────────────────────────────────╯

Trial run_2ca7a_00008 started with configuration:
╭───────────────────────────────────────────╮
│ Trial run_2ca7a_00008 config              │
├───────────────────────────────────────────┤
│ osc_f                            13.55102 │
│ osc_pop_name                          IT3 │
╰───────────────────────────────────────────╯

Trial run_2ca7a_00000 started with configuration:
╭──────────────────────────────────────╮
│ Trial run_2ca7a_00000 config         │
├──────────────────────────────────────┤
│ osc_f                             3. │
│ osc_pop_name                     IT3 │
╰──────────────────────────────────────╯

Trial run_2ca7a_00005 started with configuration:
╭─────────────────────────────────────────╮
│ Trial run_2ca7a_00005 config            │
├─────────────────────────────────────────┤
│ osc_f                            8.9949 │
│ osc_pop_name                        IT3 │
╰─────────────────────────────────────────╯

Trial run_2ca7a_00002 started with configuration:
╭──────────────────────────────────────────╮
│ Trial run_2ca7a_00002 config             │
├──────────────────────────────────────────┤
│ osc_f                            5.15816 │
│ osc_pop_name                         IT3 │
╰──────────────────────────────────────────╯

Trial run_2ca7a_00003 started with configuration:
╭──────────────────────────────────────────╮
│ Trial run_2ca7a_00003 config             │
├──────────────────────────────────────────┤
│ osc_f                            6.35714 │
│ osc_pop_name                         IT3 │
╰──────────────────────────────────────────╯

Trial run_2ca7a_00009 started with configuration:
╭───────────────────────────────────────────╮
│ Trial run_2ca7a_00009 config              │
├───────────────────────────────────────────┤
│ osc_f                            15.22959 │
│ osc_pop_name                          IT3 │
╰───────────────────────────────────────────╯

Trial run_2ca7a_00010 started with configuration:
╭──────────────────────────────────────────╮
│ Trial run_2ca7a_00010 config             │
├──────────────────────────────────────────┤
│ osc_f                            16.9881 │
│ osc_pop_name                         IT3 │
╰──────────────────────────────────────────╯

Trial run_2ca7a_00011 started with configuration:
╭───────────────────────────────────────────╮
│ Trial run_2ca7a_00011 config              │
├───────────────────────────────────────────┤
│ osc_f                            18.82653 │
│ osc_pop_name                          IT3 │
╰───────────────────────────────────────────╯

Trial run_2ca7a_00006 started with configuration:
╭───────────────────────────────────────────╮
│ Trial run_2ca7a_00006 config              │
├───────────────────────────────────────────┤
│ osc_f                            10.43367 │
│ osc_pop_name                          IT3 │
╰───────────────────────────────────────────╯

Trial run_2ca7a_00001 started with configuration:
╭──────────────────────────────────────────╮
│ Trial run_2ca7a_00001 config             │
├──────────────────────────────────────────┤
│ osc_f                            4.03912 │
│ osc_pop_name                         IT3 │
╰──────────────────────────────────────────╯

Trial run_2ca7a_00012 started with configuration:
╭──────────────────────────────────────────╮
│ Trial run_2ca7a_00012 config             │
├──────────────────────────────────────────┤
│ osc_f                            20.7449 │
│ osc_pop_name                         IT3 │
╰──────────────────────────────────────────╯

Trial status: 13 RUNNING
Current time: 2024-07-02 19:03:07. Total running time: 30s
Logical resource usage: 13.0/32 CPUs, 0/0 GPUs
╭────────────────────────────────────────────────────────╮
│ Trial name        status        osc_f   osc_pop_name   │
├────────────────────────────────────────────────────────┤
│ run_2ca7a_00000   RUNNING     3         IT3            │
│ run_2ca7a_00001   RUNNING     4.03912   IT3            │
│ run_2ca7a_00002   RUNNING     5.15816   IT3            │
│ run_2ca7a_00003   RUNNING     6.35714   IT3            │
│ run_2ca7a_00004   RUNNING     7.63605   IT3            │
│ run_2ca7a_00005   RUNNING     8.9949    IT3            │
│ run_2ca7a_00006   RUNNING    10.4337    IT3            │
│ run_2ca7a_00007   RUNNING    11.9524    IT3            │
│ run_2ca7a_00008   RUNNING    13.551     IT3            │
│ run_2ca7a_00009   RUNNING    15.2296    IT3            │
│ run_2ca7a_00010   RUNNING    16.9881    IT3            │
│ run_2ca7a_00011   RUNNING    18.8265    IT3            │
│ run_2ca7a_00012   RUNNING    20.7449    IT3            │
╰────────────────────────────────────────────────────────╯
Trial status: 13 RUNNING
Current time: 2024-07-02 19:03:37. Total running time: 1min 0s
Logical resource usage: 13.0/32 CPUs, 0/0 GPUs
╭────────────────────────────────────────────────────────╮
│ Trial name        status        osc_f   osc_pop_name   │
├────────────────────────────────────────────────────────┤
│ run_2ca7a_00000   RUNNING     3         IT3            │
│ run_2ca7a_00001   RUNNING     4.03912   IT3            │
│ run_2ca7a_00002   RUNNING     5.15816   IT3            │
│ run_2ca7a_00003   RUNNING     6.35714   IT3            │
│ run_2ca7a_00004   RUNNING     7.63605   IT3            │
│ run_2ca7a_00005   RUNNING     8.9949    IT3            │
│ run_2ca7a_00006   RUNNING    10.4337    IT3            │
│ run_2ca7a_00007   RUNNING    11.9524    IT3            │
│ run_2ca7a_00008   RUNNING    13.551     IT3            │
│ run_2ca7a_00009   RUNNING    15.2296    IT3            │
│ run_2ca7a_00010   RUNNING    16.9881    IT3            │
│ run_2ca7a_00011   RUNNING    18.8265    IT3            │
│ run_2ca7a_00012   RUNNING    20.7449    IT3            │
╰────────────────────────────────────────────────────────╯
Trial status: 13 RUNNING
Current time: 2024-07-02 19:04:07. Total running time: 1min 30s
Logical resource usage: 13.0/32 CPUs, 0/0 GPUs
╭────────────────────────────────────────────────────────╮
│ Trial name        status        osc_f   osc_pop_name   │
├────────────────────────────────────────────────────────┤
│ run_2ca7a_00000   RUNNING     3         IT3            │
│ run_2ca7a_00001   RUNNING     4.03912   IT3            │
│ run_2ca7a_00002   RUNNING     5.15816   IT3            │
│ run_2ca7a_00003   RUNNING     6.35714   IT3            │
│ run_2ca7a_00004   RUNNING     7.63605   IT3            │
│ run_2ca7a_00005   RUNNING     8.9949    IT3            │
│ run_2ca7a_00006   RUNNING    10.4337    IT3            │
│ run_2ca7a_00007   RUNNING    11.9524    IT3            │
│ run_2ca7a_00008   RUNNING    13.551     IT3            │
│ run_2ca7a_00009   RUNNING    15.2296    IT3            │
│ run_2ca7a_00010   RUNNING    16.9881    IT3            │
│ run_2ca7a_00011   RUNNING    18.8265    IT3            │
│ run_2ca7a_00012   RUNNING    20.7449    IT3            │
╰────────────────────────────────────────────────────────╯
Trial status: 13 RUNNING
Current time: 2024-07-02 19:04:37. Total running time: 2min 0s
Logical resource usage: 13.0/32 CPUs, 0/0 GPUs
╭────────────────────────────────────────────────────────╮
│ Trial name        status        osc_f   osc_pop_name   │
├────────────────────────────────────────────────────────┤
│ run_2ca7a_00000   RUNNING     3         IT3            │
│ run_2ca7a_00001   RUNNING     4.03912   IT3            │
│ run_2ca7a_00002   RUNNING     5.15816   IT3            │
│ run_2ca7a_00003   RUNNING     6.35714   IT3            │
│ run_2ca7a_00004   RUNNING     7.63605   IT3            │
│ run_2ca7a_00005   RUNNING     8.9949    IT3            │
│ run_2ca7a_00006   RUNNING    10.4337    IT3            │
│ run_2ca7a_00007   RUNNING    11.9524    IT3            │
│ run_2ca7a_00008   RUNNING    13.551     IT3            │
│ run_2ca7a_00009   RUNNING    15.2296    IT3            │
│ run_2ca7a_00010   RUNNING    16.9881    IT3            │
│ run_2ca7a_00011   RUNNING    18.8265    IT3            │
│ run_2ca7a_00012   RUNNING    20.7449    IT3            │
╰────────────────────────────────────────────────────────╯
Trial status: 13 RUNNING
Current time: 2024-07-02 19:05:08. Total running time: 2min 30s
Logical resource usage: 13.0/32 CPUs, 0/0 GPUs
╭────────────────────────────────────────────────────────╮
│ Trial name        status        osc_f   osc_pop_name   │
├────────────────────────────────────────────────────────┤
│ run_2ca7a_00000   RUNNING     3         IT3            │
│ run_2ca7a_00001   RUNNING     4.03912   IT3            │
│ run_2ca7a_00002   RUNNING     5.15816   IT3            │
│ run_2ca7a_00003   RUNNING     6.35714   IT3            │
│ run_2ca7a_00004   RUNNING     7.63605   IT3            │
│ run_2ca7a_00005   RUNNING     8.9949    IT3            │
│ run_2ca7a_00006   RUNNING    10.4337    IT3            │
│ run_2ca7a_00007   RUNNING    11.9524    IT3            │
│ run_2ca7a_00008   RUNNING    13.551     IT3            │
│ run_2ca7a_00009   RUNNING    15.2296    IT3            │
│ run_2ca7a_00010   RUNNING    16.9881    IT3            │
│ run_2ca7a_00011   RUNNING    18.8265    IT3            │
│ run_2ca7a_00012   RUNNING    20.7449    IT3            │
╰────────────────────────────────────────────────────────╯
Trial status: 13 RUNNING
Current time: 2024-07-02 19:05:38. Total running time: 3min 0s
Logical resource usage: 13.0/32 CPUs, 0/0 GPUs
╭────────────────────────────────────────────────────────╮
│ Trial name        status        osc_f   osc_pop_name   │
├────────────────────────────────────────────────────────┤
│ run_2ca7a_00000   RUNNING     3         IT3            │
│ run_2ca7a_00001   RUNNING     4.03912   IT3            │
│ run_2ca7a_00002   RUNNING     5.15816   IT3            │
│ run_2ca7a_00003   RUNNING     6.35714   IT3            │
│ run_2ca7a_00004   RUNNING     7.63605   IT3            │
│ run_2ca7a_00005   RUNNING     8.9949    IT3            │
│ run_2ca7a_00006   RUNNING    10.4337    IT3            │
│ run_2ca7a_00007   RUNNING    11.9524    IT3            │
│ run_2ca7a_00008   RUNNING    13.551     IT3            │
│ run_2ca7a_00009   RUNNING    15.2296    IT3            │
│ run_2ca7a_00010   RUNNING    16.9881    IT3            │
│ run_2ca7a_00011   RUNNING    18.8265    IT3            │
│ run_2ca7a_00012   RUNNING    20.7449    IT3            │
╰────────────────────────────────────────────────────────╯
Trial status: 13 RUNNING
Current time: 2024-07-02 19:06:08. Total running time: 3min 30s
Logical resource usage: 13.0/32 CPUs, 0/0 GPUs
╭────────────────────────────────────────────────────────╮
│ Trial name        status        osc_f   osc_pop_name   │
├────────────────────────────────────────────────────────┤
│ run_2ca7a_00000   RUNNING     3         IT3            │
│ run_2ca7a_00001   RUNNING     4.03912   IT3            │
│ run_2ca7a_00002   RUNNING     5.15816   IT3            │
│ run_2ca7a_00003   RUNNING     6.35714   IT3            │
│ run_2ca7a_00004   RUNNING     7.63605   IT3            │
│ run_2ca7a_00005   RUNNING     8.9949    IT3            │
│ run_2ca7a_00006   RUNNING    10.4337    IT3            │
│ run_2ca7a_00007   RUNNING    11.9524    IT3            │
│ run_2ca7a_00008   RUNNING    13.551     IT3            │
│ run_2ca7a_00009   RUNNING    15.2296    IT3            │
│ run_2ca7a_00010   RUNNING    16.9881    IT3            │
│ run_2ca7a_00011   RUNNING    18.8265    IT3            │
│ run_2ca7a_00012   RUNNING    20.7449    IT3            │
╰────────────────────────────────────────────────────────╯
Trial status: 13 RUNNING
Current time: 2024-07-02 19:06:38. Total running time: 4min 0s
Logical resource usage: 13.0/32 CPUs, 0/0 GPUs
╭────────────────────────────────────────────────────────╮
│ Trial name        status        osc_f   osc_pop_name   │
├────────────────────────────────────────────────────────┤
│ run_2ca7a_00000   RUNNING     3         IT3            │
│ run_2ca7a_00001   RUNNING     4.03912   IT3            │
│ run_2ca7a_00002   RUNNING     5.15816   IT3            │
│ run_2ca7a_00003   RUNNING     6.35714   IT3            │
│ run_2ca7a_00004   RUNNING     7.63605   IT3            │
│ run_2ca7a_00005   RUNNING     8.9949    IT3            │
│ run_2ca7a_00006   RUNNING    10.4337    IT3            │
│ run_2ca7a_00007   RUNNING    11.9524    IT3            │
│ run_2ca7a_00008   RUNNING    13.551     IT3            │
│ run_2ca7a_00009   RUNNING    15.2296    IT3            │
│ run_2ca7a_00010   RUNNING    16.9881    IT3            │
│ run_2ca7a_00011   RUNNING    18.8265    IT3            │
│ run_2ca7a_00012   RUNNING    20.7449    IT3            │
╰────────────────────────────────────────────────────────╯
Trial status: 13 RUNNING
Current time: 2024-07-02 19:07:08. Total running time: 4min 30s
Logical resource usage: 13.0/32 CPUs, 0/0 GPUs
╭────────────────────────────────────────────────────────╮
│ Trial name        status        osc_f   osc_pop_name   │
├────────────────────────────────────────────────────────┤
│ run_2ca7a_00000   RUNNING     3         IT3            │
│ run_2ca7a_00001   RUNNING     4.03912   IT3            │
│ run_2ca7a_00002   RUNNING     5.15816   IT3            │
│ run_2ca7a_00003   RUNNING     6.35714   IT3            │
│ run_2ca7a_00004   RUNNING     7.63605   IT3            │
│ run_2ca7a_00005   RUNNING     8.9949    IT3            │
│ run_2ca7a_00006   RUNNING    10.4337    IT3            │
│ run_2ca7a_00007   RUNNING    11.9524    IT3            │
│ run_2ca7a_00008   RUNNING    13.551     IT3            │
│ run_2ca7a_00009   RUNNING    15.2296    IT3            │
│ run_2ca7a_00010   RUNNING    16.9881    IT3            │
│ run_2ca7a_00011   RUNNING    18.8265    IT3            │
│ run_2ca7a_00012   RUNNING    20.7449    IT3            │
╰────────────────────────────────────────────────────────╯
Trial status: 13 RUNNING
Current time: 2024-07-02 19:07:38. Total running time: 5min 0s
Logical resource usage: 13.0/32 CPUs, 0/0 GPUs
╭────────────────────────────────────────────────────────╮
│ Trial name        status        osc_f   osc_pop_name   │
├────────────────────────────────────────────────────────┤
│ run_2ca7a_00000   RUNNING     3         IT3            │
│ run_2ca7a_00001   RUNNING     4.03912   IT3            │
│ run_2ca7a_00002   RUNNING     5.15816   IT3            │
│ run_2ca7a_00003   RUNNING     6.35714   IT3            │
│ run_2ca7a_00004   RUNNING     7.63605   IT3            │
│ run_2ca7a_00005   RUNNING     8.9949    IT3            │
│ run_2ca7a_00006   RUNNING    10.4337    IT3            │
│ run_2ca7a_00007   RUNNING    11.9524    IT3            │
│ run_2ca7a_00008   RUNNING    13.551     IT3            │
│ run_2ca7a_00009   RUNNING    15.2296    IT3            │
│ run_2ca7a_00010   RUNNING    16.9881    IT3            │
│ run_2ca7a_00011   RUNNING    18.8265    IT3            │
│ run_2ca7a_00012   RUNNING    20.7449    IT3            │
╰────────────────────────────────────────────────────────╯
Trial status: 13 RUNNING
Current time: 2024-07-02 19:08:08. Total running time: 5min 31s
Logical resource usage: 13.0/32 CPUs, 0/0 GPUs
╭────────────────────────────────────────────────────────╮
│ Trial name        status        osc_f   osc_pop_name   │
├────────────────────────────────────────────────────────┤
│ run_2ca7a_00000   RUNNING     3         IT3            │
│ run_2ca7a_00001   RUNNING     4.03912   IT3            │
│ run_2ca7a_00002   RUNNING     5.15816   IT3            │
│ run_2ca7a_00003   RUNNING     6.35714   IT3            │
│ run_2ca7a_00004   RUNNING     7.63605   IT3            │
│ run_2ca7a_00005   RUNNING     8.9949    IT3            │
│ run_2ca7a_00006   RUNNING    10.4337    IT3            │
│ run_2ca7a_00007   RUNNING    11.9524    IT3            │
│ run_2ca7a_00008   RUNNING    13.551     IT3            │
│ run_2ca7a_00009   RUNNING    15.2296    IT3            │
│ run_2ca7a_00010   RUNNING    16.9881    IT3            │
│ run_2ca7a_00011   RUNNING    18.8265    IT3            │
│ run_2ca7a_00012   RUNNING    20.7449    IT3            │
╰────────────────────────────────────────────────────────╯
Trial status: 13 RUNNING
Current time: 2024-07-02 19:08:38. Total running time: 6min 1s
Logical resource usage: 13.0/32 CPUs, 0/0 GPUs
╭────────────────────────────────────────────────────────╮
│ Trial name        status        osc_f   osc_pop_name   │
├────────────────────────────────────────────────────────┤
│ run_2ca7a_00000   RUNNING     3         IT3            │
│ run_2ca7a_00001   RUNNING     4.03912   IT3            │
│ run_2ca7a_00002   RUNNING     5.15816   IT3            │
│ run_2ca7a_00003   RUNNING     6.35714   IT3            │
│ run_2ca7a_00004   RUNNING     7.63605   IT3            │
│ run_2ca7a_00005   RUNNING     8.9949    IT3            │
│ run_2ca7a_00006   RUNNING    10.4337    IT3            │
│ run_2ca7a_00007   RUNNING    11.9524    IT3            │
│ run_2ca7a_00008   RUNNING    13.551     IT3            │
│ run_2ca7a_00009   RUNNING    15.2296    IT3            │
│ run_2ca7a_00010   RUNNING    16.9881    IT3            │
│ run_2ca7a_00011   RUNNING    18.8265    IT3            │
│ run_2ca7a_00012   RUNNING    20.7449    IT3            │
╰────────────────────────────────────────────────────────╯
Trial status: 13 RUNNING
Current time: 2024-07-02 19:09:08. Total running time: 6min 31s
Logical resource usage: 13.0/32 CPUs, 0/0 GPUs
╭────────────────────────────────────────────────────────╮
│ Trial name        status        osc_f   osc_pop_name   │
├────────────────────────────────────────────────────────┤
│ run_2ca7a_00000   RUNNING     3         IT3            │
│ run_2ca7a_00001   RUNNING     4.03912   IT3            │
│ run_2ca7a_00002   RUNNING     5.15816   IT3            │
│ run_2ca7a_00003   RUNNING     6.35714   IT3            │
│ run_2ca7a_00004   RUNNING     7.63605   IT3            │
│ run_2ca7a_00005   RUNNING     8.9949    IT3            │
│ run_2ca7a_00006   RUNNING    10.4337    IT3            │
│ run_2ca7a_00007   RUNNING    11.9524    IT3            │
│ run_2ca7a_00008   RUNNING    13.551     IT3            │
│ run_2ca7a_00009   RUNNING    15.2296    IT3            │
│ run_2ca7a_00010   RUNNING    16.9881    IT3            │
│ run_2ca7a_00011   RUNNING    18.8265    IT3            │
│ run_2ca7a_00012   RUNNING    20.7449    IT3            │
╰────────────────────────────────────────────────────────╯
Trial status: 13 RUNNING
Current time: 2024-07-02 19:09:38. Total running time: 7min 1s
Logical resource usage: 13.0/32 CPUs, 0/0 GPUs
╭────────────────────────────────────────────────────────╮
│ Trial name        status        osc_f   osc_pop_name   │
├────────────────────────────────────────────────────────┤
│ run_2ca7a_00000   RUNNING     3         IT3            │
│ run_2ca7a_00001   RUNNING     4.03912   IT3            │
│ run_2ca7a_00002   RUNNING     5.15816   IT3            │
│ run_2ca7a_00003   RUNNING     6.35714   IT3            │
│ run_2ca7a_00004   RUNNING     7.63605   IT3            │
│ run_2ca7a_00005   RUNNING     8.9949    IT3            │
│ run_2ca7a_00006   RUNNING    10.4337    IT3            │
│ run_2ca7a_00007   RUNNING    11.9524    IT3            │
│ run_2ca7a_00008   RUNNING    13.551     IT3            │
│ run_2ca7a_00009   RUNNING    15.2296    IT3            │
│ run_2ca7a_00010   RUNNING    16.9881    IT3            │
│ run_2ca7a_00011   RUNNING    18.8265    IT3            │
│ run_2ca7a_00012   RUNNING    20.7449    IT3            │
╰────────────────────────────────────────────────────────╯
Trial status: 13 RUNNING
Current time: 2024-07-02 19:10:08. Total running time: 7min 31s
Logical resource usage: 13.0/32 CPUs, 0/0 GPUs
╭────────────────────────────────────────────────────────╮
│ Trial name        status        osc_f   osc_pop_name   │
├────────────────────────────────────────────────────────┤
│ run_2ca7a_00000   RUNNING     3         IT3            │
│ run_2ca7a_00001   RUNNING     4.03912   IT3            │
│ run_2ca7a_00002   RUNNING     5.15816   IT3            │
│ run_2ca7a_00003   RUNNING     6.35714   IT3            │
│ run_2ca7a_00004   RUNNING     7.63605   IT3            │
│ run_2ca7a_00005   RUNNING     8.9949    IT3            │
│ run_2ca7a_00006   RUNNING    10.4337    IT3            │
│ run_2ca7a_00007   RUNNING    11.9524    IT3            │
│ run_2ca7a_00008   RUNNING    13.551     IT3            │
│ run_2ca7a_00009   RUNNING    15.2296    IT3            │
│ run_2ca7a_00010   RUNNING    16.9881    IT3            │
│ run_2ca7a_00011   RUNNING    18.8265    IT3            │
│ run_2ca7a_00012   RUNNING    20.7449    IT3            │
╰────────────────────────────────────────────────────────╯
Trial status: 13 RUNNING
Current time: 2024-07-02 19:10:38. Total running time: 8min 1s
Logical resource usage: 13.0/32 CPUs, 0/0 GPUs
╭────────────────────────────────────────────────────────╮
│ Trial name        status        osc_f   osc_pop_name   │
├────────────────────────────────────────────────────────┤
│ run_2ca7a_00000   RUNNING     3         IT3            │
│ run_2ca7a_00001   RUNNING     4.03912   IT3            │
│ run_2ca7a_00002   RUNNING     5.15816   IT3            │
│ run_2ca7a_00003   RUNNING     6.35714   IT3            │
│ run_2ca7a_00004   RUNNING     7.63605   IT3            │
│ run_2ca7a_00005   RUNNING     8.9949    IT3            │
│ run_2ca7a_00006   RUNNING    10.4337    IT3            │
│ run_2ca7a_00007   RUNNING    11.9524    IT3            │
│ run_2ca7a_00008   RUNNING    13.551     IT3            │
│ run_2ca7a_00009   RUNNING    15.2296    IT3            │
│ run_2ca7a_00010   RUNNING    16.9881    IT3            │
│ run_2ca7a_00011   RUNNING    18.8265    IT3            │
│ run_2ca7a_00012   RUNNING    20.7449    IT3            │
╰────────────────────────────────────────────────────────╯
Trial status: 13 RUNNING
Current time: 2024-07-02 19:11:08. Total running time: 8min 31s
Logical resource usage: 13.0/32 CPUs, 0/0 GPUs
╭────────────────────────────────────────────────────────╮
│ Trial name        status        osc_f   osc_pop_name   │
├────────────────────────────────────────────────────────┤
│ run_2ca7a_00000   RUNNING     3         IT3            │
│ run_2ca7a_00001   RUNNING     4.03912   IT3            │
│ run_2ca7a_00002   RUNNING     5.15816   IT3            │
│ run_2ca7a_00003   RUNNING     6.35714   IT3            │
│ run_2ca7a_00004   RUNNING     7.63605   IT3            │
│ run_2ca7a_00005   RUNNING     8.9949    IT3            │
│ run_2ca7a_00006   RUNNING    10.4337    IT3            │
│ run_2ca7a_00007   RUNNING    11.9524    IT3            │
│ run_2ca7a_00008   RUNNING    13.551     IT3            │
│ run_2ca7a_00009   RUNNING    15.2296    IT3            │
│ run_2ca7a_00010   RUNNING    16.9881    IT3            │
│ run_2ca7a_00011   RUNNING    18.8265    IT3            │
│ run_2ca7a_00012   RUNNING    20.7449    IT3            │
╰────────────────────────────────────────────────────────╯
Trial status: 13 RUNNING
Current time: 2024-07-02 19:11:38. Total running time: 9min 1s
Logical resource usage: 13.0/32 CPUs, 0/0 GPUs
╭────────────────────────────────────────────────────────╮
│ Trial name        status        osc_f   osc_pop_name   │
├────────────────────────────────────────────────────────┤
│ run_2ca7a_00000   RUNNING     3         IT3            │
│ run_2ca7a_00001   RUNNING     4.03912   IT3            │
│ run_2ca7a_00002   RUNNING     5.15816   IT3            │
│ run_2ca7a_00003   RUNNING     6.35714   IT3            │
│ run_2ca7a_00004   RUNNING     7.63605   IT3            │
│ run_2ca7a_00005   RUNNING     8.9949    IT3            │
│ run_2ca7a_00006   RUNNING    10.4337    IT3            │
│ run_2ca7a_00007   RUNNING    11.9524    IT3            │
│ run_2ca7a_00008   RUNNING    13.551     IT3            │
│ run_2ca7a_00009   RUNNING    15.2296    IT3            │
│ run_2ca7a_00010   RUNNING    16.9881    IT3            │
│ run_2ca7a_00011   RUNNING    18.8265    IT3            │
│ run_2ca7a_00012   RUNNING    20.7449    IT3            │
╰────────────────────────────────────────────────────────╯
Trial status: 13 RUNNING
Current time: 2024-07-02 19:12:08. Total running time: 9min 31s
Logical resource usage: 13.0/32 CPUs, 0/0 GPUs
╭────────────────────────────────────────────────────────╮
│ Trial name        status        osc_f   osc_pop_name   │
├────────────────────────────────────────────────────────┤
│ run_2ca7a_00000   RUNNING     3         IT3            │
│ run_2ca7a_00001   RUNNING     4.03912   IT3            │
│ run_2ca7a_00002   RUNNING     5.15816   IT3            │
│ run_2ca7a_00003   RUNNING     6.35714   IT3            │
│ run_2ca7a_00004   RUNNING     7.63605   IT3            │
│ run_2ca7a_00005   RUNNING     8.9949    IT3            │
│ run_2ca7a_00006   RUNNING    10.4337    IT3            │
│ run_2ca7a_00007   RUNNING    11.9524    IT3            │
│ run_2ca7a_00008   RUNNING    13.551     IT3            │
│ run_2ca7a_00009   RUNNING    15.2296    IT3            │
│ run_2ca7a_00010   RUNNING    16.9881    IT3            │
│ run_2ca7a_00011   RUNNING    18.8265    IT3            │
│ run_2ca7a_00012   RUNNING    20.7449    IT3            │
╰────────────────────────────────────────────────────────╯
Trial status: 13 RUNNING
Current time: 2024-07-02 19:12:38. Total running time: 10min 1s
Logical resource usage: 13.0/32 CPUs, 0/0 GPUs
╭────────────────────────────────────────────────────────╮
│ Trial name        status        osc_f   osc_pop_name   │
├────────────────────────────────────────────────────────┤
│ run_2ca7a_00000   RUNNING     3         IT3            │
│ run_2ca7a_00001   RUNNING     4.03912   IT3            │
│ run_2ca7a_00002   RUNNING     5.15816   IT3            │
│ run_2ca7a_00003   RUNNING     6.35714   IT3            │
│ run_2ca7a_00004   RUNNING     7.63605   IT3            │
│ run_2ca7a_00005   RUNNING     8.9949    IT3            │
│ run_2ca7a_00006   RUNNING    10.4337    IT3            │
│ run_2ca7a_00007   RUNNING    11.9524    IT3            │
│ run_2ca7a_00008   RUNNING    13.551     IT3            │
│ run_2ca7a_00009   RUNNING    15.2296    IT3            │
│ run_2ca7a_00010   RUNNING    16.9881    IT3            │
│ run_2ca7a_00011   RUNNING    18.8265    IT3            │
│ run_2ca7a_00012   RUNNING    20.7449    IT3            │
╰────────────────────────────────────────────────────────╯
Trial status: 13 RUNNING
Current time: 2024-07-02 19:13:08. Total running time: 10min 31s
Logical resource usage: 13.0/32 CPUs, 0/0 GPUs
╭────────────────────────────────────────────────────────╮
│ Trial name        status        osc_f   osc_pop_name   │
├────────────────────────────────────────────────────────┤
│ run_2ca7a_00000   RUNNING     3         IT3            │
│ run_2ca7a_00001   RUNNING     4.03912   IT3            │
│ run_2ca7a_00002   RUNNING     5.15816   IT3            │
│ run_2ca7a_00003   RUNNING     6.35714   IT3            │
│ run_2ca7a_00004   RUNNING     7.63605   IT3            │
│ run_2ca7a_00005   RUNNING     8.9949    IT3            │
│ run_2ca7a_00006   RUNNING    10.4337    IT3            │
│ run_2ca7a_00007   RUNNING    11.9524    IT3            │
│ run_2ca7a_00008   RUNNING    13.551     IT3            │
│ run_2ca7a_00009   RUNNING    15.2296    IT3            │
│ run_2ca7a_00010   RUNNING    16.9881    IT3            │
│ run_2ca7a_00011   RUNNING    18.8265    IT3            │
│ run_2ca7a_00012   RUNNING    20.7449    IT3            │
╰────────────────────────────────────────────────────────╯
Trial status: 13 RUNNING
Current time: 2024-07-02 19:13:38. Total running time: 11min 1s
Logical resource usage: 13.0/32 CPUs, 0/0 GPUs
╭────────────────────────────────────────────────────────╮
│ Trial name        status        osc_f   osc_pop_name   │
├────────────────────────────────────────────────────────┤
│ run_2ca7a_00000   RUNNING     3         IT3            │
│ run_2ca7a_00001   RUNNING     4.03912   IT3            │
│ run_2ca7a_00002   RUNNING     5.15816   IT3            │
│ run_2ca7a_00003   RUNNING     6.35714   IT3            │
│ run_2ca7a_00004   RUNNING     7.63605   IT3            │
│ run_2ca7a_00005   RUNNING     8.9949    IT3            │
│ run_2ca7a_00006   RUNNING    10.4337    IT3            │
│ run_2ca7a_00007   RUNNING    11.9524    IT3            │
│ run_2ca7a_00008   RUNNING    13.551     IT3            │
│ run_2ca7a_00009   RUNNING    15.2296    IT3            │
│ run_2ca7a_00010   RUNNING    16.9881    IT3            │
│ run_2ca7a_00011   RUNNING    18.8265    IT3            │
│ run_2ca7a_00012   RUNNING    20.7449    IT3            │
╰────────────────────────────────────────────────────────╯
Trial status: 13 RUNNING
Current time: 2024-07-02 19:14:08. Total running time: 11min 31s
Logical resource usage: 13.0/32 CPUs, 0/0 GPUs
╭────────────────────────────────────────────────────────╮
│ Trial name        status        osc_f   osc_pop_name   │
├────────────────────────────────────────────────────────┤
│ run_2ca7a_00000   RUNNING     3         IT3            │
│ run_2ca7a_00001   RUNNING     4.03912   IT3            │
│ run_2ca7a_00002   RUNNING     5.15816   IT3            │
│ run_2ca7a_00003   RUNNING     6.35714   IT3            │
│ run_2ca7a_00004   RUNNING     7.63605   IT3            │
│ run_2ca7a_00005   RUNNING     8.9949    IT3            │
│ run_2ca7a_00006   RUNNING    10.4337    IT3            │
│ run_2ca7a_00007   RUNNING    11.9524    IT3            │
│ run_2ca7a_00008   RUNNING    13.551     IT3            │
│ run_2ca7a_00009   RUNNING    15.2296    IT3            │
│ run_2ca7a_00010   RUNNING    16.9881    IT3            │
│ run_2ca7a_00011   RUNNING    18.8265    IT3            │
│ run_2ca7a_00012   RUNNING    20.7449    IT3            │
╰────────────────────────────────────────────────────────╯
Trial status: 13 RUNNING
Current time: 2024-07-02 19:14:38. Total running time: 12min 1s
Logical resource usage: 13.0/32 CPUs, 0/0 GPUs
╭────────────────────────────────────────────────────────╮
│ Trial name        status        osc_f   osc_pop_name   │
├────────────────────────────────────────────────────────┤
│ run_2ca7a_00000   RUNNING     3         IT3            │
│ run_2ca7a_00001   RUNNING     4.03912   IT3            │
│ run_2ca7a_00002   RUNNING     5.15816   IT3            │
│ run_2ca7a_00003   RUNNING     6.35714   IT3            │
│ run_2ca7a_00004   RUNNING     7.63605   IT3            │
│ run_2ca7a_00005   RUNNING     8.9949    IT3            │
│ run_2ca7a_00006   RUNNING    10.4337    IT3            │
│ run_2ca7a_00007   RUNNING    11.9524    IT3            │
│ run_2ca7a_00008   RUNNING    13.551     IT3            │
│ run_2ca7a_00009   RUNNING    15.2296    IT3            │
│ run_2ca7a_00010   RUNNING    16.9881    IT3            │
│ run_2ca7a_00011   RUNNING    18.8265    IT3            │
│ run_2ca7a_00012   RUNNING    20.7449    IT3            │
╰────────────────────────────────────────────────────────╯
Trial status: 13 RUNNING
Current time: 2024-07-02 19:15:08. Total running time: 12min 31s
Logical resource usage: 13.0/32 CPUs, 0/0 GPUs
╭────────────────────────────────────────────────────────╮
│ Trial name        status        osc_f   osc_pop_name   │
├────────────────────────────────────────────────────────┤
│ run_2ca7a_00000   RUNNING     3         IT3            │
│ run_2ca7a_00001   RUNNING     4.03912   IT3            │
│ run_2ca7a_00002   RUNNING     5.15816   IT3            │
│ run_2ca7a_00003   RUNNING     6.35714   IT3            │
│ run_2ca7a_00004   RUNNING     7.63605   IT3            │
│ run_2ca7a_00005   RUNNING     8.9949    IT3            │
│ run_2ca7a_00006   RUNNING    10.4337    IT3            │
│ run_2ca7a_00007   RUNNING    11.9524    IT3            │
│ run_2ca7a_00008   RUNNING    13.551     IT3            │
│ run_2ca7a_00009   RUNNING    15.2296    IT3            │
│ run_2ca7a_00010   RUNNING    16.9881    IT3            │
│ run_2ca7a_00011   RUNNING    18.8265    IT3            │
│ run_2ca7a_00012   RUNNING    20.7449    IT3            │
╰────────────────────────────────────────────────────────╯
Trial status: 13 RUNNING
Current time: 2024-07-02 19:15:38. Total running time: 13min 1s
Logical resource usage: 13.0/32 CPUs, 0/0 GPUs
╭────────────────────────────────────────────────────────╮
│ Trial name        status        osc_f   osc_pop_name   │
├────────────────────────────────────────────────────────┤
│ run_2ca7a_00000   RUNNING     3         IT3            │
│ run_2ca7a_00001   RUNNING     4.03912   IT3            │
│ run_2ca7a_00002   RUNNING     5.15816   IT3            │
│ run_2ca7a_00003   RUNNING     6.35714   IT3            │
│ run_2ca7a_00004   RUNNING     7.63605   IT3            │
│ run_2ca7a_00005   RUNNING     8.9949    IT3            │
│ run_2ca7a_00006   RUNNING    10.4337    IT3            │
│ run_2ca7a_00007   RUNNING    11.9524    IT3            │
│ run_2ca7a_00008   RUNNING    13.551     IT3            │
│ run_2ca7a_00009   RUNNING    15.2296    IT3            │
│ run_2ca7a_00010   RUNNING    16.9881    IT3            │
│ run_2ca7a_00011   RUNNING    18.8265    IT3            │
│ run_2ca7a_00012   RUNNING    20.7449    IT3            │
╰────────────────────────────────────────────────────────╯
Trial status: 13 RUNNING
Current time: 2024-07-02 19:16:09. Total running time: 13min 31s
Logical resource usage: 13.0/32 CPUs, 0/0 GPUs
╭────────────────────────────────────────────────────────╮
│ Trial name        status        osc_f   osc_pop_name   │
├────────────────────────────────────────────────────────┤
│ run_2ca7a_00000   RUNNING     3         IT3            │
│ run_2ca7a_00001   RUNNING     4.03912   IT3            │
│ run_2ca7a_00002   RUNNING     5.15816   IT3            │
│ run_2ca7a_00003   RUNNING     6.35714   IT3            │
│ run_2ca7a_00004   RUNNING     7.63605   IT3            │
│ run_2ca7a_00005   RUNNING     8.9949    IT3            │
│ run_2ca7a_00006   RUNNING    10.4337    IT3            │
│ run_2ca7a_00007   RUNNING    11.9524    IT3            │
│ run_2ca7a_00008   RUNNING    13.551     IT3            │
│ run_2ca7a_00009   RUNNING    15.2296    IT3            │
│ run_2ca7a_00010   RUNNING    16.9881    IT3            │
│ run_2ca7a_00011   RUNNING    18.8265    IT3            │
│ run_2ca7a_00012   RUNNING    20.7449    IT3            │
╰────────────────────────────────────────────────────────╯
Trial status: 13 RUNNING
Current time: 2024-07-02 19:16:39. Total running time: 14min 1s
Logical resource usage: 13.0/32 CPUs, 0/0 GPUs
╭────────────────────────────────────────────────────────╮
│ Trial name        status        osc_f   osc_pop_name   │
├────────────────────────────────────────────────────────┤
│ run_2ca7a_00000   RUNNING     3         IT3            │
│ run_2ca7a_00001   RUNNING     4.03912   IT3            │
│ run_2ca7a_00002   RUNNING     5.15816   IT3            │
│ run_2ca7a_00003   RUNNING     6.35714   IT3            │
│ run_2ca7a_00004   RUNNING     7.63605   IT3            │
│ run_2ca7a_00005   RUNNING     8.9949    IT3            │
│ run_2ca7a_00006   RUNNING    10.4337    IT3            │
│ run_2ca7a_00007   RUNNING    11.9524    IT3            │
│ run_2ca7a_00008   RUNNING    13.551     IT3            │
│ run_2ca7a_00009   RUNNING    15.2296    IT3            │
│ run_2ca7a_00010   RUNNING    16.9881    IT3            │
│ run_2ca7a_00011   RUNNING    18.8265    IT3            │
│ run_2ca7a_00012   RUNNING    20.7449    IT3            │
╰────────────────────────────────────────────────────────╯
Trial status: 13 RUNNING
Current time: 2024-07-02 19:17:09. Total running time: 14min 31s
Logical resource usage: 13.0/32 CPUs, 0/0 GPUs
╭────────────────────────────────────────────────────────╮
│ Trial name        status        osc_f   osc_pop_name   │
├────────────────────────────────────────────────────────┤
│ run_2ca7a_00000   RUNNING     3         IT3            │
│ run_2ca7a_00001   RUNNING     4.03912   IT3            │
│ run_2ca7a_00002   RUNNING     5.15816   IT3            │
│ run_2ca7a_00003   RUNNING     6.35714   IT3            │
│ run_2ca7a_00004   RUNNING     7.63605   IT3            │
│ run_2ca7a_00005   RUNNING     8.9949    IT3            │
│ run_2ca7a_00006   RUNNING    10.4337    IT3            │
│ run_2ca7a_00007   RUNNING    11.9524    IT3            │
│ run_2ca7a_00008   RUNNING    13.551     IT3            │
│ run_2ca7a_00009   RUNNING    15.2296    IT3            │
│ run_2ca7a_00010   RUNNING    16.9881    IT3            │
│ run_2ca7a_00011   RUNNING    18.8265    IT3            │
│ run_2ca7a_00012   RUNNING    20.7449    IT3            │
╰────────────────────────────────────────────────────────╯
Trial status: 13 RUNNING
Current time: 2024-07-02 19:17:39. Total running time: 15min 1s
Logical resource usage: 13.0/32 CPUs, 0/0 GPUs
╭────────────────────────────────────────────────────────╮
│ Trial name        status        osc_f   osc_pop_name   │
├────────────────────────────────────────────────────────┤
│ run_2ca7a_00000   RUNNING     3         IT3            │
│ run_2ca7a_00001   RUNNING     4.03912   IT3            │
│ run_2ca7a_00002   RUNNING     5.15816   IT3            │
│ run_2ca7a_00003   RUNNING     6.35714   IT3            │
│ run_2ca7a_00004   RUNNING     7.63605   IT3            │
│ run_2ca7a_00005   RUNNING     8.9949    IT3            │
│ run_2ca7a_00006   RUNNING    10.4337    IT3            │
│ run_2ca7a_00007   RUNNING    11.9524    IT3            │
│ run_2ca7a_00008   RUNNING    13.551     IT3            │
│ run_2ca7a_00009   RUNNING    15.2296    IT3            │
│ run_2ca7a_00010   RUNNING    16.9881    IT3            │
│ run_2ca7a_00011   RUNNING    18.8265    IT3            │
│ run_2ca7a_00012   RUNNING    20.7449    IT3            │
╰────────────────────────────────────────────────────────╯
Trial status: 13 RUNNING
Current time: 2024-07-02 19:18:09. Total running time: 15min 31s
Logical resource usage: 13.0/32 CPUs, 0/0 GPUs
╭────────────────────────────────────────────────────────╮
│ Trial name        status        osc_f   osc_pop_name   │
├────────────────────────────────────────────────────────┤
│ run_2ca7a_00000   RUNNING     3         IT3            │
│ run_2ca7a_00001   RUNNING     4.03912   IT3            │
│ run_2ca7a_00002   RUNNING     5.15816   IT3            │
│ run_2ca7a_00003   RUNNING     6.35714   IT3            │
│ run_2ca7a_00004   RUNNING     7.63605   IT3            │
│ run_2ca7a_00005   RUNNING     8.9949    IT3            │
│ run_2ca7a_00006   RUNNING    10.4337    IT3            │
│ run_2ca7a_00007   RUNNING    11.9524    IT3            │
│ run_2ca7a_00008   RUNNING    13.551     IT3            │
│ run_2ca7a_00009   RUNNING    15.2296    IT3            │
│ run_2ca7a_00010   RUNNING    16.9881    IT3            │
│ run_2ca7a_00011   RUNNING    18.8265    IT3            │
│ run_2ca7a_00012   RUNNING    20.7449    IT3            │
╰────────────────────────────────────────────────────────╯
Trial status: 13 RUNNING
Current time: 2024-07-02 19:18:39. Total running time: 16min 1s
Logical resource usage: 13.0/32 CPUs, 0/0 GPUs
╭────────────────────────────────────────────────────────╮
│ Trial name        status        osc_f   osc_pop_name   │
├────────────────────────────────────────────────────────┤
│ run_2ca7a_00000   RUNNING     3         IT3            │
│ run_2ca7a_00001   RUNNING     4.03912   IT3            │
│ run_2ca7a_00002   RUNNING     5.15816   IT3            │
│ run_2ca7a_00003   RUNNING     6.35714   IT3            │
│ run_2ca7a_00004   RUNNING     7.63605   IT3            │
│ run_2ca7a_00005   RUNNING     8.9949    IT3            │
│ run_2ca7a_00006   RUNNING    10.4337    IT3            │
│ run_2ca7a_00007   RUNNING    11.9524    IT3            │
│ run_2ca7a_00008   RUNNING    13.551     IT3            │
│ run_2ca7a_00009   RUNNING    15.2296    IT3            │
│ run_2ca7a_00010   RUNNING    16.9881    IT3            │
│ run_2ca7a_00011   RUNNING    18.8265    IT3            │
│ run_2ca7a_00012   RUNNING    20.7449    IT3            │
╰────────────────────────────────────────────────────────╯
Trial status: 13 RUNNING
Current time: 2024-07-02 19:19:09. Total running time: 16min 31s
Logical resource usage: 13.0/32 CPUs, 0/0 GPUs
╭────────────────────────────────────────────────────────╮
│ Trial name        status        osc_f   osc_pop_name   │
├────────────────────────────────────────────────────────┤
│ run_2ca7a_00000   RUNNING     3         IT3            │
│ run_2ca7a_00001   RUNNING     4.03912   IT3            │
│ run_2ca7a_00002   RUNNING     5.15816   IT3            │
│ run_2ca7a_00003   RUNNING     6.35714   IT3            │
│ run_2ca7a_00004   RUNNING     7.63605   IT3            │
│ run_2ca7a_00005   RUNNING     8.9949    IT3            │
│ run_2ca7a_00006   RUNNING    10.4337    IT3            │
│ run_2ca7a_00007   RUNNING    11.9524    IT3            │
│ run_2ca7a_00008   RUNNING    13.551     IT3            │
│ run_2ca7a_00009   RUNNING    15.2296    IT3            │
│ run_2ca7a_00010   RUNNING    16.9881    IT3            │
│ run_2ca7a_00011   RUNNING    18.8265    IT3            │
│ run_2ca7a_00012   RUNNING    20.7449    IT3            │
╰────────────────────────────────────────────────────────╯
Trial status: 13 RUNNING
Current time: 2024-07-02 19:19:39. Total running time: 17min 2s
Logical resource usage: 13.0/32 CPUs, 0/0 GPUs
╭────────────────────────────────────────────────────────╮
│ Trial name        status        osc_f   osc_pop_name   │
├────────────────────────────────────────────────────────┤
│ run_2ca7a_00000   RUNNING     3         IT3            │
│ run_2ca7a_00001   RUNNING     4.03912   IT3            │
│ run_2ca7a_00002   RUNNING     5.15816   IT3            │
│ run_2ca7a_00003   RUNNING     6.35714   IT3            │
│ run_2ca7a_00004   RUNNING     7.63605   IT3            │
│ run_2ca7a_00005   RUNNING     8.9949    IT3            │
│ run_2ca7a_00006   RUNNING    10.4337    IT3            │
│ run_2ca7a_00007   RUNNING    11.9524    IT3            │
│ run_2ca7a_00008   RUNNING    13.551     IT3            │
│ run_2ca7a_00009   RUNNING    15.2296    IT3            │
│ run_2ca7a_00010   RUNNING    16.9881    IT3            │
│ run_2ca7a_00011   RUNNING    18.8265    IT3            │
│ run_2ca7a_00012   RUNNING    20.7449    IT3            │
╰────────────────────────────────────────────────────────╯
Trial status: 13 RUNNING
Current time: 2024-07-02 19:20:09. Total running time: 17min 32s
Logical resource usage: 13.0/32 CPUs, 0/0 GPUs
╭────────────────────────────────────────────────────────╮
│ Trial name        status        osc_f   osc_pop_name   │
├────────────────────────────────────────────────────────┤
│ run_2ca7a_00000   RUNNING     3         IT3            │
│ run_2ca7a_00001   RUNNING     4.03912   IT3            │
│ run_2ca7a_00002   RUNNING     5.15816   IT3            │
│ run_2ca7a_00003   RUNNING     6.35714   IT3            │
│ run_2ca7a_00004   RUNNING     7.63605   IT3            │
│ run_2ca7a_00005   RUNNING     8.9949    IT3            │
│ run_2ca7a_00006   RUNNING    10.4337    IT3            │
│ run_2ca7a_00007   RUNNING    11.9524    IT3            │
│ run_2ca7a_00008   RUNNING    13.551     IT3            │
│ run_2ca7a_00009   RUNNING    15.2296    IT3            │
│ run_2ca7a_00010   RUNNING    16.9881    IT3            │
│ run_2ca7a_00011   RUNNING    18.8265    IT3            │
│ run_2ca7a_00012   RUNNING    20.7449    IT3            │
╰────────────────────────────────────────────────────────╯
Trial status: 13 RUNNING
Current time: 2024-07-02 19:20:39. Total running time: 18min 2s
Logical resource usage: 13.0/32 CPUs, 0/0 GPUs
╭────────────────────────────────────────────────────────╮
│ Trial name        status        osc_f   osc_pop_name   │
├────────────────────────────────────────────────────────┤
│ run_2ca7a_00000   RUNNING     3         IT3            │
│ run_2ca7a_00001   RUNNING     4.03912   IT3            │
│ run_2ca7a_00002   RUNNING     5.15816   IT3            │
│ run_2ca7a_00003   RUNNING     6.35714   IT3            │
│ run_2ca7a_00004   RUNNING     7.63605   IT3            │
│ run_2ca7a_00005   RUNNING     8.9949    IT3            │
│ run_2ca7a_00006   RUNNING    10.4337    IT3            │
│ run_2ca7a_00007   RUNNING    11.9524    IT3            │
│ run_2ca7a_00008   RUNNING    13.551     IT3            │
│ run_2ca7a_00009   RUNNING    15.2296    IT3            │
│ run_2ca7a_00010   RUNNING    16.9881    IT3            │
│ run_2ca7a_00011   RUNNING    18.8265    IT3            │
│ run_2ca7a_00012   RUNNING    20.7449    IT3            │
╰────────────────────────────────────────────────────────╯
Trial status: 13 RUNNING
Current time: 2024-07-02 19:21:09. Total running time: 18min 32s
Logical resource usage: 13.0/32 CPUs, 0/0 GPUs
╭────────────────────────────────────────────────────────╮
│ Trial name        status        osc_f   osc_pop_name   │
├────────────────────────────────────────────────────────┤
│ run_2ca7a_00000   RUNNING     3         IT3            │
│ run_2ca7a_00001   RUNNING     4.03912   IT3            │
│ run_2ca7a_00002   RUNNING     5.15816   IT3            │
│ run_2ca7a_00003   RUNNING     6.35714   IT3            │
│ run_2ca7a_00004   RUNNING     7.63605   IT3            │
│ run_2ca7a_00005   RUNNING     8.9949    IT3            │
│ run_2ca7a_00006   RUNNING    10.4337    IT3            │
│ run_2ca7a_00007   RUNNING    11.9524    IT3            │
│ run_2ca7a_00008   RUNNING    13.551     IT3            │
│ run_2ca7a_00009   RUNNING    15.2296    IT3            │
│ run_2ca7a_00010   RUNNING    16.9881    IT3            │
│ run_2ca7a_00011   RUNNING    18.8265    IT3            │
│ run_2ca7a_00012   RUNNING    20.7449    IT3            │
╰────────────────────────────────────────────────────────╯
Trial status: 13 RUNNING
Current time: 2024-07-02 19:21:39. Total running time: 19min 2s
Logical resource usage: 13.0/32 CPUs, 0/0 GPUs
╭────────────────────────────────────────────────────────╮
│ Trial name        status        osc_f   osc_pop_name   │
├────────────────────────────────────────────────────────┤
│ run_2ca7a_00000   RUNNING     3         IT3            │
│ run_2ca7a_00001   RUNNING     4.03912   IT3            │
│ run_2ca7a_00002   RUNNING     5.15816   IT3            │
│ run_2ca7a_00003   RUNNING     6.35714   IT3            │
│ run_2ca7a_00004   RUNNING     7.63605   IT3            │
│ run_2ca7a_00005   RUNNING     8.9949    IT3            │
│ run_2ca7a_00006   RUNNING    10.4337    IT3            │
│ run_2ca7a_00007   RUNNING    11.9524    IT3            │
│ run_2ca7a_00008   RUNNING    13.551     IT3            │
│ run_2ca7a_00009   RUNNING    15.2296    IT3            │
│ run_2ca7a_00010   RUNNING    16.9881    IT3            │
│ run_2ca7a_00011   RUNNING    18.8265    IT3            │
│ run_2ca7a_00012   RUNNING    20.7449    IT3            │
╰────────────────────────────────────────────────────────╯
Trial status: 13 RUNNING
Current time: 2024-07-02 19:22:09. Total running time: 19min 32s
Logical resource usage: 13.0/32 CPUs, 0/0 GPUs
╭────────────────────────────────────────────────────────╮
│ Trial name        status        osc_f   osc_pop_name   │
├────────────────────────────────────────────────────────┤
│ run_2ca7a_00000   RUNNING     3         IT3            │
│ run_2ca7a_00001   RUNNING     4.03912   IT3            │
│ run_2ca7a_00002   RUNNING     5.15816   IT3            │
│ run_2ca7a_00003   RUNNING     6.35714   IT3            │
│ run_2ca7a_00004   RUNNING     7.63605   IT3            │
│ run_2ca7a_00005   RUNNING     8.9949    IT3            │
│ run_2ca7a_00006   RUNNING    10.4337    IT3            │
│ run_2ca7a_00007   RUNNING    11.9524    IT3            │
│ run_2ca7a_00008   RUNNING    13.551     IT3            │
│ run_2ca7a_00009   RUNNING    15.2296    IT3            │
│ run_2ca7a_00010   RUNNING    16.9881    IT3            │
│ run_2ca7a_00011   RUNNING    18.8265    IT3            │
│ run_2ca7a_00012   RUNNING    20.7449    IT3            │
╰────────────────────────────────────────────────────────╯
Trial status: 13 RUNNING
Current time: 2024-07-02 19:22:39. Total running time: 20min 2s
Logical resource usage: 13.0/32 CPUs, 0/0 GPUs
╭────────────────────────────────────────────────────────╮
│ Trial name        status        osc_f   osc_pop_name   │
├────────────────────────────────────────────────────────┤
│ run_2ca7a_00000   RUNNING     3         IT3            │
│ run_2ca7a_00001   RUNNING     4.03912   IT3            │
│ run_2ca7a_00002   RUNNING     5.15816   IT3            │
│ run_2ca7a_00003   RUNNING     6.35714   IT3            │
│ run_2ca7a_00004   RUNNING     7.63605   IT3            │
│ run_2ca7a_00005   RUNNING     8.9949    IT3            │
│ run_2ca7a_00006   RUNNING    10.4337    IT3            │
│ run_2ca7a_00007   RUNNING    11.9524    IT3            │
│ run_2ca7a_00008   RUNNING    13.551     IT3            │
│ run_2ca7a_00009   RUNNING    15.2296    IT3            │
│ run_2ca7a_00010   RUNNING    16.9881    IT3            │
│ run_2ca7a_00011   RUNNING    18.8265    IT3            │
│ run_2ca7a_00012   RUNNING    20.7449    IT3            │
╰────────────────────────────────────────────────────────╯
Trial status: 13 RUNNING
Current time: 2024-07-02 19:23:09. Total running time: 20min 32s
Logical resource usage: 13.0/32 CPUs, 0/0 GPUs
╭────────────────────────────────────────────────────────╮
│ Trial name        status        osc_f   osc_pop_name   │
├────────────────────────────────────────────────────────┤
│ run_2ca7a_00000   RUNNING     3         IT3            │
│ run_2ca7a_00001   RUNNING     4.03912   IT3            │
│ run_2ca7a_00002   RUNNING     5.15816   IT3            │
│ run_2ca7a_00003   RUNNING     6.35714   IT3            │
│ run_2ca7a_00004   RUNNING     7.63605   IT3            │
│ run_2ca7a_00005   RUNNING     8.9949    IT3            │
│ run_2ca7a_00006   RUNNING    10.4337    IT3            │
│ run_2ca7a_00007   RUNNING    11.9524    IT3            │
│ run_2ca7a_00008   RUNNING    13.551     IT3            │
│ run_2ca7a_00009   RUNNING    15.2296    IT3            │
│ run_2ca7a_00010   RUNNING    16.9881    IT3            │
│ run_2ca7a_00011   RUNNING    18.8265    IT3            │
│ run_2ca7a_00012   RUNNING    20.7449    IT3            │
╰────────────────────────────────────────────────────────╯
Trial status: 13 RUNNING
Current time: 2024-07-02 19:23:39. Total running time: 21min 2s
Logical resource usage: 13.0/32 CPUs, 0/0 GPUs
╭────────────────────────────────────────────────────────╮
│ Trial name        status        osc_f   osc_pop_name   │
├────────────────────────────────────────────────────────┤
│ run_2ca7a_00000   RUNNING     3         IT3            │
│ run_2ca7a_00001   RUNNING     4.03912   IT3            │
│ run_2ca7a_00002   RUNNING     5.15816   IT3            │
│ run_2ca7a_00003   RUNNING     6.35714   IT3            │
│ run_2ca7a_00004   RUNNING     7.63605   IT3            │
│ run_2ca7a_00005   RUNNING     8.9949    IT3            │
│ run_2ca7a_00006   RUNNING    10.4337    IT3            │
│ run_2ca7a_00007   RUNNING    11.9524    IT3            │
│ run_2ca7a_00008   RUNNING    13.551     IT3            │
│ run_2ca7a_00009   RUNNING    15.2296    IT3            │
│ run_2ca7a_00010   RUNNING    16.9881    IT3            │
│ run_2ca7a_00011   RUNNING    18.8265    IT3            │
│ run_2ca7a_00012   RUNNING    20.7449    IT3            │
╰────────────────────────────────────────────────────────╯
Trial status: 13 RUNNING
Current time: 2024-07-02 19:24:09. Total running time: 21min 32s
Logical resource usage: 13.0/32 CPUs, 0/0 GPUs
╭────────────────────────────────────────────────────────╮
│ Trial name        status        osc_f   osc_pop_name   │
├────────────────────────────────────────────────────────┤
│ run_2ca7a_00000   RUNNING     3         IT3            │
│ run_2ca7a_00001   RUNNING     4.03912   IT3            │
│ run_2ca7a_00002   RUNNING     5.15816   IT3            │
│ run_2ca7a_00003   RUNNING     6.35714   IT3            │
│ run_2ca7a_00004   RUNNING     7.63605   IT3            │
│ run_2ca7a_00005   RUNNING     8.9949    IT3            │
│ run_2ca7a_00006   RUNNING    10.4337    IT3            │
│ run_2ca7a_00007   RUNNING    11.9524    IT3            │
│ run_2ca7a_00008   RUNNING    13.551     IT3            │
│ run_2ca7a_00009   RUNNING    15.2296    IT3            │
│ run_2ca7a_00010   RUNNING    16.9881    IT3            │
│ run_2ca7a_00011   RUNNING    18.8265    IT3            │
│ run_2ca7a_00012   RUNNING    20.7449    IT3            │
╰────────────────────────────────────────────────────────╯
Trial status: 13 RUNNING
Current time: 2024-07-02 19:24:39. Total running time: 22min 2s
Logical resource usage: 13.0/32 CPUs, 0/0 GPUs
╭────────────────────────────────────────────────────────╮
│ Trial name        status        osc_f   osc_pop_name   │
├────────────────────────────────────────────────────────┤
│ run_2ca7a_00000   RUNNING     3         IT3            │
│ run_2ca7a_00001   RUNNING     4.03912   IT3            │
│ run_2ca7a_00002   RUNNING     5.15816   IT3            │
│ run_2ca7a_00003   RUNNING     6.35714   IT3            │
│ run_2ca7a_00004   RUNNING     7.63605   IT3            │
│ run_2ca7a_00005   RUNNING     8.9949    IT3            │
│ run_2ca7a_00006   RUNNING    10.4337    IT3            │
│ run_2ca7a_00007   RUNNING    11.9524    IT3            │
│ run_2ca7a_00008   RUNNING    13.551     IT3            │
│ run_2ca7a_00009   RUNNING    15.2296    IT3            │
│ run_2ca7a_00010   RUNNING    16.9881    IT3            │
│ run_2ca7a_00011   RUNNING    18.8265    IT3            │
│ run_2ca7a_00012   RUNNING    20.7449    IT3            │
╰────────────────────────────────────────────────────────╯
Trial status: 13 RUNNING
Current time: 2024-07-02 19:25:09. Total running time: 22min 32s
Logical resource usage: 13.0/32 CPUs, 0/0 GPUs
╭────────────────────────────────────────────────────────╮
│ Trial name        status        osc_f   osc_pop_name   │
├────────────────────────────────────────────────────────┤
│ run_2ca7a_00000   RUNNING     3         IT3            │
│ run_2ca7a_00001   RUNNING     4.03912   IT3            │
│ run_2ca7a_00002   RUNNING     5.15816   IT3            │
│ run_2ca7a_00003   RUNNING     6.35714   IT3            │
│ run_2ca7a_00004   RUNNING     7.63605   IT3            │
│ run_2ca7a_00005   RUNNING     8.9949    IT3            │
│ run_2ca7a_00006   RUNNING    10.4337    IT3            │
│ run_2ca7a_00007   RUNNING    11.9524    IT3            │
│ run_2ca7a_00008   RUNNING    13.551     IT3            │
│ run_2ca7a_00009   RUNNING    15.2296    IT3            │
│ run_2ca7a_00010   RUNNING    16.9881    IT3            │
│ run_2ca7a_00011   RUNNING    18.8265    IT3            │
│ run_2ca7a_00012   RUNNING    20.7449    IT3            │
╰────────────────────────────────────────────────────────╯
Trial status: 13 RUNNING
Current time: 2024-07-02 19:25:39. Total running time: 23min 2s
Logical resource usage: 13.0/32 CPUs, 0/0 GPUs
╭────────────────────────────────────────────────────────╮
│ Trial name        status        osc_f   osc_pop_name   │
├────────────────────────────────────────────────────────┤
│ run_2ca7a_00000   RUNNING     3         IT3            │
│ run_2ca7a_00001   RUNNING     4.03912   IT3            │
│ run_2ca7a_00002   RUNNING     5.15816   IT3            │
│ run_2ca7a_00003   RUNNING     6.35714   IT3            │
│ run_2ca7a_00004   RUNNING     7.63605   IT3            │
│ run_2ca7a_00005   RUNNING     8.9949    IT3            │
│ run_2ca7a_00006   RUNNING    10.4337    IT3            │
│ run_2ca7a_00007   RUNNING    11.9524    IT3            │
│ run_2ca7a_00008   RUNNING    13.551     IT3            │
│ run_2ca7a_00009   RUNNING    15.2296    IT3            │
│ run_2ca7a_00010   RUNNING    16.9881    IT3            │
│ run_2ca7a_00011   RUNNING    18.8265    IT3            │
│ run_2ca7a_00012   RUNNING    20.7449    IT3            │
╰────────────────────────────────────────────────────────╯
Trial status: 13 RUNNING
Current time: 2024-07-02 19:26:09. Total running time: 23min 32s
Logical resource usage: 13.0/32 CPUs, 0/0 GPUs
╭────────────────────────────────────────────────────────╮
│ Trial name        status        osc_f   osc_pop_name   │
├────────────────────────────────────────────────────────┤
│ run_2ca7a_00000   RUNNING     3         IT3            │
│ run_2ca7a_00001   RUNNING     4.03912   IT3            │
│ run_2ca7a_00002   RUNNING     5.15816   IT3            │
│ run_2ca7a_00003   RUNNING     6.35714   IT3            │
│ run_2ca7a_00004   RUNNING     7.63605   IT3            │
│ run_2ca7a_00005   RUNNING     8.9949    IT3            │
│ run_2ca7a_00006   RUNNING    10.4337    IT3            │
│ run_2ca7a_00007   RUNNING    11.9524    IT3            │
│ run_2ca7a_00008   RUNNING    13.551     IT3            │
│ run_2ca7a_00009   RUNNING    15.2296    IT3            │
│ run_2ca7a_00010   RUNNING    16.9881    IT3            │
│ run_2ca7a_00011   RUNNING    18.8265    IT3            │
│ run_2ca7a_00012   RUNNING    20.7449    IT3            │
╰────────────────────────────────────────────────────────╯
Trial status: 13 RUNNING
Current time: 2024-07-02 19:26:39. Total running time: 24min 2s
Logical resource usage: 13.0/32 CPUs, 0/0 GPUs
╭────────────────────────────────────────────────────────╮
│ Trial name        status        osc_f   osc_pop_name   │
├────────────────────────────────────────────────────────┤
│ run_2ca7a_00000   RUNNING     3         IT3            │
│ run_2ca7a_00001   RUNNING     4.03912   IT3            │
│ run_2ca7a_00002   RUNNING     5.15816   IT3            │
│ run_2ca7a_00003   RUNNING     6.35714   IT3            │
│ run_2ca7a_00004   RUNNING     7.63605   IT3            │
│ run_2ca7a_00005   RUNNING     8.9949    IT3            │
│ run_2ca7a_00006   RUNNING    10.4337    IT3            │
│ run_2ca7a_00007   RUNNING    11.9524    IT3            │
│ run_2ca7a_00008   RUNNING    13.551     IT3            │
│ run_2ca7a_00009   RUNNING    15.2296    IT3            │
│ run_2ca7a_00010   RUNNING    16.9881    IT3            │
│ run_2ca7a_00011   RUNNING    18.8265    IT3            │
│ run_2ca7a_00012   RUNNING    20.7449    IT3            │
╰────────────────────────────────────────────────────────╯
Trial status: 13 RUNNING
Current time: 2024-07-02 19:27:09. Total running time: 24min 32s
Logical resource usage: 13.0/32 CPUs, 0/0 GPUs
╭────────────────────────────────────────────────────────╮
│ Trial name        status        osc_f   osc_pop_name   │
├────────────────────────────────────────────────────────┤
│ run_2ca7a_00000   RUNNING     3         IT3            │
│ run_2ca7a_00001   RUNNING     4.03912   IT3            │
│ run_2ca7a_00002   RUNNING     5.15816   IT3            │
│ run_2ca7a_00003   RUNNING     6.35714   IT3            │
│ run_2ca7a_00004   RUNNING     7.63605   IT3            │
│ run_2ca7a_00005   RUNNING     8.9949    IT3            │
│ run_2ca7a_00006   RUNNING    10.4337    IT3            │
│ run_2ca7a_00007   RUNNING    11.9524    IT3            │
│ run_2ca7a_00008   RUNNING    13.551     IT3            │
│ run_2ca7a_00009   RUNNING    15.2296    IT3            │
│ run_2ca7a_00010   RUNNING    16.9881    IT3            │
│ run_2ca7a_00011   RUNNING    18.8265    IT3            │
│ run_2ca7a_00012   RUNNING    20.7449    IT3            │
╰────────────────────────────────────────────────────────╯
Trial status: 13 RUNNING
Current time: 2024-07-02 19:27:39. Total running time: 25min 2s
Logical resource usage: 13.0/32 CPUs, 0/0 GPUs
╭────────────────────────────────────────────────────────╮
│ Trial name        status        osc_f   osc_pop_name   │
├────────────────────────────────────────────────────────┤
│ run_2ca7a_00000   RUNNING     3         IT3            │
│ run_2ca7a_00001   RUNNING     4.03912   IT3            │
│ run_2ca7a_00002   RUNNING     5.15816   IT3            │
│ run_2ca7a_00003   RUNNING     6.35714   IT3            │
│ run_2ca7a_00004   RUNNING     7.63605   IT3            │
│ run_2ca7a_00005   RUNNING     8.9949    IT3            │
│ run_2ca7a_00006   RUNNING    10.4337    IT3            │
│ run_2ca7a_00007   RUNNING    11.9524    IT3            │
│ run_2ca7a_00008   RUNNING    13.551     IT3            │
│ run_2ca7a_00009   RUNNING    15.2296    IT3            │
│ run_2ca7a_00010   RUNNING    16.9881    IT3            │
│ run_2ca7a_00011   RUNNING    18.8265    IT3            │
│ run_2ca7a_00012   RUNNING    20.7449    IT3            │
╰────────────────────────────────────────────────────────╯
Trial status: 13 RUNNING
Current time: 2024-07-02 19:28:09. Total running time: 25min 32s
Logical resource usage: 13.0/32 CPUs, 0/0 GPUs
╭────────────────────────────────────────────────────────╮
│ Trial name        status        osc_f   osc_pop_name   │
├────────────────────────────────────────────────────────┤
│ run_2ca7a_00000   RUNNING     3         IT3            │
│ run_2ca7a_00001   RUNNING     4.03912   IT3            │
│ run_2ca7a_00002   RUNNING     5.15816   IT3            │
│ run_2ca7a_00003   RUNNING     6.35714   IT3            │
│ run_2ca7a_00004   RUNNING     7.63605   IT3            │
│ run_2ca7a_00005   RUNNING     8.9949    IT3            │
│ run_2ca7a_00006   RUNNING    10.4337    IT3            │
│ run_2ca7a_00007   RUNNING    11.9524    IT3            │
│ run_2ca7a_00008   RUNNING    13.551     IT3            │
│ run_2ca7a_00009   RUNNING    15.2296    IT3            │
│ run_2ca7a_00010   RUNNING    16.9881    IT3            │
│ run_2ca7a_00011   RUNNING    18.8265    IT3            │
│ run_2ca7a_00012   RUNNING    20.7449    IT3            │
╰────────────────────────────────────────────────────────╯
Trial status: 13 RUNNING
Current time: 2024-07-02 19:28:40. Total running time: 26min 2s
Logical resource usage: 13.0/32 CPUs, 0/0 GPUs
╭────────────────────────────────────────────────────────╮
│ Trial name        status        osc_f   osc_pop_name   │
├────────────────────────────────────────────────────────┤
│ run_2ca7a_00000   RUNNING     3         IT3            │
│ run_2ca7a_00001   RUNNING     4.03912   IT3            │
│ run_2ca7a_00002   RUNNING     5.15816   IT3            │
│ run_2ca7a_00003   RUNNING     6.35714   IT3            │
│ run_2ca7a_00004   RUNNING     7.63605   IT3            │
│ run_2ca7a_00005   RUNNING     8.9949    IT3            │
│ run_2ca7a_00006   RUNNING    10.4337    IT3            │
│ run_2ca7a_00007   RUNNING    11.9524    IT3            │
│ run_2ca7a_00008   RUNNING    13.551     IT3            │
│ run_2ca7a_00009   RUNNING    15.2296    IT3            │
│ run_2ca7a_00010   RUNNING    16.9881    IT3            │
│ run_2ca7a_00011   RUNNING    18.8265    IT3            │
│ run_2ca7a_00012   RUNNING    20.7449    IT3            │
╰────────────────────────────────────────────────────────╯
Trial status: 13 RUNNING
Current time: 2024-07-02 19:29:10. Total running time: 26min 32s
Logical resource usage: 13.0/32 CPUs, 0/0 GPUs
╭────────────────────────────────────────────────────────╮
│ Trial name        status        osc_f   osc_pop_name   │
├────────────────────────────────────────────────────────┤
│ run_2ca7a_00000   RUNNING     3         IT3            │
│ run_2ca7a_00001   RUNNING     4.03912   IT3            │
│ run_2ca7a_00002   RUNNING     5.15816   IT3            │
│ run_2ca7a_00003   RUNNING     6.35714   IT3            │
│ run_2ca7a_00004   RUNNING     7.63605   IT3            │
│ run_2ca7a_00005   RUNNING     8.9949    IT3            │
│ run_2ca7a_00006   RUNNING    10.4337    IT3            │
│ run_2ca7a_00007   RUNNING    11.9524    IT3            │
│ run_2ca7a_00008   RUNNING    13.551     IT3            │
│ run_2ca7a_00009   RUNNING    15.2296    IT3            │
│ run_2ca7a_00010   RUNNING    16.9881    IT3            │
│ run_2ca7a_00011   RUNNING    18.8265    IT3            │
│ run_2ca7a_00012   RUNNING    20.7449    IT3            │
╰────────────────────────────────────────────────────────╯
Trial status: 13 RUNNING
Current time: 2024-07-02 19:29:40. Total running time: 27min 2s
Logical resource usage: 13.0/32 CPUs, 0/0 GPUs
╭────────────────────────────────────────────────────────╮
│ Trial name        status        osc_f   osc_pop_name   │
├────────────────────────────────────────────────────────┤
│ run_2ca7a_00000   RUNNING     3         IT3            │
│ run_2ca7a_00001   RUNNING     4.03912   IT3            │
│ run_2ca7a_00002   RUNNING     5.15816   IT3            │
│ run_2ca7a_00003   RUNNING     6.35714   IT3            │
│ run_2ca7a_00004   RUNNING     7.63605   IT3            │
│ run_2ca7a_00005   RUNNING     8.9949    IT3            │
│ run_2ca7a_00006   RUNNING    10.4337    IT3            │
│ run_2ca7a_00007   RUNNING    11.9524    IT3            │
│ run_2ca7a_00008   RUNNING    13.551     IT3            │
│ run_2ca7a_00009   RUNNING    15.2296    IT3            │
│ run_2ca7a_00010   RUNNING    16.9881    IT3            │
│ run_2ca7a_00011   RUNNING    18.8265    IT3            │
│ run_2ca7a_00012   RUNNING    20.7449    IT3            │
╰────────────────────────────────────────────────────────╯
Trial status: 13 RUNNING
Current time: 2024-07-02 19:30:10. Total running time: 27min 32s
Logical resource usage: 13.0/32 CPUs, 0/0 GPUs
╭────────────────────────────────────────────────────────╮
│ Trial name        status        osc_f   osc_pop_name   │
├────────────────────────────────────────────────────────┤
│ run_2ca7a_00000   RUNNING     3         IT3            │
│ run_2ca7a_00001   RUNNING     4.03912   IT3            │
│ run_2ca7a_00002   RUNNING     5.15816   IT3            │
│ run_2ca7a_00003   RUNNING     6.35714   IT3            │
│ run_2ca7a_00004   RUNNING     7.63605   IT3            │
│ run_2ca7a_00005   RUNNING     8.9949    IT3            │
│ run_2ca7a_00006   RUNNING    10.4337    IT3            │
│ run_2ca7a_00007   RUNNING    11.9524    IT3            │
│ run_2ca7a_00008   RUNNING    13.551     IT3            │
│ run_2ca7a_00009   RUNNING    15.2296    IT3            │
│ run_2ca7a_00010   RUNNING    16.9881    IT3            │
│ run_2ca7a_00011   RUNNING    18.8265    IT3            │
│ run_2ca7a_00012   RUNNING    20.7449    IT3            │
╰────────────────────────────────────────────────────────╯
Trial status: 13 RUNNING
Current time: 2024-07-02 19:30:40. Total running time: 28min 2s
Logical resource usage: 13.0/32 CPUs, 0/0 GPUs
╭────────────────────────────────────────────────────────╮
│ Trial name        status        osc_f   osc_pop_name   │
├────────────────────────────────────────────────────────┤
│ run_2ca7a_00000   RUNNING     3         IT3            │
│ run_2ca7a_00001   RUNNING     4.03912   IT3            │
│ run_2ca7a_00002   RUNNING     5.15816   IT3            │
│ run_2ca7a_00003   RUNNING     6.35714   IT3            │
│ run_2ca7a_00004   RUNNING     7.63605   IT3            │
│ run_2ca7a_00005   RUNNING     8.9949    IT3            │
│ run_2ca7a_00006   RUNNING    10.4337    IT3            │
│ run_2ca7a_00007   RUNNING    11.9524    IT3            │
│ run_2ca7a_00008   RUNNING    13.551     IT3            │
│ run_2ca7a_00009   RUNNING    15.2296    IT3            │
│ run_2ca7a_00010   RUNNING    16.9881    IT3            │
│ run_2ca7a_00011   RUNNING    18.8265    IT3            │
│ run_2ca7a_00012   RUNNING    20.7449    IT3            │
╰────────────────────────────────────────────────────────╯
Trial status: 13 RUNNING
Current time: 2024-07-02 19:31:10. Total running time: 28min 32s
Logical resource usage: 13.0/32 CPUs, 0/0 GPUs
╭────────────────────────────────────────────────────────╮
│ Trial name        status        osc_f   osc_pop_name   │
├────────────────────────────────────────────────────────┤
│ run_2ca7a_00000   RUNNING     3         IT3            │
│ run_2ca7a_00001   RUNNING     4.03912   IT3            │
│ run_2ca7a_00002   RUNNING     5.15816   IT3            │
│ run_2ca7a_00003   RUNNING     6.35714   IT3            │
│ run_2ca7a_00004   RUNNING     7.63605   IT3            │
│ run_2ca7a_00005   RUNNING     8.9949    IT3            │
│ run_2ca7a_00006   RUNNING    10.4337    IT3            │
│ run_2ca7a_00007   RUNNING    11.9524    IT3            │
│ run_2ca7a_00008   RUNNING    13.551     IT3            │
│ run_2ca7a_00009   RUNNING    15.2296    IT3            │
│ run_2ca7a_00010   RUNNING    16.9881    IT3            │
│ run_2ca7a_00011   RUNNING    18.8265    IT3            │
│ run_2ca7a_00012   RUNNING    20.7449    IT3            │
╰────────────────────────────────────────────────────────╯
Trial status: 13 RUNNING
Current time: 2024-07-02 19:31:40. Total running time: 29min 2s
Logical resource usage: 13.0/32 CPUs, 0/0 GPUs
╭────────────────────────────────────────────────────────╮
│ Trial name        status        osc_f   osc_pop_name   │
├────────────────────────────────────────────────────────┤
│ run_2ca7a_00000   RUNNING     3         IT3            │
│ run_2ca7a_00001   RUNNING     4.03912   IT3            │
│ run_2ca7a_00002   RUNNING     5.15816   IT3            │
│ run_2ca7a_00003   RUNNING     6.35714   IT3            │
│ run_2ca7a_00004   RUNNING     7.63605   IT3            │
│ run_2ca7a_00005   RUNNING     8.9949    IT3            │
│ run_2ca7a_00006   RUNNING    10.4337    IT3            │
│ run_2ca7a_00007   RUNNING    11.9524    IT3            │
│ run_2ca7a_00008   RUNNING    13.551     IT3            │
│ run_2ca7a_00009   RUNNING    15.2296    IT3            │
│ run_2ca7a_00010   RUNNING    16.9881    IT3            │
│ run_2ca7a_00011   RUNNING    18.8265    IT3            │
│ run_2ca7a_00012   RUNNING    20.7449    IT3            │
╰────────────────────────────────────────────────────────╯
Trial status: 13 RUNNING
Current time: 2024-07-02 19:32:10. Total running time: 29min 33s
Logical resource usage: 13.0/32 CPUs, 0/0 GPUs
╭────────────────────────────────────────────────────────╮
│ Trial name        status        osc_f   osc_pop_name   │
├────────────────────────────────────────────────────────┤
│ run_2ca7a_00000   RUNNING     3         IT3            │
│ run_2ca7a_00001   RUNNING     4.03912   IT3            │
│ run_2ca7a_00002   RUNNING     5.15816   IT3            │
│ run_2ca7a_00003   RUNNING     6.35714   IT3            │
│ run_2ca7a_00004   RUNNING     7.63605   IT3            │
│ run_2ca7a_00005   RUNNING     8.9949    IT3            │
│ run_2ca7a_00006   RUNNING    10.4337    IT3            │
│ run_2ca7a_00007   RUNNING    11.9524    IT3            │
│ run_2ca7a_00008   RUNNING    13.551     IT3            │
│ run_2ca7a_00009   RUNNING    15.2296    IT3            │
│ run_2ca7a_00010   RUNNING    16.9881    IT3            │
│ run_2ca7a_00011   RUNNING    18.8265    IT3            │
│ run_2ca7a_00012   RUNNING    20.7449    IT3            │
╰────────────────────────────────────────────────────────╯
Trial status: 13 RUNNING
Current time: 2024-07-02 19:32:40. Total running time: 30min 3s
Logical resource usage: 13.0/32 CPUs, 0/0 GPUs
╭────────────────────────────────────────────────────────╮
│ Trial name        status        osc_f   osc_pop_name   │
├────────────────────────────────────────────────────────┤
│ run_2ca7a_00000   RUNNING     3         IT3            │
│ run_2ca7a_00001   RUNNING     4.03912   IT3            │
│ run_2ca7a_00002   RUNNING     5.15816   IT3            │
│ run_2ca7a_00003   RUNNING     6.35714   IT3            │
│ run_2ca7a_00004   RUNNING     7.63605   IT3            │
│ run_2ca7a_00005   RUNNING     8.9949    IT3            │
│ run_2ca7a_00006   RUNNING    10.4337    IT3            │
│ run_2ca7a_00007   RUNNING    11.9524    IT3            │
│ run_2ca7a_00008   RUNNING    13.551     IT3            │
│ run_2ca7a_00009   RUNNING    15.2296    IT3            │
│ run_2ca7a_00010   RUNNING    16.9881    IT3            │
│ run_2ca7a_00011   RUNNING    18.8265    IT3            │
│ run_2ca7a_00012   RUNNING    20.7449    IT3            │
╰────────────────────────────────────────────────────────╯
Trial status: 13 RUNNING
Current time: 2024-07-02 19:33:10. Total running time: 30min 33s
Logical resource usage: 13.0/32 CPUs, 0/0 GPUs
╭────────────────────────────────────────────────────────╮
│ Trial name        status        osc_f   osc_pop_name   │
├────────────────────────────────────────────────────────┤
│ run_2ca7a_00000   RUNNING     3         IT3            │
│ run_2ca7a_00001   RUNNING     4.03912   IT3            │
│ run_2ca7a_00002   RUNNING     5.15816   IT3            │
│ run_2ca7a_00003   RUNNING     6.35714   IT3            │
│ run_2ca7a_00004   RUNNING     7.63605   IT3            │
│ run_2ca7a_00005   RUNNING     8.9949    IT3            │
│ run_2ca7a_00006   RUNNING    10.4337    IT3            │
│ run_2ca7a_00007   RUNNING    11.9524    IT3            │
│ run_2ca7a_00008   RUNNING    13.551     IT3            │
│ run_2ca7a_00009   RUNNING    15.2296    IT3            │
│ run_2ca7a_00010   RUNNING    16.9881    IT3            │
│ run_2ca7a_00011   RUNNING    18.8265    IT3            │
│ run_2ca7a_00012   RUNNING    20.7449    IT3            │
╰────────────────────────────────────────────────────────╯
Trial status: 13 RUNNING
Current time: 2024-07-02 19:33:40. Total running time: 31min 3s
Logical resource usage: 13.0/32 CPUs, 0/0 GPUs
╭────────────────────────────────────────────────────────╮
│ Trial name        status        osc_f   osc_pop_name   │
├────────────────────────────────────────────────────────┤
│ run_2ca7a_00000   RUNNING     3         IT3            │
│ run_2ca7a_00001   RUNNING     4.03912   IT3            │
│ run_2ca7a_00002   RUNNING     5.15816   IT3            │
│ run_2ca7a_00003   RUNNING     6.35714   IT3            │
│ run_2ca7a_00004   RUNNING     7.63605   IT3            │
│ run_2ca7a_00005   RUNNING     8.9949    IT3            │
│ run_2ca7a_00006   RUNNING    10.4337    IT3            │
│ run_2ca7a_00007   RUNNING    11.9524    IT3            │
│ run_2ca7a_00008   RUNNING    13.551     IT3            │
│ run_2ca7a_00009   RUNNING    15.2296    IT3            │
│ run_2ca7a_00010   RUNNING    16.9881    IT3            │
│ run_2ca7a_00011   RUNNING    18.8265    IT3            │
│ run_2ca7a_00012   RUNNING    20.7449    IT3            │
╰────────────────────────────────────────────────────────╯
Trial status: 13 RUNNING
Current time: 2024-07-02 19:34:10. Total running time: 31min 33s
Logical resource usage: 13.0/32 CPUs, 0/0 GPUs
╭────────────────────────────────────────────────────────╮
│ Trial name        status        osc_f   osc_pop_name   │
├────────────────────────────────────────────────────────┤
│ run_2ca7a_00000   RUNNING     3         IT3            │
│ run_2ca7a_00001   RUNNING     4.03912   IT3            │
│ run_2ca7a_00002   RUNNING     5.15816   IT3            │
│ run_2ca7a_00003   RUNNING     6.35714   IT3            │
│ run_2ca7a_00004   RUNNING     7.63605   IT3            │
│ run_2ca7a_00005   RUNNING     8.9949    IT3            │
│ run_2ca7a_00006   RUNNING    10.4337    IT3            │
│ run_2ca7a_00007   RUNNING    11.9524    IT3            │
│ run_2ca7a_00008   RUNNING    13.551     IT3            │
│ run_2ca7a_00009   RUNNING    15.2296    IT3            │
│ run_2ca7a_00010   RUNNING    16.9881    IT3            │
│ run_2ca7a_00011   RUNNING    18.8265    IT3            │
│ run_2ca7a_00012   RUNNING    20.7449    IT3            │
╰────────────────────────────────────────────────────────╯
Trial status: 13 RUNNING
Current time: 2024-07-02 19:34:40. Total running time: 32min 3s
Logical resource usage: 13.0/32 CPUs, 0/0 GPUs
╭────────────────────────────────────────────────────────╮
│ Trial name        status        osc_f   osc_pop_name   │
├────────────────────────────────────────────────────────┤
│ run_2ca7a_00000   RUNNING     3         IT3            │
│ run_2ca7a_00001   RUNNING     4.03912   IT3            │
│ run_2ca7a_00002   RUNNING     5.15816   IT3            │
│ run_2ca7a_00003   RUNNING     6.35714   IT3            │
│ run_2ca7a_00004   RUNNING     7.63605   IT3            │
│ run_2ca7a_00005   RUNNING     8.9949    IT3            │
│ run_2ca7a_00006   RUNNING    10.4337    IT3            │
│ run_2ca7a_00007   RUNNING    11.9524    IT3            │
│ run_2ca7a_00008   RUNNING    13.551     IT3            │
│ run_2ca7a_00009   RUNNING    15.2296    IT3            │
│ run_2ca7a_00010   RUNNING    16.9881    IT3            │
│ run_2ca7a_00011   RUNNING    18.8265    IT3            │
│ run_2ca7a_00012   RUNNING    20.7449    IT3            │
╰────────────────────────────────────────────────────────╯
Trial status: 13 RUNNING
Current time: 2024-07-02 19:35:10. Total running time: 32min 33s
Logical resource usage: 13.0/32 CPUs, 0/0 GPUs
╭────────────────────────────────────────────────────────╮
│ Trial name        status        osc_f   osc_pop_name   │
├────────────────────────────────────────────────────────┤
│ run_2ca7a_00000   RUNNING     3         IT3            │
│ run_2ca7a_00001   RUNNING     4.03912   IT3            │
│ run_2ca7a_00002   RUNNING     5.15816   IT3            │
│ run_2ca7a_00003   RUNNING     6.35714   IT3            │
│ run_2ca7a_00004   RUNNING     7.63605   IT3            │
│ run_2ca7a_00005   RUNNING     8.9949    IT3            │
│ run_2ca7a_00006   RUNNING    10.4337    IT3            │
│ run_2ca7a_00007   RUNNING    11.9524    IT3            │
│ run_2ca7a_00008   RUNNING    13.551     IT3            │
│ run_2ca7a_00009   RUNNING    15.2296    IT3            │
│ run_2ca7a_00010   RUNNING    16.9881    IT3            │
│ run_2ca7a_00011   RUNNING    18.8265    IT3            │
│ run_2ca7a_00012   RUNNING    20.7449    IT3            │
╰────────────────────────────────────────────────────────╯
Trial status: 13 RUNNING
Current time: 2024-07-02 19:35:40. Total running time: 33min 3s
Logical resource usage: 13.0/32 CPUs, 0/0 GPUs
╭────────────────────────────────────────────────────────╮
│ Trial name        status        osc_f   osc_pop_name   │
├────────────────────────────────────────────────────────┤
│ run_2ca7a_00000   RUNNING     3         IT3            │
│ run_2ca7a_00001   RUNNING     4.03912   IT3            │
│ run_2ca7a_00002   RUNNING     5.15816   IT3            │
│ run_2ca7a_00003   RUNNING     6.35714   IT3            │
│ run_2ca7a_00004   RUNNING     7.63605   IT3            │
│ run_2ca7a_00005   RUNNING     8.9949    IT3            │
│ run_2ca7a_00006   RUNNING    10.4337    IT3            │
│ run_2ca7a_00007   RUNNING    11.9524    IT3            │
│ run_2ca7a_00008   RUNNING    13.551     IT3            │
│ run_2ca7a_00009   RUNNING    15.2296    IT3            │
│ run_2ca7a_00010   RUNNING    16.9881    IT3            │
│ run_2ca7a_00011   RUNNING    18.8265    IT3            │
│ run_2ca7a_00012   RUNNING    20.7449    IT3            │
╰────────────────────────────────────────────────────────╯
Trial status: 13 RUNNING
Current time: 2024-07-02 19:36:10. Total running time: 33min 33s
Logical resource usage: 13.0/32 CPUs, 0/0 GPUs
╭────────────────────────────────────────────────────────╮
│ Trial name        status        osc_f   osc_pop_name   │
├────────────────────────────────────────────────────────┤
│ run_2ca7a_00000   RUNNING     3         IT3            │
│ run_2ca7a_00001   RUNNING     4.03912   IT3            │
│ run_2ca7a_00002   RUNNING     5.15816   IT3            │
│ run_2ca7a_00003   RUNNING     6.35714   IT3            │
│ run_2ca7a_00004   RUNNING     7.63605   IT3            │
│ run_2ca7a_00005   RUNNING     8.9949    IT3            │
│ run_2ca7a_00006   RUNNING    10.4337    IT3            │
│ run_2ca7a_00007   RUNNING    11.9524    IT3            │
│ run_2ca7a_00008   RUNNING    13.551     IT3            │
│ run_2ca7a_00009   RUNNING    15.2296    IT3            │
│ run_2ca7a_00010   RUNNING    16.9881    IT3            │
│ run_2ca7a_00011   RUNNING    18.8265    IT3            │
│ run_2ca7a_00012   RUNNING    20.7449    IT3            │
╰────────────────────────────────────────────────────────╯
Trial status: 13 RUNNING
Current time: 2024-07-02 19:36:40. Total running time: 34min 3s
Logical resource usage: 13.0/32 CPUs, 0/0 GPUs
╭────────────────────────────────────────────────────────╮
│ Trial name        status        osc_f   osc_pop_name   │
├────────────────────────────────────────────────────────┤
│ run_2ca7a_00000   RUNNING     3         IT3            │
│ run_2ca7a_00001   RUNNING     4.03912   IT3            │
│ run_2ca7a_00002   RUNNING     5.15816   IT3            │
│ run_2ca7a_00003   RUNNING     6.35714   IT3            │
│ run_2ca7a_00004   RUNNING     7.63605   IT3            │
│ run_2ca7a_00005   RUNNING     8.9949    IT3            │
│ run_2ca7a_00006   RUNNING    10.4337    IT3            │
│ run_2ca7a_00007   RUNNING    11.9524    IT3            │
│ run_2ca7a_00008   RUNNING    13.551     IT3            │
│ run_2ca7a_00009   RUNNING    15.2296    IT3            │
│ run_2ca7a_00010   RUNNING    16.9881    IT3            │
│ run_2ca7a_00011   RUNNING    18.8265    IT3            │
│ run_2ca7a_00012   RUNNING    20.7449    IT3            │
╰────────────────────────────────────────────────────────╯
Trial status: 13 RUNNING
Current time: 2024-07-02 19:37:10. Total running time: 34min 33s
Logical resource usage: 13.0/32 CPUs, 0/0 GPUs
╭────────────────────────────────────────────────────────╮
│ Trial name        status        osc_f   osc_pop_name   │
├────────────────────────────────────────────────────────┤
│ run_2ca7a_00000   RUNNING     3         IT3            │
│ run_2ca7a_00001   RUNNING     4.03912   IT3            │
│ run_2ca7a_00002   RUNNING     5.15816   IT3            │
│ run_2ca7a_00003   RUNNING     6.35714   IT3            │
│ run_2ca7a_00004   RUNNING     7.63605   IT3            │
│ run_2ca7a_00005   RUNNING     8.9949    IT3            │
│ run_2ca7a_00006   RUNNING    10.4337    IT3            │
│ run_2ca7a_00007   RUNNING    11.9524    IT3            │
│ run_2ca7a_00008   RUNNING    13.551     IT3            │
│ run_2ca7a_00009   RUNNING    15.2296    IT3            │
│ run_2ca7a_00010   RUNNING    16.9881    IT3            │
│ run_2ca7a_00011   RUNNING    18.8265    IT3            │
│ run_2ca7a_00012   RUNNING    20.7449    IT3            │
╰────────────────────────────────────────────────────────╯
Trial status: 13 RUNNING
Current time: 2024-07-02 19:37:40. Total running time: 35min 3s
Logical resource usage: 13.0/32 CPUs, 0/0 GPUs
╭────────────────────────────────────────────────────────╮
│ Trial name        status        osc_f   osc_pop_name   │
├────────────────────────────────────────────────────────┤
│ run_2ca7a_00000   RUNNING     3         IT3            │
│ run_2ca7a_00001   RUNNING     4.03912   IT3            │
│ run_2ca7a_00002   RUNNING     5.15816   IT3            │
│ run_2ca7a_00003   RUNNING     6.35714   IT3            │
│ run_2ca7a_00004   RUNNING     7.63605   IT3            │
│ run_2ca7a_00005   RUNNING     8.9949    IT3            │
│ run_2ca7a_00006   RUNNING    10.4337    IT3            │
│ run_2ca7a_00007   RUNNING    11.9524    IT3            │
│ run_2ca7a_00008   RUNNING    13.551     IT3            │
│ run_2ca7a_00009   RUNNING    15.2296    IT3            │
│ run_2ca7a_00010   RUNNING    16.9881    IT3            │
│ run_2ca7a_00011   RUNNING    18.8265    IT3            │
│ run_2ca7a_00012   RUNNING    20.7449    IT3            │
╰────────────────────────────────────────────────────────╯
Trial status: 13 RUNNING
Current time: 2024-07-02 19:38:10. Total running time: 35min 33s
Logical resource usage: 13.0/32 CPUs, 0/0 GPUs
╭────────────────────────────────────────────────────────╮
│ Trial name        status        osc_f   osc_pop_name   │
├────────────────────────────────────────────────────────┤
│ run_2ca7a_00000   RUNNING     3         IT3            │
│ run_2ca7a_00001   RUNNING     4.03912   IT3            │
│ run_2ca7a_00002   RUNNING     5.15816   IT3            │
│ run_2ca7a_00003   RUNNING     6.35714   IT3            │
│ run_2ca7a_00004   RUNNING     7.63605   IT3            │
│ run_2ca7a_00005   RUNNING     8.9949    IT3            │
│ run_2ca7a_00006   RUNNING    10.4337    IT3            │
│ run_2ca7a_00007   RUNNING    11.9524    IT3            │
│ run_2ca7a_00008   RUNNING    13.551     IT3            │
│ run_2ca7a_00009   RUNNING    15.2296    IT3            │
│ run_2ca7a_00010   RUNNING    16.9881    IT3            │
│ run_2ca7a_00011   RUNNING    18.8265    IT3            │
│ run_2ca7a_00012   RUNNING    20.7449    IT3            │
╰────────────────────────────────────────────────────────╯
Trial status: 13 RUNNING
Current time: 2024-07-02 19:38:40. Total running time: 36min 3s
Logical resource usage: 13.0/32 CPUs, 0/0 GPUs
╭────────────────────────────────────────────────────────╮
│ Trial name        status        osc_f   osc_pop_name   │
├────────────────────────────────────────────────────────┤
│ run_2ca7a_00000   RUNNING     3         IT3            │
│ run_2ca7a_00001   RUNNING     4.03912   IT3            │
│ run_2ca7a_00002   RUNNING     5.15816   IT3            │
│ run_2ca7a_00003   RUNNING     6.35714   IT3            │
│ run_2ca7a_00004   RUNNING     7.63605   IT3            │
│ run_2ca7a_00005   RUNNING     8.9949    IT3            │
│ run_2ca7a_00006   RUNNING    10.4337    IT3            │
│ run_2ca7a_00007   RUNNING    11.9524    IT3            │
│ run_2ca7a_00008   RUNNING    13.551     IT3            │
│ run_2ca7a_00009   RUNNING    15.2296    IT3            │
│ run_2ca7a_00010   RUNNING    16.9881    IT3            │
│ run_2ca7a_00011   RUNNING    18.8265    IT3            │
│ run_2ca7a_00012   RUNNING    20.7449    IT3            │
╰────────────────────────────────────────────────────────╯
Trial status: 13 RUNNING
Current time: 2024-07-02 19:39:10. Total running time: 36min 33s
Logical resource usage: 13.0/32 CPUs, 0/0 GPUs
╭────────────────────────────────────────────────────────╮
│ Trial name        status        osc_f   osc_pop_name   │
├────────────────────────────────────────────────────────┤
│ run_2ca7a_00000   RUNNING     3         IT3            │
│ run_2ca7a_00001   RUNNING     4.03912   IT3            │
│ run_2ca7a_00002   RUNNING     5.15816   IT3            │
│ run_2ca7a_00003   RUNNING     6.35714   IT3            │
│ run_2ca7a_00004   RUNNING     7.63605   IT3            │
│ run_2ca7a_00005   RUNNING     8.9949    IT3            │
│ run_2ca7a_00006   RUNNING    10.4337    IT3            │
│ run_2ca7a_00007   RUNNING    11.9524    IT3            │
│ run_2ca7a_00008   RUNNING    13.551     IT3            │
│ run_2ca7a_00009   RUNNING    15.2296    IT3            │
│ run_2ca7a_00010   RUNNING    16.9881    IT3            │
│ run_2ca7a_00011   RUNNING    18.8265    IT3            │
│ run_2ca7a_00012   RUNNING    20.7449    IT3            │
╰────────────────────────────────────────────────────────╯
Trial status: 13 RUNNING
Current time: 2024-07-02 19:39:40. Total running time: 37min 3s
Logical resource usage: 13.0/32 CPUs, 0/0 GPUs
╭────────────────────────────────────────────────────────╮
│ Trial name        status        osc_f   osc_pop_name   │
├────────────────────────────────────────────────────────┤
│ run_2ca7a_00000   RUNNING     3         IT3            │
│ run_2ca7a_00001   RUNNING     4.03912   IT3            │
│ run_2ca7a_00002   RUNNING     5.15816   IT3            │
│ run_2ca7a_00003   RUNNING     6.35714   IT3            │
│ run_2ca7a_00004   RUNNING     7.63605   IT3            │
│ run_2ca7a_00005   RUNNING     8.9949    IT3            │
│ run_2ca7a_00006   RUNNING    10.4337    IT3            │
│ run_2ca7a_00007   RUNNING    11.9524    IT3            │
│ run_2ca7a_00008   RUNNING    13.551     IT3            │
│ run_2ca7a_00009   RUNNING    15.2296    IT3            │
│ run_2ca7a_00010   RUNNING    16.9881    IT3            │
│ run_2ca7a_00011   RUNNING    18.8265    IT3            │
│ run_2ca7a_00012   RUNNING    20.7449    IT3            │
╰────────────────────────────────────────────────────────╯
Trial status: 13 RUNNING
Current time: 2024-07-02 19:40:10. Total running time: 37min 33s
Logical resource usage: 13.0/32 CPUs, 0/0 GPUs
╭────────────────────────────────────────────────────────╮
│ Trial name        status        osc_f   osc_pop_name   │
├────────────────────────────────────────────────────────┤
│ run_2ca7a_00000   RUNNING     3         IT3            │
│ run_2ca7a_00001   RUNNING     4.03912   IT3            │
│ run_2ca7a_00002   RUNNING     5.15816   IT3            │
│ run_2ca7a_00003   RUNNING     6.35714   IT3            │
│ run_2ca7a_00004   RUNNING     7.63605   IT3            │
│ run_2ca7a_00005   RUNNING     8.9949    IT3            │
│ run_2ca7a_00006   RUNNING    10.4337    IT3            │
│ run_2ca7a_00007   RUNNING    11.9524    IT3            │
│ run_2ca7a_00008   RUNNING    13.551     IT3            │
│ run_2ca7a_00009   RUNNING    15.2296    IT3            │
│ run_2ca7a_00010   RUNNING    16.9881    IT3            │
│ run_2ca7a_00011   RUNNING    18.8265    IT3            │
│ run_2ca7a_00012   RUNNING    20.7449    IT3            │
╰────────────────────────────────────────────────────────╯
Trial status: 13 RUNNING
Current time: 2024-07-02 19:40:40. Total running time: 38min 3s
Logical resource usage: 13.0/32 CPUs, 0/0 GPUs
╭────────────────────────────────────────────────────────╮
│ Trial name        status        osc_f   osc_pop_name   │
├────────────────────────────────────────────────────────┤
│ run_2ca7a_00000   RUNNING     3         IT3            │
│ run_2ca7a_00001   RUNNING     4.03912   IT3            │
│ run_2ca7a_00002   RUNNING     5.15816   IT3            │
│ run_2ca7a_00003   RUNNING     6.35714   IT3            │
│ run_2ca7a_00004   RUNNING     7.63605   IT3            │
│ run_2ca7a_00005   RUNNING     8.9949    IT3            │
│ run_2ca7a_00006   RUNNING    10.4337    IT3            │
│ run_2ca7a_00007   RUNNING    11.9524    IT3            │
│ run_2ca7a_00008   RUNNING    13.551     IT3            │
│ run_2ca7a_00009   RUNNING    15.2296    IT3            │
│ run_2ca7a_00010   RUNNING    16.9881    IT3            │
│ run_2ca7a_00011   RUNNING    18.8265    IT3            │
│ run_2ca7a_00012   RUNNING    20.7449    IT3            │
╰────────────────────────────────────────────────────────╯
Trial status: 13 RUNNING
Current time: 2024-07-02 19:41:10. Total running time: 38min 33s
Logical resource usage: 13.0/32 CPUs, 0/0 GPUs
╭────────────────────────────────────────────────────────╮
│ Trial name        status        osc_f   osc_pop_name   │
├────────────────────────────────────────────────────────┤
│ run_2ca7a_00000   RUNNING     3         IT3            │
│ run_2ca7a_00001   RUNNING     4.03912   IT3            │
│ run_2ca7a_00002   RUNNING     5.15816   IT3            │
│ run_2ca7a_00003   RUNNING     6.35714   IT3            │
│ run_2ca7a_00004   RUNNING     7.63605   IT3            │
│ run_2ca7a_00005   RUNNING     8.9949    IT3            │
│ run_2ca7a_00006   RUNNING    10.4337    IT3            │
│ run_2ca7a_00007   RUNNING    11.9524    IT3            │
│ run_2ca7a_00008   RUNNING    13.551     IT3            │
│ run_2ca7a_00009   RUNNING    15.2296    IT3            │
│ run_2ca7a_00010   RUNNING    16.9881    IT3            │
│ run_2ca7a_00011   RUNNING    18.8265    IT3            │
│ run_2ca7a_00012   RUNNING    20.7449    IT3            │
╰────────────────────────────────────────────────────────╯
Trial status: 13 RUNNING
Current time: 2024-07-02 19:41:41. Total running time: 39min 3s
Logical resource usage: 13.0/32 CPUs, 0/0 GPUs
╭────────────────────────────────────────────────────────╮
│ Trial name        status        osc_f   osc_pop_name   │
├────────────────────────────────────────────────────────┤
│ run_2ca7a_00000   RUNNING     3         IT3            │
│ run_2ca7a_00001   RUNNING     4.03912   IT3            │
│ run_2ca7a_00002   RUNNING     5.15816   IT3            │
│ run_2ca7a_00003   RUNNING     6.35714   IT3            │
│ run_2ca7a_00004   RUNNING     7.63605   IT3            │
│ run_2ca7a_00005   RUNNING     8.9949    IT3            │
│ run_2ca7a_00006   RUNNING    10.4337    IT3            │
│ run_2ca7a_00007   RUNNING    11.9524    IT3            │
│ run_2ca7a_00008   RUNNING    13.551     IT3            │
│ run_2ca7a_00009   RUNNING    15.2296    IT3            │
│ run_2ca7a_00010   RUNNING    16.9881    IT3            │
│ run_2ca7a_00011   RUNNING    18.8265    IT3            │
│ run_2ca7a_00012   RUNNING    20.7449    IT3            │
╰────────────────────────────────────────────────────────╯
Trial status: 13 RUNNING
Current time: 2024-07-02 19:42:11. Total running time: 39min 33s
Logical resource usage: 13.0/32 CPUs, 0/0 GPUs
╭────────────────────────────────────────────────────────╮
│ Trial name        status        osc_f   osc_pop_name   │
├────────────────────────────────────────────────────────┤
│ run_2ca7a_00000   RUNNING     3         IT3            │
│ run_2ca7a_00001   RUNNING     4.03912   IT3            │
│ run_2ca7a_00002   RUNNING     5.15816   IT3            │
│ run_2ca7a_00003   RUNNING     6.35714   IT3            │
│ run_2ca7a_00004   RUNNING     7.63605   IT3            │
│ run_2ca7a_00005   RUNNING     8.9949    IT3            │
│ run_2ca7a_00006   RUNNING    10.4337    IT3            │
│ run_2ca7a_00007   RUNNING    11.9524    IT3            │
│ run_2ca7a_00008   RUNNING    13.551     IT3            │
│ run_2ca7a_00009   RUNNING    15.2296    IT3            │
│ run_2ca7a_00010   RUNNING    16.9881    IT3            │
│ run_2ca7a_00011   RUNNING    18.8265    IT3            │
│ run_2ca7a_00012   RUNNING    20.7449    IT3            │
╰────────────────────────────────────────────────────────╯
Trial status: 13 RUNNING
Current time: 2024-07-02 19:42:41. Total running time: 40min 3s
Logical resource usage: 13.0/32 CPUs, 0/0 GPUs
╭────────────────────────────────────────────────────────╮
│ Trial name        status        osc_f   osc_pop_name   │
├────────────────────────────────────────────────────────┤
│ run_2ca7a_00000   RUNNING     3         IT3            │
│ run_2ca7a_00001   RUNNING     4.03912   IT3            │
│ run_2ca7a_00002   RUNNING     5.15816   IT3            │
│ run_2ca7a_00003   RUNNING     6.35714   IT3            │
│ run_2ca7a_00004   RUNNING     7.63605   IT3            │
│ run_2ca7a_00005   RUNNING     8.9949    IT3            │
│ run_2ca7a_00006   RUNNING    10.4337    IT3            │
│ run_2ca7a_00007   RUNNING    11.9524    IT3            │
│ run_2ca7a_00008   RUNNING    13.551     IT3            │
│ run_2ca7a_00009   RUNNING    15.2296    IT3            │
│ run_2ca7a_00010   RUNNING    16.9881    IT3            │
│ run_2ca7a_00011   RUNNING    18.8265    IT3            │
│ run_2ca7a_00012   RUNNING    20.7449    IT3            │
╰────────────────────────────────────────────────────────╯
Trial status: 13 RUNNING
Current time: 2024-07-02 19:43:11. Total running time: 40min 33s
Logical resource usage: 13.0/32 CPUs, 0/0 GPUs
╭────────────────────────────────────────────────────────╮
│ Trial name        status        osc_f   osc_pop_name   │
├────────────────────────────────────────────────────────┤
│ run_2ca7a_00000   RUNNING     3         IT3            │
│ run_2ca7a_00001   RUNNING     4.03912   IT3            │
│ run_2ca7a_00002   RUNNING     5.15816   IT3            │
│ run_2ca7a_00003   RUNNING     6.35714   IT3            │
│ run_2ca7a_00004   RUNNING     7.63605   IT3            │
│ run_2ca7a_00005   RUNNING     8.9949    IT3            │
│ run_2ca7a_00006   RUNNING    10.4337    IT3            │
│ run_2ca7a_00007   RUNNING    11.9524    IT3            │
│ run_2ca7a_00008   RUNNING    13.551     IT3            │
│ run_2ca7a_00009   RUNNING    15.2296    IT3            │
│ run_2ca7a_00010   RUNNING    16.9881    IT3            │
│ run_2ca7a_00011   RUNNING    18.8265    IT3            │
│ run_2ca7a_00012   RUNNING    20.7449    IT3            │
╰────────────────────────────────────────────────────────╯
Trial status: 13 RUNNING
Current time: 2024-07-02 19:43:41. Total running time: 41min 3s
Logical resource usage: 13.0/32 CPUs, 0/0 GPUs
╭────────────────────────────────────────────────────────╮
│ Trial name        status        osc_f   osc_pop_name   │
├────────────────────────────────────────────────────────┤
│ run_2ca7a_00000   RUNNING     3         IT3            │
│ run_2ca7a_00001   RUNNING     4.03912   IT3            │
│ run_2ca7a_00002   RUNNING     5.15816   IT3            │
│ run_2ca7a_00003   RUNNING     6.35714   IT3            │
│ run_2ca7a_00004   RUNNING     7.63605   IT3            │
│ run_2ca7a_00005   RUNNING     8.9949    IT3            │
│ run_2ca7a_00006   RUNNING    10.4337    IT3            │
│ run_2ca7a_00007   RUNNING    11.9524    IT3            │
│ run_2ca7a_00008   RUNNING    13.551     IT3            │
│ run_2ca7a_00009   RUNNING    15.2296    IT3            │
│ run_2ca7a_00010   RUNNING    16.9881    IT3            │
│ run_2ca7a_00011   RUNNING    18.8265    IT3            │
│ run_2ca7a_00012   RUNNING    20.7449    IT3            │
╰────────────────────────────────────────────────────────╯
Trial status: 13 RUNNING
Current time: 2024-07-02 19:44:11. Total running time: 41min 33s
Logical resource usage: 13.0/32 CPUs, 0/0 GPUs
╭────────────────────────────────────────────────────────╮
│ Trial name        status        osc_f   osc_pop_name   │
├────────────────────────────────────────────────────────┤
│ run_2ca7a_00000   RUNNING     3         IT3            │
│ run_2ca7a_00001   RUNNING     4.03912   IT3            │
│ run_2ca7a_00002   RUNNING     5.15816   IT3            │
│ run_2ca7a_00003   RUNNING     6.35714   IT3            │
│ run_2ca7a_00004   RUNNING     7.63605   IT3            │
│ run_2ca7a_00005   RUNNING     8.9949    IT3            │
│ run_2ca7a_00006   RUNNING    10.4337    IT3            │
│ run_2ca7a_00007   RUNNING    11.9524    IT3            │
│ run_2ca7a_00008   RUNNING    13.551     IT3            │
│ run_2ca7a_00009   RUNNING    15.2296    IT3            │
│ run_2ca7a_00010   RUNNING    16.9881    IT3            │
│ run_2ca7a_00011   RUNNING    18.8265    IT3            │
│ run_2ca7a_00012   RUNNING    20.7449    IT3            │
╰────────────────────────────────────────────────────────╯
Trial status: 13 RUNNING
Current time: 2024-07-02 19:44:41. Total running time: 42min 4s
Logical resource usage: 13.0/32 CPUs, 0/0 GPUs
╭────────────────────────────────────────────────────────╮
│ Trial name        status        osc_f   osc_pop_name   │
├────────────────────────────────────────────────────────┤
│ run_2ca7a_00000   RUNNING     3         IT3            │
│ run_2ca7a_00001   RUNNING     4.03912   IT3            │
│ run_2ca7a_00002   RUNNING     5.15816   IT3            │
│ run_2ca7a_00003   RUNNING     6.35714   IT3            │
│ run_2ca7a_00004   RUNNING     7.63605   IT3            │
│ run_2ca7a_00005   RUNNING     8.9949    IT3            │
│ run_2ca7a_00006   RUNNING    10.4337    IT3            │
│ run_2ca7a_00007   RUNNING    11.9524    IT3            │
│ run_2ca7a_00008   RUNNING    13.551     IT3            │
│ run_2ca7a_00009   RUNNING    15.2296    IT3            │
│ run_2ca7a_00010   RUNNING    16.9881    IT3            │
│ run_2ca7a_00011   RUNNING    18.8265    IT3            │
│ run_2ca7a_00012   RUNNING    20.7449    IT3            │
╰────────────────────────────────────────────────────────╯
Trial status: 13 RUNNING
Current time: 2024-07-02 19:45:11. Total running time: 42min 34s
Logical resource usage: 13.0/32 CPUs, 0/0 GPUs
╭────────────────────────────────────────────────────────╮
│ Trial name        status        osc_f   osc_pop_name   │
├────────────────────────────────────────────────────────┤
│ run_2ca7a_00000   RUNNING     3         IT3            │
│ run_2ca7a_00001   RUNNING     4.03912   IT3            │
│ run_2ca7a_00002   RUNNING     5.15816   IT3            │
│ run_2ca7a_00003   RUNNING     6.35714   IT3            │
│ run_2ca7a_00004   RUNNING     7.63605   IT3            │
│ run_2ca7a_00005   RUNNING     8.9949    IT3            │
│ run_2ca7a_00006   RUNNING    10.4337    IT3            │
│ run_2ca7a_00007   RUNNING    11.9524    IT3            │
│ run_2ca7a_00008   RUNNING    13.551     IT3            │
│ run_2ca7a_00009   RUNNING    15.2296    IT3            │
│ run_2ca7a_00010   RUNNING    16.9881    IT3            │
│ run_2ca7a_00011   RUNNING    18.8265    IT3            │
│ run_2ca7a_00012   RUNNING    20.7449    IT3            │
╰────────────────────────────────────────────────────────╯
Trial status: 13 RUNNING
Current time: 2024-07-02 19:45:41. Total running time: 43min 4s
Logical resource usage: 13.0/32 CPUs, 0/0 GPUs
╭────────────────────────────────────────────────────────╮
│ Trial name        status        osc_f   osc_pop_name   │
├────────────────────────────────────────────────────────┤
│ run_2ca7a_00000   RUNNING     3         IT3            │
│ run_2ca7a_00001   RUNNING     4.03912   IT3            │
│ run_2ca7a_00002   RUNNING     5.15816   IT3            │
│ run_2ca7a_00003   RUNNING     6.35714   IT3            │
│ run_2ca7a_00004   RUNNING     7.63605   IT3            │
│ run_2ca7a_00005   RUNNING     8.9949    IT3            │
│ run_2ca7a_00006   RUNNING    10.4337    IT3            │
│ run_2ca7a_00007   RUNNING    11.9524    IT3            │
│ run_2ca7a_00008   RUNNING    13.551     IT3            │
│ run_2ca7a_00009   RUNNING    15.2296    IT3            │
│ run_2ca7a_00010   RUNNING    16.9881    IT3            │
│ run_2ca7a_00011   RUNNING    18.8265    IT3            │
│ run_2ca7a_00012   RUNNING    20.7449    IT3            │
╰────────────────────────────────────────────────────────╯
Trial status: 13 RUNNING
Current time: 2024-07-02 19:46:11. Total running time: 43min 34s
Logical resource usage: 13.0/32 CPUs, 0/0 GPUs
╭────────────────────────────────────────────────────────╮
│ Trial name        status        osc_f   osc_pop_name   │
├────────────────────────────────────────────────────────┤
│ run_2ca7a_00000   RUNNING     3         IT3            │
│ run_2ca7a_00001   RUNNING     4.03912   IT3            │
│ run_2ca7a_00002   RUNNING     5.15816   IT3            │
│ run_2ca7a_00003   RUNNING     6.35714   IT3            │
│ run_2ca7a_00004   RUNNING     7.63605   IT3            │
│ run_2ca7a_00005   RUNNING     8.9949    IT3            │
│ run_2ca7a_00006   RUNNING    10.4337    IT3            │
│ run_2ca7a_00007   RUNNING    11.9524    IT3            │
│ run_2ca7a_00008   RUNNING    13.551     IT3            │
│ run_2ca7a_00009   RUNNING    15.2296    IT3            │
│ run_2ca7a_00010   RUNNING    16.9881    IT3            │
│ run_2ca7a_00011   RUNNING    18.8265    IT3            │
│ run_2ca7a_00012   RUNNING    20.7449    IT3            │
╰────────────────────────────────────────────────────────╯

Trial run_2ca7a_00009 completed after 1 iterations at 2024-07-02 19:46:41. Total running time: 44min 3s
╭───────────────────────────────────────────────────────╮
│ Trial run_2ca7a_00009 result                          │
├───────────────────────────────────────────────────────┤
│ checkpoint_dir_name                                   │
│ time_this_iter_s                           2638.09656 │
│ time_total_s                               2638.09656 │
│ training_iteration                                  1 │
│ data                             ....0
dtype: float64 │
│ loss                                               0. │
╰───────────────────────────────────────────────────────╯

Trial status: 12 RUNNING | 1 TERMINATED | 1 PENDING
Current time: 2024-07-02 19:46:41. Total running time: 44min 4s
Logical resource usage: 13.0/32 CPUs, 0/0 GPUs
Current best trial: 2ca7a_00009 with loss=0.0 and params={'osc_f': 15.229591836734693, 'osc_pop_name': 'IT3', 'saveFolder': '../grid_batch_5sec_IT3_w_10', 'simLabel': 'grid_00009'}
╭───────────────────────────────────────────────────────────────────────────────────────────────╮
│ Trial name        status          osc_f   osc_pop_name       iter     total time (s)     loss │
├───────────────────────────────────────────────────────────────────────────────────────────────┤
│ run_2ca7a_00000   RUNNING       3         IT3                                                 │
│ run_2ca7a_00001   RUNNING       4.03912   IT3                                                 │
│ run_2ca7a_00002   RUNNING       5.15816   IT3                                                 │
│ run_2ca7a_00003   RUNNING       6.35714   IT3                                                 │
│ run_2ca7a_00004   RUNNING       7.63605   IT3                                                 │
│ run_2ca7a_00005   RUNNING       8.9949    IT3                                                 │
│ run_2ca7a_00006   RUNNING      10.4337    IT3                                                 │
│ run_2ca7a_00007   RUNNING      11.9524    IT3                                                 │
│ run_2ca7a_00008   RUNNING      13.551     IT3                                                 │
│ run_2ca7a_00010   RUNNING      16.9881    IT3                                                 │
│ run_2ca7a_00011   RUNNING      18.8265    IT3                                                 │
│ run_2ca7a_00012   RUNNING      20.7449    IT3                                                 │
│ run_2ca7a_00009   TERMINATED   15.2296    IT3                   1             2638.1        0 │
│ run_2ca7a_00013   PENDING      22.7432    IT3                                                 │
╰───────────────────────────────────────────────────────────────────────────────────────────────╯

Trial run_2ca7a_00013 started with configuration:
╭──────────────────────────────────────────╮
│ Trial run_2ca7a_00013 config             │
├──────────────────────────────────────────┤
│ osc_f                            22.7432 │
│ osc_pop_name                         IT3 │
╰──────────────────────────────────────────╯

Trial status: 13 RUNNING | 1 TERMINATED
Current time: 2024-07-02 19:47:11. Total running time: 44min 34s
Logical resource usage: 13.0/32 CPUs, 0/0 GPUs
Current best trial: 2ca7a_00009 with loss=0.0 and params={'osc_f': 15.229591836734693, 'osc_pop_name': 'IT3', 'saveFolder': '../grid_batch_5sec_IT3_w_10', 'simLabel': 'grid_00009'}
╭───────────────────────────────────────────────────────────────────────────────────────────────╮
│ Trial name        status          osc_f   osc_pop_name       iter     total time (s)     loss │
├───────────────────────────────────────────────────────────────────────────────────────────────┤
│ run_2ca7a_00000   RUNNING       3         IT3                                                 │
│ run_2ca7a_00001   RUNNING       4.03912   IT3                                                 │
│ run_2ca7a_00002   RUNNING       5.15816   IT3                                                 │
│ run_2ca7a_00003   RUNNING       6.35714   IT3                                                 │
│ run_2ca7a_00004   RUNNING       7.63605   IT3                                                 │
│ run_2ca7a_00005   RUNNING       8.9949    IT3                                                 │
│ run_2ca7a_00006   RUNNING      10.4337    IT3                                                 │
│ run_2ca7a_00007   RUNNING      11.9524    IT3                                                 │
│ run_2ca7a_00008   RUNNING      13.551     IT3                                                 │
│ run_2ca7a_00010   RUNNING      16.9881    IT3                                                 │
│ run_2ca7a_00011   RUNNING      18.8265    IT3                                                 │
│ run_2ca7a_00012   RUNNING      20.7449    IT3                                                 │
│ run_2ca7a_00013   RUNNING      22.7432    IT3                                                 │
│ run_2ca7a_00009   TERMINATED   15.2296    IT3                   1             2638.1        0 │
╰───────────────────────────────────────────────────────────────────────────────────────────────╯

Trial run_2ca7a_00000 completed after 1 iterations at 2024-07-02 19:47:27. Total running time: 44min 49s
╭───────────────────────────────────────────────────────╮
│ Trial run_2ca7a_00000 result                          │
├───────────────────────────────────────────────────────┤
│ checkpoint_dir_name                                   │
│ time_this_iter_s                           2684.36554 │
│ time_total_s                               2684.36554 │
│ training_iteration                                  1 │
│ data                             ....0
dtype: float64 │
│ loss                                               0. │
╰───────────────────────────────────────────────────────╯

Trial run_2ca7a_00004 completed after 1 iterations at 2024-07-02 19:47:28. Total running time: 44min 50s
╭───────────────────────────────────────────────────────╮
│ Trial run_2ca7a_00004 result                          │
├───────────────────────────────────────────────────────┤
│ checkpoint_dir_name                                   │
│ time_this_iter_s                            2685.3144 │
│ time_total_s                                2685.3144 │
│ training_iteration                                  1 │
│ data                             ....0
dtype: float64 │
│ loss                                               0. │
╰───────────────────────────────────────────────────────╯

Trial run_2ca7a_00014 started with configuration:
╭───────────────────────────────────────────╮
│ Trial run_2ca7a_00014 config              │
├───────────────────────────────────────────┤
│ osc_f                            24.82143 │
│ osc_pop_name                          IT3 │
╰───────────────────────────────────────────╯

Trial run_2ca7a_00015 started with configuration:
╭───────────────────────────────────────────╮
│ Trial run_2ca7a_00015 config              │
├───────────────────────────────────────────┤
│ osc_f                            26.97959 │
│ osc_pop_name                          IT3 │
╰───────────────────────────────────────────╯

Trial status: 3 TERMINATED | 13 RUNNING
Current time: 2024-07-02 19:47:41. Total running time: 45min 4s
Logical resource usage: 13.0/32 CPUs, 0/0 GPUs
Current best trial: 2ca7a_00000 with loss=0.0 and params={'osc_f': 3.0, 'osc_pop_name': 'IT3', 'saveFolder': '../grid_batch_5sec_IT3_w_10', 'simLabel': 'grid_00000'}
╭───────────────────────────────────────────────────────────────────────────────────────────────╮
│ Trial name        status          osc_f   osc_pop_name       iter     total time (s)     loss │
├───────────────────────────────────────────────────────────────────────────────────────────────┤
│ run_2ca7a_00001   RUNNING       4.03912   IT3                                                 │
│ run_2ca7a_00002   RUNNING       5.15816   IT3                                                 │
│ run_2ca7a_00003   RUNNING       6.35714   IT3                                                 │
│ run_2ca7a_00005   RUNNING       8.9949    IT3                                                 │
│ run_2ca7a_00006   RUNNING      10.4337    IT3                                                 │
│ run_2ca7a_00007   RUNNING      11.9524    IT3                                                 │
│ run_2ca7a_00008   RUNNING      13.551     IT3                                                 │
│ run_2ca7a_00010   RUNNING      16.9881    IT3                                                 │
│ run_2ca7a_00011   RUNNING      18.8265    IT3                                                 │
│ run_2ca7a_00012   RUNNING      20.7449    IT3                                                 │
│ run_2ca7a_00013   RUNNING      22.7432    IT3                                                 │
│ run_2ca7a_00014   RUNNING      24.8214    IT3                                                 │
│ run_2ca7a_00015   RUNNING      26.9796    IT3                                                 │
│ run_2ca7a_00000   TERMINATED    3         IT3                   1            2684.37        0 │
│ run_2ca7a_00004   TERMINATED    7.63605   IT3                   1            2685.31        0 │
│ run_2ca7a_00009   TERMINATED   15.2296    IT3                   1            2638.1         0 │
╰───────────────────────────────────────────────────────────────────────────────────────────────╯

Trial run_2ca7a_00010 completed after 1 iterations at 2024-07-02 19:47:48. Total running time: 45min 11s
╭───────────────────────────────────────────────────────╮
│ Trial run_2ca7a_00010 result                          │
├───────────────────────────────────────────────────────┤
│ checkpoint_dir_name                                   │
│ time_this_iter_s                           2705.83311 │
│ time_total_s                               2705.83311 │
│ training_iteration                                  1 │
│ data                             ....0
dtype: float64 │
│ loss                                               0. │
╰───────────────────────────────────────────────────────╯

Trial run_2ca7a_00016 started with configuration:
╭───────────────────────────────────────────╮
│ Trial run_2ca7a_00016 config              │
├───────────────────────────────────────────┤
│ osc_f                            29.21769 │
│ osc_pop_name                          IT3 │
╰───────────────────────────────────────────╯

Trial run_2ca7a_00008 completed after 1 iterations at 2024-07-02 19:47:54. Total running time: 45min 17s
╭───────────────────────────────────────────────────────╮
│ Trial run_2ca7a_00008 result                          │
├───────────────────────────────────────────────────────┤
│ checkpoint_dir_name                                   │
│ time_this_iter_s                           2712.06542 │
│ time_total_s                               2712.06542 │
│ training_iteration                                  1 │
│ data                             ....0
dtype: float64 │
│ loss                                               0. │
╰───────────────────────────────────────────────────────╯

Trial run_2ca7a_00017 started with configuration:
╭───────────────────────────────────────────╮
│ Trial run_2ca7a_00017 config              │
├───────────────────────────────────────────┤
│ osc_f                            31.53571 │
│ osc_pop_name                          IT3 │
╰───────────────────────────────────────────╯

Trial run_2ca7a_00011 completed after 1 iterations at 2024-07-02 19:48:00. Total running time: 45min 23s
╭───────────────────────────────────────────────────────╮
│ Trial run_2ca7a_00011 result                          │
├───────────────────────────────────────────────────────┤
│ checkpoint_dir_name                                   │
│ time_this_iter_s                           2717.54203 │
│ time_total_s                               2717.54203 │
│ training_iteration                                  1 │
│ data                             ....0
dtype: float64 │
│ loss                                               0. │
╰───────────────────────────────────────────────────────╯

Trial run_2ca7a_00018 started with configuration:
╭───────────────────────────────────────────╮
│ Trial run_2ca7a_00018 config              │
├───────────────────────────────────────────┤
│ osc_f                            33.93367 │
│ osc_pop_name                          IT3 │
╰───────────────────────────────────────────╯

Trial status: 6 TERMINATED | 13 RUNNING
Current time: 2024-07-02 19:48:11. Total running time: 45min 34s
Logical resource usage: 13.0/32 CPUs, 0/0 GPUs
Current best trial: 2ca7a_00000 with loss=0.0 and params={'osc_f': 3.0, 'osc_pop_name': 'IT3', 'saveFolder': '../grid_batch_5sec_IT3_w_10', 'simLabel': 'grid_00000'}
╭───────────────────────────────────────────────────────────────────────────────────────────────╮
│ Trial name        status          osc_f   osc_pop_name       iter     total time (s)     loss │
├───────────────────────────────────────────────────────────────────────────────────────────────┤
│ run_2ca7a_00001   RUNNING       4.03912   IT3                                                 │
│ run_2ca7a_00002   RUNNING       5.15816   IT3                                                 │
│ run_2ca7a_00003   RUNNING       6.35714   IT3                                                 │
│ run_2ca7a_00005   RUNNING       8.9949    IT3                                                 │
│ run_2ca7a_00006   RUNNING      10.4337    IT3                                                 │
│ run_2ca7a_00007   RUNNING      11.9524    IT3                                                 │
│ run_2ca7a_00012   RUNNING      20.7449    IT3                                                 │
│ run_2ca7a_00013   RUNNING      22.7432    IT3                                                 │
│ run_2ca7a_00014   RUNNING      24.8214    IT3                                                 │
│ run_2ca7a_00015   RUNNING      26.9796    IT3                                                 │
│ run_2ca7a_00016   RUNNING      29.2177    IT3                                                 │
│ run_2ca7a_00017   RUNNING      31.5357    IT3                                                 │
│ run_2ca7a_00018   RUNNING      33.9337    IT3                                                 │
│ run_2ca7a_00000   TERMINATED    3         IT3                   1            2684.37        0 │
│ run_2ca7a_00004   TERMINATED    7.63605   IT3                   1            2685.31        0 │
│ run_2ca7a_00008   TERMINATED   13.551     IT3                   1            2712.07        0 │
│ run_2ca7a_00009   TERMINATED   15.2296    IT3                   1            2638.1         0 │
│ run_2ca7a_00010   TERMINATED   16.9881    IT3                   1            2705.83        0 │
│ run_2ca7a_00011   TERMINATED   18.8265    IT3                   1            2717.54        0 │
╰───────────────────────────────────────────────────────────────────────────────────────────────╯

Trial run_2ca7a_00007 completed after 1 iterations at 2024-07-02 19:48:22. Total running time: 45min 44s
╭───────────────────────────────────────────────────────╮
│ Trial run_2ca7a_00007 result                          │
├───────────────────────────────────────────────────────┤
│ checkpoint_dir_name                                   │
│ time_this_iter_s                           2739.27849 │
│ time_total_s                               2739.27849 │
│ training_iteration                                  1 │
│ data                             ....0
dtype: float64 │
│ loss                                               0. │
╰───────────────────────────────────────────────────────╯

Trial run_2ca7a_00003 completed after 1 iterations at 2024-07-02 19:48:22. Total running time: 45min 44s
╭───────────────────────────────────────────────────────╮
│ Trial run_2ca7a_00003 result                          │
├───────────────────────────────────────────────────────┤
│ checkpoint_dir_name                                   │
│ time_this_iter_s                           2739.27039 │
│ time_total_s                               2739.27039 │
│ training_iteration                                  1 │
│ data                             ....0
dtype: float64 │
│ loss                                               0. │
╰───────────────────────────────────────────────────────╯

Trial run_2ca7a_00019 started with configuration:
╭───────────────────────────────────────────╮
│ Trial run_2ca7a_00019 config              │
├───────────────────────────────────────────┤
│ osc_f                            36.41156 │
│ osc_pop_name                          IT3 │
╰───────────────────────────────────────────╯

Trial run_2ca7a_00020 started with configuration:
╭───────────────────────────────────────────╮
│ Trial run_2ca7a_00020 config              │
├───────────────────────────────────────────┤
│ osc_f                            38.96939 │
│ osc_pop_name                          IT3 │
╰───────────────────────────────────────────╯

Trial run_2ca7a_00002 completed after 1 iterations at 2024-07-02 19:48:30. Total running time: 45min 53s
╭───────────────────────────────────────────────────────╮
│ Trial run_2ca7a_00002 result                          │
├───────────────────────────────────────────────────────┤
│ checkpoint_dir_name                                   │
│ time_this_iter_s                           2748.10578 │
│ time_total_s                               2748.10578 │
│ training_iteration                                  1 │
│ data                             ....0
dtype: float64 │
│ loss                                               0. │
╰───────────────────────────────────────────────────────╯

Trial run_2ca7a_00021 started with configuration:
╭───────────────────────────────────────────╮
│ Trial run_2ca7a_00021 config              │
├───────────────────────────────────────────┤
│ osc_f                            41.60714 │
│ osc_pop_name                          IT3 │
╰───────────────────────────────────────────╯

Trial status: 9 TERMINATED | 13 RUNNING
Current time: 2024-07-02 19:48:41. Total running time: 46min 4s
Logical resource usage: 13.0/32 CPUs, 0/0 GPUs
Current best trial: 2ca7a_00000 with loss=0.0 and params={'osc_f': 3.0, 'osc_pop_name': 'IT3', 'saveFolder': '../grid_batch_5sec_IT3_w_10', 'simLabel': 'grid_00000'}
╭───────────────────────────────────────────────────────────────────────────────────────────────╮
│ Trial name        status          osc_f   osc_pop_name       iter     total time (s)     loss │
├───────────────────────────────────────────────────────────────────────────────────────────────┤
│ run_2ca7a_00001   RUNNING       4.03912   IT3                                                 │
│ run_2ca7a_00005   RUNNING       8.9949    IT3                                                 │
│ run_2ca7a_00006   RUNNING      10.4337    IT3                                                 │
│ run_2ca7a_00012   RUNNING      20.7449    IT3                                                 │
│ run_2ca7a_00013   RUNNING      22.7432    IT3                                                 │
│ run_2ca7a_00000   TERMINATED    3         IT3                   1            2684.37        0 │
│ run_2ca7a_00002   TERMINATED    5.15816   IT3                   1            2748.11        0 │
│ run_2ca7a_00003   TERMINATED    6.35714   IT3                   1            2739.27        0 │
│ run_2ca7a_00004   TERMINATED    7.63605   IT3                   1            2685.31        0 │
│ run_2ca7a_00007   TERMINATED   11.9524    IT3                   1            2739.28        0 │
╰───────────────────────────────────────────────────────────────────────────────────────────────╯
8 more RUNNING, 4 more TERMINATED

Trial run_2ca7a_00005 completed after 1 iterations at 2024-07-02 19:49:03. Total running time: 46min 25s
╭───────────────────────────────────────────────────────╮
│ Trial run_2ca7a_00005 result                          │
├───────────────────────────────────────────────────────┤
│ checkpoint_dir_name                                   │
│ time_this_iter_s                            2780.1945 │
│ time_total_s                                2780.1945 │
│ training_iteration                                  1 │
│ data                             ....0
dtype: float64 │
│ loss                                               0. │
╰───────────────────────────────────────────────────────╯

Trial run_2ca7a_00022 started with configuration:
╭───────────────────────────────────────────╮
│ Trial run_2ca7a_00022 config              │
├───────────────────────────────────────────┤
│ osc_f                            44.32483 │
│ osc_pop_name                          IT3 │
╰───────────────────────────────────────────╯

Trial status: 10 TERMINATED | 13 RUNNING
Current time: 2024-07-02 19:49:11. Total running time: 46min 34s
Logical resource usage: 13.0/32 CPUs, 0/0 GPUs
Current best trial: 2ca7a_00000 with loss=0.0 and params={'osc_f': 3.0, 'osc_pop_name': 'IT3', 'saveFolder': '../grid_batch_5sec_IT3_w_10', 'simLabel': 'grid_00000'}
╭───────────────────────────────────────────────────────────────────────────────────────────────╮
│ Trial name        status          osc_f   osc_pop_name       iter     total time (s)     loss │
├───────────────────────────────────────────────────────────────────────────────────────────────┤
│ run_2ca7a_00001   RUNNING       4.03912   IT3                                                 │
│ run_2ca7a_00006   RUNNING      10.4337    IT3                                                 │
│ run_2ca7a_00012   RUNNING      20.7449    IT3                                                 │
│ run_2ca7a_00013   RUNNING      22.7432    IT3                                                 │
│ run_2ca7a_00014   RUNNING      24.8214    IT3                                                 │
│ run_2ca7a_00000   TERMINATED    3         IT3                   1            2684.37        0 │
│ run_2ca7a_00002   TERMINATED    5.15816   IT3                   1            2748.11        0 │
│ run_2ca7a_00003   TERMINATED    6.35714   IT3                   1            2739.27        0 │
│ run_2ca7a_00004   TERMINATED    7.63605   IT3                   1            2685.31        0 │
│ run_2ca7a_00005   TERMINATED    8.9949    IT3                   1            2780.19        0 │
╰───────────────────────────────────────────────────────────────────────────────────────────────╯
8 more RUNNING, 5 more TERMINATED
Trial status: 10 TERMINATED | 13 RUNNING
Current time: 2024-07-02 19:49:41. Total running time: 47min 4s
Logical resource usage: 13.0/32 CPUs, 0/0 GPUs
Current best trial: 2ca7a_00000 with loss=0.0 and params={'osc_f': 3.0, 'osc_pop_name': 'IT3', 'saveFolder': '../grid_batch_5sec_IT3_w_10', 'simLabel': 'grid_00000'}
╭───────────────────────────────────────────────────────────────────────────────────────────────╮
│ Trial name        status          osc_f   osc_pop_name       iter     total time (s)     loss │
├───────────────────────────────────────────────────────────────────────────────────────────────┤
│ run_2ca7a_00001   RUNNING       4.03912   IT3                                                 │
│ run_2ca7a_00006   RUNNING      10.4337    IT3                                                 │
│ run_2ca7a_00012   RUNNING      20.7449    IT3                                                 │
│ run_2ca7a_00013   RUNNING      22.7432    IT3                                                 │
│ run_2ca7a_00014   RUNNING      24.8214    IT3                                                 │
│ run_2ca7a_00000   TERMINATED    3         IT3                   1            2684.37        0 │
│ run_2ca7a_00002   TERMINATED    5.15816   IT3                   1            2748.11        0 │
│ run_2ca7a_00003   TERMINATED    6.35714   IT3                   1            2739.27        0 │
│ run_2ca7a_00004   TERMINATED    7.63605   IT3                   1            2685.31        0 │
│ run_2ca7a_00005   TERMINATED    8.9949    IT3                   1            2780.19        0 │
╰───────────────────────────────────────────────────────────────────────────────────────────────╯
8 more RUNNING, 5 more TERMINATED
Trial status: 10 TERMINATED | 13 RUNNING
Current time: 2024-07-02 19:50:11. Total running time: 47min 34s
Logical resource usage: 13.0/32 CPUs, 0/0 GPUs
Current best trial: 2ca7a_00000 with loss=0.0 and params={'osc_f': 3.0, 'osc_pop_name': 'IT3', 'saveFolder': '../grid_batch_5sec_IT3_w_10', 'simLabel': 'grid_00000'}
╭───────────────────────────────────────────────────────────────────────────────────────────────╮
│ Trial name        status          osc_f   osc_pop_name       iter     total time (s)     loss │
├───────────────────────────────────────────────────────────────────────────────────────────────┤
│ run_2ca7a_00001   RUNNING       4.03912   IT3                                                 │
│ run_2ca7a_00006   RUNNING      10.4337    IT3                                                 │
│ run_2ca7a_00012   RUNNING      20.7449    IT3                                                 │
│ run_2ca7a_00013   RUNNING      22.7432    IT3                                                 │
│ run_2ca7a_00014   RUNNING      24.8214    IT3                                                 │
│ run_2ca7a_00000   TERMINATED    3         IT3                   1            2684.37        0 │
│ run_2ca7a_00002   TERMINATED    5.15816   IT3                   1            2748.11        0 │
│ run_2ca7a_00003   TERMINATED    6.35714   IT3                   1            2739.27        0 │
│ run_2ca7a_00004   TERMINATED    7.63605   IT3                   1            2685.31        0 │
│ run_2ca7a_00005   TERMINATED    8.9949    IT3                   1            2780.19        0 │
╰───────────────────────────────────────────────────────────────────────────────────────────────╯
8 more RUNNING, 5 more TERMINATED
Trial status: 10 TERMINATED | 13 RUNNING
Current time: 2024-07-02 19:50:41. Total running time: 48min 4s
Logical resource usage: 13.0/32 CPUs, 0/0 GPUs
Current best trial: 2ca7a_00000 with loss=0.0 and params={'osc_f': 3.0, 'osc_pop_name': 'IT3', 'saveFolder': '../grid_batch_5sec_IT3_w_10', 'simLabel': 'grid_00000'}
╭───────────────────────────────────────────────────────────────────────────────────────────────╮
│ Trial name        status          osc_f   osc_pop_name       iter     total time (s)     loss │
├───────────────────────────────────────────────────────────────────────────────────────────────┤
│ run_2ca7a_00001   RUNNING       4.03912   IT3                                                 │
│ run_2ca7a_00006   RUNNING      10.4337    IT3                                                 │
│ run_2ca7a_00012   RUNNING      20.7449    IT3                                                 │
│ run_2ca7a_00013   RUNNING      22.7432    IT3                                                 │
│ run_2ca7a_00014   RUNNING      24.8214    IT3                                                 │
│ run_2ca7a_00000   TERMINATED    3         IT3                   1            2684.37        0 │
│ run_2ca7a_00002   TERMINATED    5.15816   IT3                   1            2748.11        0 │
│ run_2ca7a_00003   TERMINATED    6.35714   IT3                   1            2739.27        0 │
│ run_2ca7a_00004   TERMINATED    7.63605   IT3                   1            2685.31        0 │
│ run_2ca7a_00005   TERMINATED    8.9949    IT3                   1            2780.19        0 │
╰───────────────────────────────────────────────────────────────────────────────────────────────╯
8 more RUNNING, 5 more TERMINATED
Trial status: 10 TERMINATED | 13 RUNNING
Current time: 2024-07-02 19:51:11. Total running time: 48min 34s
Logical resource usage: 13.0/32 CPUs, 0/0 GPUs
Current best trial: 2ca7a_00000 with loss=0.0 and params={'osc_f': 3.0, 'osc_pop_name': 'IT3', 'saveFolder': '../grid_batch_5sec_IT3_w_10', 'simLabel': 'grid_00000'}
╭───────────────────────────────────────────────────────────────────────────────────────────────╮
│ Trial name        status          osc_f   osc_pop_name       iter     total time (s)     loss │
├───────────────────────────────────────────────────────────────────────────────────────────────┤
│ run_2ca7a_00001   RUNNING       4.03912   IT3                                                 │
│ run_2ca7a_00006   RUNNING      10.4337    IT3                                                 │
│ run_2ca7a_00012   RUNNING      20.7449    IT3                                                 │
│ run_2ca7a_00013   RUNNING      22.7432    IT3                                                 │
│ run_2ca7a_00014   RUNNING      24.8214    IT3                                                 │
│ run_2ca7a_00000   TERMINATED    3         IT3                   1            2684.37        0 │
│ run_2ca7a_00002   TERMINATED    5.15816   IT3                   1            2748.11        0 │
│ run_2ca7a_00003   TERMINATED    6.35714   IT3                   1            2739.27        0 │
│ run_2ca7a_00004   TERMINATED    7.63605   IT3                   1            2685.31        0 │
│ run_2ca7a_00005   TERMINATED    8.9949    IT3                   1            2780.19        0 │
╰───────────────────────────────────────────────────────────────────────────────────────────────╯
8 more RUNNING, 5 more TERMINATED
Trial status: 10 TERMINATED | 13 RUNNING
Current time: 2024-07-02 19:51:41. Total running time: 49min 4s
Logical resource usage: 13.0/32 CPUs, 0/0 GPUs
Current best trial: 2ca7a_00000 with loss=0.0 and params={'osc_f': 3.0, 'osc_pop_name': 'IT3', 'saveFolder': '../grid_batch_5sec_IT3_w_10', 'simLabel': 'grid_00000'}
╭───────────────────────────────────────────────────────────────────────────────────────────────╮
│ Trial name        status          osc_f   osc_pop_name       iter     total time (s)     loss │
├───────────────────────────────────────────────────────────────────────────────────────────────┤
│ run_2ca7a_00001   RUNNING       4.03912   IT3                                                 │
│ run_2ca7a_00006   RUNNING      10.4337    IT3                                                 │
│ run_2ca7a_00012   RUNNING      20.7449    IT3                                                 │
│ run_2ca7a_00013   RUNNING      22.7432    IT3                                                 │
│ run_2ca7a_00014   RUNNING      24.8214    IT3                                                 │
│ run_2ca7a_00000   TERMINATED    3         IT3                   1            2684.37        0 │
│ run_2ca7a_00002   TERMINATED    5.15816   IT3                   1            2748.11        0 │
│ run_2ca7a_00003   TERMINATED    6.35714   IT3                   1            2739.27        0 │
│ run_2ca7a_00004   TERMINATED    7.63605   IT3                   1            2685.31        0 │
│ run_2ca7a_00005   TERMINATED    8.9949    IT3                   1            2780.19        0 │
╰───────────────────────────────────────────────────────────────────────────────────────────────╯
8 more RUNNING, 5 more TERMINATED
Trial status: 10 TERMINATED | 13 RUNNING
Current time: 2024-07-02 19:52:11. Total running time: 49min 34s
Logical resource usage: 13.0/32 CPUs, 0/0 GPUs
Current best trial: 2ca7a_00000 with loss=0.0 and params={'osc_f': 3.0, 'osc_pop_name': 'IT3', 'saveFolder': '../grid_batch_5sec_IT3_w_10', 'simLabel': 'grid_00000'}
╭───────────────────────────────────────────────────────────────────────────────────────────────╮
│ Trial name        status          osc_f   osc_pop_name       iter     total time (s)     loss │
├───────────────────────────────────────────────────────────────────────────────────────────────┤
│ run_2ca7a_00001   RUNNING       4.03912   IT3                                                 │
│ run_2ca7a_00006   RUNNING      10.4337    IT3                                                 │
│ run_2ca7a_00012   RUNNING      20.7449    IT3                                                 │
│ run_2ca7a_00013   RUNNING      22.7432    IT3                                                 │
│ run_2ca7a_00014   RUNNING      24.8214    IT3                                                 │
│ run_2ca7a_00000   TERMINATED    3         IT3                   1            2684.37        0 │
│ run_2ca7a_00002   TERMINATED    5.15816   IT3                   1            2748.11        0 │
│ run_2ca7a_00003   TERMINATED    6.35714   IT3                   1            2739.27        0 │
│ run_2ca7a_00004   TERMINATED    7.63605   IT3                   1            2685.31        0 │
│ run_2ca7a_00005   TERMINATED    8.9949    IT3                   1            2780.19        0 │
╰───────────────────────────────────────────────────────────────────────────────────────────────╯
8 more RUNNING, 5 more TERMINATED
Trial status: 10 TERMINATED | 13 RUNNING
Current time: 2024-07-02 19:52:42. Total running time: 50min 4s
Logical resource usage: 13.0/32 CPUs, 0/0 GPUs
Current best trial: 2ca7a_00000 with loss=0.0 and params={'osc_f': 3.0, 'osc_pop_name': 'IT3', 'saveFolder': '../grid_batch_5sec_IT3_w_10', 'simLabel': 'grid_00000'}
╭───────────────────────────────────────────────────────────────────────────────────────────────╮
│ Trial name        status          osc_f   osc_pop_name       iter     total time (s)     loss │
├───────────────────────────────────────────────────────────────────────────────────────────────┤
│ run_2ca7a_00001   RUNNING       4.03912   IT3                                                 │
│ run_2ca7a_00006   RUNNING      10.4337    IT3                                                 │
│ run_2ca7a_00012   RUNNING      20.7449    IT3                                                 │
│ run_2ca7a_00013   RUNNING      22.7432    IT3                                                 │
│ run_2ca7a_00014   RUNNING      24.8214    IT3                                                 │
│ run_2ca7a_00000   TERMINATED    3         IT3                   1            2684.37        0 │
│ run_2ca7a_00002   TERMINATED    5.15816   IT3                   1            2748.11        0 │
│ run_2ca7a_00003   TERMINATED    6.35714   IT3                   1            2739.27        0 │
│ run_2ca7a_00004   TERMINATED    7.63605   IT3                   1            2685.31        0 │
│ run_2ca7a_00005   TERMINATED    8.9949    IT3                   1            2780.19        0 │
╰───────────────────────────────────────────────────────────────────────────────────────────────╯
8 more RUNNING, 5 more TERMINATED
Trial status: 10 TERMINATED | 13 RUNNING
Current time: 2024-07-02 19:53:12. Total running time: 50min 34s
Logical resource usage: 13.0/32 CPUs, 0/0 GPUs
Current best trial: 2ca7a_00000 with loss=0.0 and params={'osc_f': 3.0, 'osc_pop_name': 'IT3', 'saveFolder': '../grid_batch_5sec_IT3_w_10', 'simLabel': 'grid_00000'}
╭───────────────────────────────────────────────────────────────────────────────────────────────╮
│ Trial name        status          osc_f   osc_pop_name       iter     total time (s)     loss │
├───────────────────────────────────────────────────────────────────────────────────────────────┤
│ run_2ca7a_00001   RUNNING       4.03912   IT3                                                 │
│ run_2ca7a_00006   RUNNING      10.4337    IT3                                                 │
│ run_2ca7a_00012   RUNNING      20.7449    IT3                                                 │
│ run_2ca7a_00013   RUNNING      22.7432    IT3                                                 │
│ run_2ca7a_00014   RUNNING      24.8214    IT3                                                 │
│ run_2ca7a_00000   TERMINATED    3         IT3                   1            2684.37        0 │
│ run_2ca7a_00002   TERMINATED    5.15816   IT3                   1            2748.11        0 │
│ run_2ca7a_00003   TERMINATED    6.35714   IT3                   1            2739.27        0 │
│ run_2ca7a_00004   TERMINATED    7.63605   IT3                   1            2685.31        0 │
│ run_2ca7a_00005   TERMINATED    8.9949    IT3                   1            2780.19        0 │
╰───────────────────────────────────────────────────────────────────────────────────────────────╯
8 more RUNNING, 5 more TERMINATED
Trial status: 10 TERMINATED | 13 RUNNING
Current time: 2024-07-02 19:53:42. Total running time: 51min 4s
Logical resource usage: 13.0/32 CPUs, 0/0 GPUs
Current best trial: 2ca7a_00000 with loss=0.0 and params={'osc_f': 3.0, 'osc_pop_name': 'IT3', 'saveFolder': '../grid_batch_5sec_IT3_w_10', 'simLabel': 'grid_00000'}
╭───────────────────────────────────────────────────────────────────────────────────────────────╮
│ Trial name        status          osc_f   osc_pop_name       iter     total time (s)     loss │
├───────────────────────────────────────────────────────────────────────────────────────────────┤
│ run_2ca7a_00001   RUNNING       4.03912   IT3                                                 │
│ run_2ca7a_00006   RUNNING      10.4337    IT3                                                 │
│ run_2ca7a_00012   RUNNING      20.7449    IT3                                                 │
│ run_2ca7a_00013   RUNNING      22.7432    IT3                                                 │
│ run_2ca7a_00014   RUNNING      24.8214    IT3                                                 │
│ run_2ca7a_00000   TERMINATED    3         IT3                   1            2684.37        0 │
│ run_2ca7a_00002   TERMINATED    5.15816   IT3                   1            2748.11        0 │
│ run_2ca7a_00003   TERMINATED    6.35714   IT3                   1            2739.27        0 │
│ run_2ca7a_00004   TERMINATED    7.63605   IT3                   1            2685.31        0 │
│ run_2ca7a_00005   TERMINATED    8.9949    IT3                   1            2780.19        0 │
╰───────────────────────────────────────────────────────────────────────────────────────────────╯
8 more RUNNING, 5 more TERMINATED
Trial status: 10 TERMINATED | 13 RUNNING
Current time: 2024-07-02 19:54:12. Total running time: 51min 34s
Logical resource usage: 13.0/32 CPUs, 0/0 GPUs
Current best trial: 2ca7a_00000 with loss=0.0 and params={'osc_f': 3.0, 'osc_pop_name': 'IT3', 'saveFolder': '../grid_batch_5sec_IT3_w_10', 'simLabel': 'grid_00000'}
╭───────────────────────────────────────────────────────────────────────────────────────────────╮
│ Trial name        status          osc_f   osc_pop_name       iter     total time (s)     loss │
├───────────────────────────────────────────────────────────────────────────────────────────────┤
│ run_2ca7a_00001   RUNNING       4.03912   IT3                                                 │
│ run_2ca7a_00006   RUNNING      10.4337    IT3                                                 │
│ run_2ca7a_00012   RUNNING      20.7449    IT3                                                 │
│ run_2ca7a_00013   RUNNING      22.7432    IT3                                                 │
│ run_2ca7a_00014   RUNNING      24.8214    IT3                                                 │
│ run_2ca7a_00000   TERMINATED    3         IT3                   1            2684.37        0 │
│ run_2ca7a_00002   TERMINATED    5.15816   IT3                   1            2748.11        0 │
│ run_2ca7a_00003   TERMINATED    6.35714   IT3                   1            2739.27        0 │
│ run_2ca7a_00004   TERMINATED    7.63605   IT3                   1            2685.31        0 │
│ run_2ca7a_00005   TERMINATED    8.9949    IT3                   1            2780.19        0 │
╰───────────────────────────────────────────────────────────────────────────────────────────────╯
8 more RUNNING, 5 more TERMINATED
Trial status: 10 TERMINATED | 13 RUNNING
Current time: 2024-07-02 19:54:42. Total running time: 52min 4s
Logical resource usage: 13.0/32 CPUs, 0/0 GPUs
Current best trial: 2ca7a_00000 with loss=0.0 and params={'osc_f': 3.0, 'osc_pop_name': 'IT3', 'saveFolder': '../grid_batch_5sec_IT3_w_10', 'simLabel': 'grid_00000'}
╭───────────────────────────────────────────────────────────────────────────────────────────────╮
│ Trial name        status          osc_f   osc_pop_name       iter     total time (s)     loss │
├───────────────────────────────────────────────────────────────────────────────────────────────┤
│ run_2ca7a_00001   RUNNING       4.03912   IT3                                                 │
│ run_2ca7a_00006   RUNNING      10.4337    IT3                                                 │
│ run_2ca7a_00012   RUNNING      20.7449    IT3                                                 │
│ run_2ca7a_00013   RUNNING      22.7432    IT3                                                 │
│ run_2ca7a_00014   RUNNING      24.8214    IT3                                                 │
│ run_2ca7a_00000   TERMINATED    3         IT3                   1            2684.37        0 │
│ run_2ca7a_00002   TERMINATED    5.15816   IT3                   1            2748.11        0 │
│ run_2ca7a_00003   TERMINATED    6.35714   IT3                   1            2739.27        0 │
│ run_2ca7a_00004   TERMINATED    7.63605   IT3                   1            2685.31        0 │
│ run_2ca7a_00005   TERMINATED    8.9949    IT3                   1            2780.19        0 │
╰───────────────────────────────────────────────────────────────────────────────────────────────╯
8 more RUNNING, 5 more TERMINATED
Trial status: 10 TERMINATED | 13 RUNNING
Current time: 2024-07-02 19:55:12. Total running time: 52min 34s
Logical resource usage: 13.0/32 CPUs, 0/0 GPUs
Current best trial: 2ca7a_00000 with loss=0.0 and params={'osc_f': 3.0, 'osc_pop_name': 'IT3', 'saveFolder': '../grid_batch_5sec_IT3_w_10', 'simLabel': 'grid_00000'}
╭───────────────────────────────────────────────────────────────────────────────────────────────╮
│ Trial name        status          osc_f   osc_pop_name       iter     total time (s)     loss │
├───────────────────────────────────────────────────────────────────────────────────────────────┤
│ run_2ca7a_00001   RUNNING       4.03912   IT3                                                 │
│ run_2ca7a_00006   RUNNING      10.4337    IT3                                                 │
│ run_2ca7a_00012   RUNNING      20.7449    IT3                                                 │
│ run_2ca7a_00013   RUNNING      22.7432    IT3                                                 │
│ run_2ca7a_00014   RUNNING      24.8214    IT3                                                 │
│ run_2ca7a_00000   TERMINATED    3         IT3                   1            2684.37        0 │
│ run_2ca7a_00002   TERMINATED    5.15816   IT3                   1            2748.11        0 │
│ run_2ca7a_00003   TERMINATED    6.35714   IT3                   1            2739.27        0 │
│ run_2ca7a_00004   TERMINATED    7.63605   IT3                   1            2685.31        0 │
│ run_2ca7a_00005   TERMINATED    8.9949    IT3                   1            2780.19        0 │
╰───────────────────────────────────────────────────────────────────────────────────────────────╯
8 more RUNNING, 5 more TERMINATED
Trial status: 10 TERMINATED | 13 RUNNING
Current time: 2024-07-02 19:55:42. Total running time: 53min 5s
Logical resource usage: 13.0/32 CPUs, 0/0 GPUs
Current best trial: 2ca7a_00000 with loss=0.0 and params={'osc_f': 3.0, 'osc_pop_name': 'IT3', 'saveFolder': '../grid_batch_5sec_IT3_w_10', 'simLabel': 'grid_00000'}
╭───────────────────────────────────────────────────────────────────────────────────────────────╮
│ Trial name        status          osc_f   osc_pop_name       iter     total time (s)     loss │
├───────────────────────────────────────────────────────────────────────────────────────────────┤
│ run_2ca7a_00001   RUNNING       4.03912   IT3                                                 │
│ run_2ca7a_00006   RUNNING      10.4337    IT3                                                 │
│ run_2ca7a_00012   RUNNING      20.7449    IT3                                                 │
│ run_2ca7a_00013   RUNNING      22.7432    IT3                                                 │
│ run_2ca7a_00014   RUNNING      24.8214    IT3                                                 │
│ run_2ca7a_00000   TERMINATED    3         IT3                   1            2684.37        0 │
│ run_2ca7a_00002   TERMINATED    5.15816   IT3                   1            2748.11        0 │
│ run_2ca7a_00003   TERMINATED    6.35714   IT3                   1            2739.27        0 │
│ run_2ca7a_00004   TERMINATED    7.63605   IT3                   1            2685.31        0 │
│ run_2ca7a_00005   TERMINATED    8.9949    IT3                   1            2780.19        0 │
╰───────────────────────────────────────────────────────────────────────────────────────────────╯
8 more RUNNING, 5 more TERMINATED
Trial status: 10 TERMINATED | 13 RUNNING
Current time: 2024-07-02 19:56:12. Total running time: 53min 35s
Logical resource usage: 13.0/32 CPUs, 0/0 GPUs
Current best trial: 2ca7a_00000 with loss=0.0 and params={'osc_f': 3.0, 'osc_pop_name': 'IT3', 'saveFolder': '../grid_batch_5sec_IT3_w_10', 'simLabel': 'grid_00000'}
╭───────────────────────────────────────────────────────────────────────────────────────────────╮
│ Trial name        status          osc_f   osc_pop_name       iter     total time (s)     loss │
├───────────────────────────────────────────────────────────────────────────────────────────────┤
│ run_2ca7a_00001   RUNNING       4.03912   IT3                                                 │
│ run_2ca7a_00006   RUNNING      10.4337    IT3                                                 │
│ run_2ca7a_00012   RUNNING      20.7449    IT3                                                 │
│ run_2ca7a_00013   RUNNING      22.7432    IT3                                                 │
│ run_2ca7a_00014   RUNNING      24.8214    IT3                                                 │
│ run_2ca7a_00000   TERMINATED    3         IT3                   1            2684.37        0 │
│ run_2ca7a_00002   TERMINATED    5.15816   IT3                   1            2748.11        0 │
│ run_2ca7a_00003   TERMINATED    6.35714   IT3                   1            2739.27        0 │
│ run_2ca7a_00004   TERMINATED    7.63605   IT3                   1            2685.31        0 │
│ run_2ca7a_00005   TERMINATED    8.9949    IT3                   1            2780.19        0 │
╰───────────────────────────────────────────────────────────────────────────────────────────────╯
8 more RUNNING, 5 more TERMINATED
Trial status: 10 TERMINATED | 13 RUNNING
Current time: 2024-07-02 19:56:42. Total running time: 54min 5s
Logical resource usage: 13.0/32 CPUs, 0/0 GPUs
Current best trial: 2ca7a_00000 with loss=0.0 and params={'osc_f': 3.0, 'osc_pop_name': 'IT3', 'saveFolder': '../grid_batch_5sec_IT3_w_10', 'simLabel': 'grid_00000'}
╭───────────────────────────────────────────────────────────────────────────────────────────────╮
│ Trial name        status          osc_f   osc_pop_name       iter     total time (s)     loss │
├───────────────────────────────────────────────────────────────────────────────────────────────┤
│ run_2ca7a_00001   RUNNING       4.03912   IT3                                                 │
│ run_2ca7a_00006   RUNNING      10.4337    IT3                                                 │
│ run_2ca7a_00012   RUNNING      20.7449    IT3                                                 │
│ run_2ca7a_00013   RUNNING      22.7432    IT3                                                 │
│ run_2ca7a_00014   RUNNING      24.8214    IT3                                                 │
│ run_2ca7a_00000   TERMINATED    3         IT3                   1            2684.37        0 │
│ run_2ca7a_00002   TERMINATED    5.15816   IT3                   1            2748.11        0 │
│ run_2ca7a_00003   TERMINATED    6.35714   IT3                   1            2739.27        0 │
│ run_2ca7a_00004   TERMINATED    7.63605   IT3                   1            2685.31        0 │
│ run_2ca7a_00005   TERMINATED    8.9949    IT3                   1            2780.19        0 │
╰───────────────────────────────────────────────────────────────────────────────────────────────╯
8 more RUNNING, 5 more TERMINATED
Trial status: 10 TERMINATED | 13 RUNNING
Current time: 2024-07-02 19:57:12. Total running time: 54min 35s
Logical resource usage: 13.0/32 CPUs, 0/0 GPUs
Current best trial: 2ca7a_00000 with loss=0.0 and params={'osc_f': 3.0, 'osc_pop_name': 'IT3', 'saveFolder': '../grid_batch_5sec_IT3_w_10', 'simLabel': 'grid_00000'}
╭───────────────────────────────────────────────────────────────────────────────────────────────╮
│ Trial name        status          osc_f   osc_pop_name       iter     total time (s)     loss │
├───────────────────────────────────────────────────────────────────────────────────────────────┤
│ run_2ca7a_00001   RUNNING       4.03912   IT3                                                 │
│ run_2ca7a_00006   RUNNING      10.4337    IT3                                                 │
│ run_2ca7a_00012   RUNNING      20.7449    IT3                                                 │
│ run_2ca7a_00013   RUNNING      22.7432    IT3                                                 │
│ run_2ca7a_00014   RUNNING      24.8214    IT3                                                 │
│ run_2ca7a_00000   TERMINATED    3         IT3                   1            2684.37        0 │
│ run_2ca7a_00002   TERMINATED    5.15816   IT3                   1            2748.11        0 │
│ run_2ca7a_00003   TERMINATED    6.35714   IT3                   1            2739.27        0 │
│ run_2ca7a_00004   TERMINATED    7.63605   IT3                   1            2685.31        0 │
│ run_2ca7a_00005   TERMINATED    8.9949    IT3                   1            2780.19        0 │
╰───────────────────────────────────────────────────────────────────────────────────────────────╯
8 more RUNNING, 5 more TERMINATED
Trial status: 10 TERMINATED | 13 RUNNING
Current time: 2024-07-02 19:57:42. Total running time: 55min 5s
Logical resource usage: 13.0/32 CPUs, 0/0 GPUs
Current best trial: 2ca7a_00000 with loss=0.0 and params={'osc_f': 3.0, 'osc_pop_name': 'IT3', 'saveFolder': '../grid_batch_5sec_IT3_w_10', 'simLabel': 'grid_00000'}
╭───────────────────────────────────────────────────────────────────────────────────────────────╮
│ Trial name        status          osc_f   osc_pop_name       iter     total time (s)     loss │
├───────────────────────────────────────────────────────────────────────────────────────────────┤
│ run_2ca7a_00001   RUNNING       4.03912   IT3                                                 │
│ run_2ca7a_00006   RUNNING      10.4337    IT3                                                 │
│ run_2ca7a_00012   RUNNING      20.7449    IT3                                                 │
│ run_2ca7a_00013   RUNNING      22.7432    IT3                                                 │
│ run_2ca7a_00014   RUNNING      24.8214    IT3                                                 │
│ run_2ca7a_00000   TERMINATED    3         IT3                   1            2684.37        0 │
│ run_2ca7a_00002   TERMINATED    5.15816   IT3                   1            2748.11        0 │
│ run_2ca7a_00003   TERMINATED    6.35714   IT3                   1            2739.27        0 │
│ run_2ca7a_00004   TERMINATED    7.63605   IT3                   1            2685.31        0 │
│ run_2ca7a_00005   TERMINATED    8.9949    IT3                   1            2780.19        0 │
╰───────────────────────────────────────────────────────────────────────────────────────────────╯
8 more RUNNING, 5 more TERMINATED
Trial status: 10 TERMINATED | 13 RUNNING
Current time: 2024-07-02 19:58:12. Total running time: 55min 35s
Logical resource usage: 13.0/32 CPUs, 0/0 GPUs
Current best trial: 2ca7a_00000 with loss=0.0 and params={'osc_f': 3.0, 'osc_pop_name': 'IT3', 'saveFolder': '../grid_batch_5sec_IT3_w_10', 'simLabel': 'grid_00000'}
╭───────────────────────────────────────────────────────────────────────────────────────────────╮
│ Trial name        status          osc_f   osc_pop_name       iter     total time (s)     loss │
├───────────────────────────────────────────────────────────────────────────────────────────────┤
│ run_2ca7a_00001   RUNNING       4.03912   IT3                                                 │
│ run_2ca7a_00006   RUNNING      10.4337    IT3                                                 │
│ run_2ca7a_00012   RUNNING      20.7449    IT3                                                 │
│ run_2ca7a_00013   RUNNING      22.7432    IT3                                                 │
│ run_2ca7a_00014   RUNNING      24.8214    IT3                                                 │
│ run_2ca7a_00000   TERMINATED    3         IT3                   1            2684.37        0 │
│ run_2ca7a_00002   TERMINATED    5.15816   IT3                   1            2748.11        0 │
│ run_2ca7a_00003   TERMINATED    6.35714   IT3                   1            2739.27        0 │
│ run_2ca7a_00004   TERMINATED    7.63605   IT3                   1            2685.31        0 │
│ run_2ca7a_00005   TERMINATED    8.9949    IT3                   1            2780.19        0 │
╰───────────────────────────────────────────────────────────────────────────────────────────────╯
8 more RUNNING, 5 more TERMINATED
Trial status: 10 TERMINATED | 13 RUNNING
Current time: 2024-07-02 19:58:42. Total running time: 56min 5s
Logical resource usage: 13.0/32 CPUs, 0/0 GPUs
Current best trial: 2ca7a_00000 with loss=0.0 and params={'osc_f': 3.0, 'osc_pop_name': 'IT3', 'saveFolder': '../grid_batch_5sec_IT3_w_10', 'simLabel': 'grid_00000'}
╭───────────────────────────────────────────────────────────────────────────────────────────────╮
│ Trial name        status          osc_f   osc_pop_name       iter     total time (s)     loss │
├───────────────────────────────────────────────────────────────────────────────────────────────┤
│ run_2ca7a_00001   RUNNING       4.03912   IT3                                                 │
│ run_2ca7a_00006   RUNNING      10.4337    IT3                                                 │
│ run_2ca7a_00012   RUNNING      20.7449    IT3                                                 │
│ run_2ca7a_00013   RUNNING      22.7432    IT3                                                 │
│ run_2ca7a_00014   RUNNING      24.8214    IT3                                                 │
│ run_2ca7a_00000   TERMINATED    3         IT3                   1            2684.37        0 │
│ run_2ca7a_00002   TERMINATED    5.15816   IT3                   1            2748.11        0 │
│ run_2ca7a_00003   TERMINATED    6.35714   IT3                   1            2739.27        0 │
│ run_2ca7a_00004   TERMINATED    7.63605   IT3                   1            2685.31        0 │
│ run_2ca7a_00005   TERMINATED    8.9949    IT3                   1            2780.19        0 │
╰───────────────────────────────────────────────────────────────────────────────────────────────╯
8 more RUNNING, 5 more TERMINATED
Trial status: 10 TERMINATED | 13 RUNNING
Current time: 2024-07-02 19:59:12. Total running time: 56min 35s
Logical resource usage: 13.0/32 CPUs, 0/0 GPUs
Current best trial: 2ca7a_00000 with loss=0.0 and params={'osc_f': 3.0, 'osc_pop_name': 'IT3', 'saveFolder': '../grid_batch_5sec_IT3_w_10', 'simLabel': 'grid_00000'}
╭───────────────────────────────────────────────────────────────────────────────────────────────╮
│ Trial name        status          osc_f   osc_pop_name       iter     total time (s)     loss │
├───────────────────────────────────────────────────────────────────────────────────────────────┤
│ run_2ca7a_00001   RUNNING       4.03912   IT3                                                 │
│ run_2ca7a_00006   RUNNING      10.4337    IT3                                                 │
│ run_2ca7a_00012   RUNNING      20.7449    IT3                                                 │
│ run_2ca7a_00013   RUNNING      22.7432    IT3                                                 │
│ run_2ca7a_00014   RUNNING      24.8214    IT3                                                 │
│ run_2ca7a_00000   TERMINATED    3         IT3                   1            2684.37        0 │
│ run_2ca7a_00002   TERMINATED    5.15816   IT3                   1            2748.11        0 │
│ run_2ca7a_00003   TERMINATED    6.35714   IT3                   1            2739.27        0 │
│ run_2ca7a_00004   TERMINATED    7.63605   IT3                   1            2685.31        0 │
│ run_2ca7a_00005   TERMINATED    8.9949    IT3                   1            2780.19        0 │
╰───────────────────────────────────────────────────────────────────────────────────────────────╯
8 more RUNNING, 5 more TERMINATED
Trial status: 10 TERMINATED | 13 RUNNING
Current time: 2024-07-02 19:59:42. Total running time: 57min 5s
Logical resource usage: 13.0/32 CPUs, 0/0 GPUs
Current best trial: 2ca7a_00000 with loss=0.0 and params={'osc_f': 3.0, 'osc_pop_name': 'IT3', 'saveFolder': '../grid_batch_5sec_IT3_w_10', 'simLabel': 'grid_00000'}
╭───────────────────────────────────────────────────────────────────────────────────────────────╮
│ Trial name        status          osc_f   osc_pop_name       iter     total time (s)     loss │
├───────────────────────────────────────────────────────────────────────────────────────────────┤
│ run_2ca7a_00001   RUNNING       4.03912   IT3                                                 │
│ run_2ca7a_00006   RUNNING      10.4337    IT3                                                 │
│ run_2ca7a_00012   RUNNING      20.7449    IT3                                                 │
│ run_2ca7a_00013   RUNNING      22.7432    IT3                                                 │
│ run_2ca7a_00014   RUNNING      24.8214    IT3                                                 │
│ run_2ca7a_00000   TERMINATED    3         IT3                   1            2684.37        0 │
│ run_2ca7a_00002   TERMINATED    5.15816   IT3                   1            2748.11        0 │
│ run_2ca7a_00003   TERMINATED    6.35714   IT3                   1            2739.27        0 │
│ run_2ca7a_00004   TERMINATED    7.63605   IT3                   1            2685.31        0 │
│ run_2ca7a_00005   TERMINATED    8.9949    IT3                   1            2780.19        0 │
╰───────────────────────────────────────────────────────────────────────────────────────────────╯
8 more RUNNING, 5 more TERMINATED
Trial status: 10 TERMINATED | 13 RUNNING
Current time: 2024-07-02 20:00:12. Total running time: 57min 35s
Logical resource usage: 13.0/32 CPUs, 0/0 GPUs
Current best trial: 2ca7a_00000 with loss=0.0 and params={'osc_f': 3.0, 'osc_pop_name': 'IT3', 'saveFolder': '../grid_batch_5sec_IT3_w_10', 'simLabel': 'grid_00000'}
╭───────────────────────────────────────────────────────────────────────────────────────────────╮
│ Trial name        status          osc_f   osc_pop_name       iter     total time (s)     loss │
├───────────────────────────────────────────────────────────────────────────────────────────────┤
│ run_2ca7a_00001   RUNNING       4.03912   IT3                                                 │
│ run_2ca7a_00006   RUNNING      10.4337    IT3                                                 │
│ run_2ca7a_00012   RUNNING      20.7449    IT3                                                 │
│ run_2ca7a_00013   RUNNING      22.7432    IT3                                                 │
│ run_2ca7a_00014   RUNNING      24.8214    IT3                                                 │
│ run_2ca7a_00000   TERMINATED    3         IT3                   1            2684.37        0 │
│ run_2ca7a_00002   TERMINATED    5.15816   IT3                   1            2748.11        0 │
│ run_2ca7a_00003   TERMINATED    6.35714   IT3                   1            2739.27        0 │
│ run_2ca7a_00004   TERMINATED    7.63605   IT3                   1            2685.31        0 │
│ run_2ca7a_00005   TERMINATED    8.9949    IT3                   1            2780.19        0 │
╰───────────────────────────────────────────────────────────────────────────────────────────────╯
8 more RUNNING, 5 more TERMINATED
Trial status: 10 TERMINATED | 13 RUNNING
Current time: 2024-07-02 20:00:42. Total running time: 58min 5s
Logical resource usage: 13.0/32 CPUs, 0/0 GPUs
Current best trial: 2ca7a_00000 with loss=0.0 and params={'osc_f': 3.0, 'osc_pop_name': 'IT3', 'saveFolder': '../grid_batch_5sec_IT3_w_10', 'simLabel': 'grid_00000'}
╭───────────────────────────────────────────────────────────────────────────────────────────────╮
│ Trial name        status          osc_f   osc_pop_name       iter     total time (s)     loss │
├───────────────────────────────────────────────────────────────────────────────────────────────┤
│ run_2ca7a_00001   RUNNING       4.03912   IT3                                                 │
│ run_2ca7a_00006   RUNNING      10.4337    IT3                                                 │
│ run_2ca7a_00012   RUNNING      20.7449    IT3                                                 │
│ run_2ca7a_00013   RUNNING      22.7432    IT3                                                 │
│ run_2ca7a_00014   RUNNING      24.8214    IT3                                                 │
│ run_2ca7a_00000   TERMINATED    3         IT3                   1            2684.37        0 │
│ run_2ca7a_00002   TERMINATED    5.15816   IT3                   1            2748.11        0 │
│ run_2ca7a_00003   TERMINATED    6.35714   IT3                   1            2739.27        0 │
│ run_2ca7a_00004   TERMINATED    7.63605   IT3                   1            2685.31        0 │
│ run_2ca7a_00005   TERMINATED    8.9949    IT3                   1            2780.19        0 │
╰───────────────────────────────────────────────────────────────────────────────────────────────╯
8 more RUNNING, 5 more TERMINATED
Trial status: 10 TERMINATED | 13 RUNNING
Current time: 2024-07-02 20:01:12. Total running time: 58min 35s
Logical resource usage: 13.0/32 CPUs, 0/0 GPUs
Current best trial: 2ca7a_00000 with loss=0.0 and params={'osc_f': 3.0, 'osc_pop_name': 'IT3', 'saveFolder': '../grid_batch_5sec_IT3_w_10', 'simLabel': 'grid_00000'}
╭───────────────────────────────────────────────────────────────────────────────────────────────╮
│ Trial name        status          osc_f   osc_pop_name       iter     total time (s)     loss │
├───────────────────────────────────────────────────────────────────────────────────────────────┤
│ run_2ca7a_00001   RUNNING       4.03912   IT3                                                 │
│ run_2ca7a_00006   RUNNING      10.4337    IT3                                                 │
│ run_2ca7a_00012   RUNNING      20.7449    IT3                                                 │
│ run_2ca7a_00013   RUNNING      22.7432    IT3                                                 │
│ run_2ca7a_00014   RUNNING      24.8214    IT3                                                 │
│ run_2ca7a_00000   TERMINATED    3         IT3                   1            2684.37        0 │
│ run_2ca7a_00002   TERMINATED    5.15816   IT3                   1            2748.11        0 │
│ run_2ca7a_00003   TERMINATED    6.35714   IT3                   1            2739.27        0 │
│ run_2ca7a_00004   TERMINATED    7.63605   IT3                   1            2685.31        0 │
│ run_2ca7a_00005   TERMINATED    8.9949    IT3                   1            2780.19        0 │
╰───────────────────────────────────────────────────────────────────────────────────────────────╯
8 more RUNNING, 5 more TERMINATED
Trial status: 10 TERMINATED | 13 RUNNING
Current time: 2024-07-02 20:01:42. Total running time: 59min 5s
Logical resource usage: 13.0/32 CPUs, 0/0 GPUs
Current best trial: 2ca7a_00000 with loss=0.0 and params={'osc_f': 3.0, 'osc_pop_name': 'IT3', 'saveFolder': '../grid_batch_5sec_IT3_w_10', 'simLabel': 'grid_00000'}
╭───────────────────────────────────────────────────────────────────────────────────────────────╮
│ Trial name        status          osc_f   osc_pop_name       iter     total time (s)     loss │
├───────────────────────────────────────────────────────────────────────────────────────────────┤
│ run_2ca7a_00001   RUNNING       4.03912   IT3                                                 │
│ run_2ca7a_00006   RUNNING      10.4337    IT3                                                 │
│ run_2ca7a_00012   RUNNING      20.7449    IT3                                                 │
│ run_2ca7a_00013   RUNNING      22.7432    IT3                                                 │
│ run_2ca7a_00014   RUNNING      24.8214    IT3                                                 │
│ run_2ca7a_00000   TERMINATED    3         IT3                   1            2684.37        0 │
│ run_2ca7a_00002   TERMINATED    5.15816   IT3                   1            2748.11        0 │
│ run_2ca7a_00003   TERMINATED    6.35714   IT3                   1            2739.27        0 │
│ run_2ca7a_00004   TERMINATED    7.63605   IT3                   1            2685.31        0 │
│ run_2ca7a_00005   TERMINATED    8.9949    IT3                   1            2780.19        0 │
╰───────────────────────────────────────────────────────────────────────────────────────────────╯
8 more RUNNING, 5 more TERMINATED
Trial status: 10 TERMINATED | 13 RUNNING
Current time: 2024-07-02 20:02:12. Total running time: 59min 35s
Logical resource usage: 13.0/32 CPUs, 0/0 GPUs
Current best trial: 2ca7a_00000 with loss=0.0 and params={'osc_f': 3.0, 'osc_pop_name': 'IT3', 'saveFolder': '../grid_batch_5sec_IT3_w_10', 'simLabel': 'grid_00000'}
╭───────────────────────────────────────────────────────────────────────────────────────────────╮
│ Trial name        status          osc_f   osc_pop_name       iter     total time (s)     loss │
├───────────────────────────────────────────────────────────────────────────────────────────────┤
│ run_2ca7a_00001   RUNNING       4.03912   IT3                                                 │
│ run_2ca7a_00006   RUNNING      10.4337    IT3                                                 │
│ run_2ca7a_00012   RUNNING      20.7449    IT3                                                 │
│ run_2ca7a_00013   RUNNING      22.7432    IT3                                                 │
│ run_2ca7a_00014   RUNNING      24.8214    IT3                                                 │
│ run_2ca7a_00000   TERMINATED    3         IT3                   1            2684.37        0 │
│ run_2ca7a_00002   TERMINATED    5.15816   IT3                   1            2748.11        0 │
│ run_2ca7a_00003   TERMINATED    6.35714   IT3                   1            2739.27        0 │
│ run_2ca7a_00004   TERMINATED    7.63605   IT3                   1            2685.31        0 │
│ run_2ca7a_00005   TERMINATED    8.9949    IT3                   1            2780.19        0 │
╰───────────────────────────────────────────────────────────────────────────────────────────────╯
8 more RUNNING, 5 more TERMINATED
Trial status: 10 TERMINATED | 13 RUNNING
Current time: 2024-07-02 20:02:42. Total running time: 1hr 0min 5s
Logical resource usage: 13.0/32 CPUs, 0/0 GPUs
Current best trial: 2ca7a_00000 with loss=0.0 and params={'osc_f': 3.0, 'osc_pop_name': 'IT3', 'saveFolder': '../grid_batch_5sec_IT3_w_10', 'simLabel': 'grid_00000'}
╭───────────────────────────────────────────────────────────────────────────────────────────────╮
│ Trial name        status          osc_f   osc_pop_name       iter     total time (s)     loss │
├───────────────────────────────────────────────────────────────────────────────────────────────┤
│ run_2ca7a_00001   RUNNING       4.03912   IT3                                                 │
│ run_2ca7a_00006   RUNNING      10.4337    IT3                                                 │
│ run_2ca7a_00012   RUNNING      20.7449    IT3                                                 │
│ run_2ca7a_00013   RUNNING      22.7432    IT3                                                 │
│ run_2ca7a_00014   RUNNING      24.8214    IT3                                                 │
│ run_2ca7a_00000   TERMINATED    3         IT3                   1            2684.37        0 │
│ run_2ca7a_00002   TERMINATED    5.15816   IT3                   1            2748.11        0 │
│ run_2ca7a_00003   TERMINATED    6.35714   IT3                   1            2739.27        0 │
│ run_2ca7a_00004   TERMINATED    7.63605   IT3                   1            2685.31        0 │
│ run_2ca7a_00005   TERMINATED    8.9949    IT3                   1            2780.19        0 │
╰───────────────────────────────────────────────────────────────────────────────────────────────╯
8 more RUNNING, 5 more TERMINATED
Trial status: 10 TERMINATED | 13 RUNNING
Current time: 2024-07-02 20:03:12. Total running time: 1hr 0min 35s
Logical resource usage: 13.0/32 CPUs, 0/0 GPUs
Current best trial: 2ca7a_00000 with loss=0.0 and params={'osc_f': 3.0, 'osc_pop_name': 'IT3', 'saveFolder': '../grid_batch_5sec_IT3_w_10', 'simLabel': 'grid_00000'}
╭───────────────────────────────────────────────────────────────────────────────────────────────╮
│ Trial name        status          osc_f   osc_pop_name       iter     total time (s)     loss │
├───────────────────────────────────────────────────────────────────────────────────────────────┤
│ run_2ca7a_00001   RUNNING       4.03912   IT3                                                 │
│ run_2ca7a_00006   RUNNING      10.4337    IT3                                                 │
│ run_2ca7a_00012   RUNNING      20.7449    IT3                                                 │
│ run_2ca7a_00013   RUNNING      22.7432    IT3                                                 │
│ run_2ca7a_00014   RUNNING      24.8214    IT3                                                 │
│ run_2ca7a_00000   TERMINATED    3         IT3                   1            2684.37        0 │
│ run_2ca7a_00002   TERMINATED    5.15816   IT3                   1            2748.11        0 │
│ run_2ca7a_00003   TERMINATED    6.35714   IT3                   1            2739.27        0 │
│ run_2ca7a_00004   TERMINATED    7.63605   IT3                   1            2685.31        0 │
│ run_2ca7a_00005   TERMINATED    8.9949    IT3                   1            2780.19        0 │
╰───────────────────────────────────────────────────────────────────────────────────────────────╯
8 more RUNNING, 5 more TERMINATED
Trial status: 10 TERMINATED | 13 RUNNING
Current time: 2024-07-02 20:03:43. Total running time: 1hr 1min 5s
Logical resource usage: 13.0/32 CPUs, 0/0 GPUs
Current best trial: 2ca7a_00000 with loss=0.0 and params={'osc_f': 3.0, 'osc_pop_name': 'IT3', 'saveFolder': '../grid_batch_5sec_IT3_w_10', 'simLabel': 'grid_00000'}
╭───────────────────────────────────────────────────────────────────────────────────────────────╮
│ Trial name        status          osc_f   osc_pop_name       iter     total time (s)     loss │
├───────────────────────────────────────────────────────────────────────────────────────────────┤
│ run_2ca7a_00001   RUNNING       4.03912   IT3                                                 │
│ run_2ca7a_00006   RUNNING      10.4337    IT3                                                 │
│ run_2ca7a_00012   RUNNING      20.7449    IT3                                                 │
│ run_2ca7a_00013   RUNNING      22.7432    IT3                                                 │
│ run_2ca7a_00014   RUNNING      24.8214    IT3                                                 │
│ run_2ca7a_00000   TERMINATED    3         IT3                   1            2684.37        0 │
│ run_2ca7a_00002   TERMINATED    5.15816   IT3                   1            2748.11        0 │
│ run_2ca7a_00003   TERMINATED    6.35714   IT3                   1            2739.27        0 │
│ run_2ca7a_00004   TERMINATED    7.63605   IT3                   1            2685.31        0 │
│ run_2ca7a_00005   TERMINATED    8.9949    IT3                   1            2780.19        0 │
╰───────────────────────────────────────────────────────────────────────────────────────────────╯
8 more RUNNING, 5 more TERMINATED
Trial status: 10 TERMINATED | 13 RUNNING
Current time: 2024-07-02 20:04:13. Total running time: 1hr 1min 35s
Logical resource usage: 13.0/32 CPUs, 0/0 GPUs
Current best trial: 2ca7a_00000 with loss=0.0 and params={'osc_f': 3.0, 'osc_pop_name': 'IT3', 'saveFolder': '../grid_batch_5sec_IT3_w_10', 'simLabel': 'grid_00000'}
╭───────────────────────────────────────────────────────────────────────────────────────────────╮
│ Trial name        status          osc_f   osc_pop_name       iter     total time (s)     loss │
├───────────────────────────────────────────────────────────────────────────────────────────────┤
│ run_2ca7a_00001   RUNNING       4.03912   IT3                                                 │
│ run_2ca7a_00006   RUNNING      10.4337    IT3                                                 │
│ run_2ca7a_00012   RUNNING      20.7449    IT3                                                 │
│ run_2ca7a_00013   RUNNING      22.7432    IT3                                                 │
│ run_2ca7a_00014   RUNNING      24.8214    IT3                                                 │
│ run_2ca7a_00000   TERMINATED    3         IT3                   1            2684.37        0 │
│ run_2ca7a_00002   TERMINATED    5.15816   IT3                   1            2748.11        0 │
│ run_2ca7a_00003   TERMINATED    6.35714   IT3                   1            2739.27        0 │
│ run_2ca7a_00004   TERMINATED    7.63605   IT3                   1            2685.31        0 │
│ run_2ca7a_00005   TERMINATED    8.9949    IT3                   1            2780.19        0 │
╰───────────────────────────────────────────────────────────────────────────────────────────────╯
8 more RUNNING, 5 more TERMINATED
Trial status: 10 TERMINATED | 13 RUNNING
Current time: 2024-07-02 20:04:43. Total running time: 1hr 2min 5s
Logical resource usage: 13.0/32 CPUs, 0/0 GPUs
Current best trial: 2ca7a_00000 with loss=0.0 and params={'osc_f': 3.0, 'osc_pop_name': 'IT3', 'saveFolder': '../grid_batch_5sec_IT3_w_10', 'simLabel': 'grid_00000'}
╭───────────────────────────────────────────────────────────────────────────────────────────────╮
│ Trial name        status          osc_f   osc_pop_name       iter     total time (s)     loss │
├───────────────────────────────────────────────────────────────────────────────────────────────┤
│ run_2ca7a_00001   RUNNING       4.03912   IT3                                                 │
│ run_2ca7a_00006   RUNNING      10.4337    IT3                                                 │
│ run_2ca7a_00012   RUNNING      20.7449    IT3                                                 │
│ run_2ca7a_00013   RUNNING      22.7432    IT3                                                 │
│ run_2ca7a_00014   RUNNING      24.8214    IT3                                                 │
│ run_2ca7a_00000   TERMINATED    3         IT3                   1            2684.37        0 │
│ run_2ca7a_00002   TERMINATED    5.15816   IT3                   1            2748.11        0 │
│ run_2ca7a_00003   TERMINATED    6.35714   IT3                   1            2739.27        0 │
│ run_2ca7a_00004   TERMINATED    7.63605   IT3                   1            2685.31        0 │
│ run_2ca7a_00005   TERMINATED    8.9949    IT3                   1            2780.19        0 │
╰───────────────────────────────────────────────────────────────────────────────────────────────╯
8 more RUNNING, 5 more TERMINATED
Trial status: 10 TERMINATED | 13 RUNNING
Current time: 2024-07-02 20:05:13. Total running time: 1hr 2min 35s
Logical resource usage: 13.0/32 CPUs, 0/0 GPUs
Current best trial: 2ca7a_00000 with loss=0.0 and params={'osc_f': 3.0, 'osc_pop_name': 'IT3', 'saveFolder': '../grid_batch_5sec_IT3_w_10', 'simLabel': 'grid_00000'}
╭───────────────────────────────────────────────────────────────────────────────────────────────╮
│ Trial name        status          osc_f   osc_pop_name       iter     total time (s)     loss │
├───────────────────────────────────────────────────────────────────────────────────────────────┤
│ run_2ca7a_00001   RUNNING       4.03912   IT3                                                 │
│ run_2ca7a_00006   RUNNING      10.4337    IT3                                                 │
│ run_2ca7a_00012   RUNNING      20.7449    IT3                                                 │
│ run_2ca7a_00013   RUNNING      22.7432    IT3                                                 │
│ run_2ca7a_00014   RUNNING      24.8214    IT3                                                 │
│ run_2ca7a_00000   TERMINATED    3         IT3                   1            2684.37        0 │
│ run_2ca7a_00002   TERMINATED    5.15816   IT3                   1            2748.11        0 │
│ run_2ca7a_00003   TERMINATED    6.35714   IT3                   1            2739.27        0 │
│ run_2ca7a_00004   TERMINATED    7.63605   IT3                   1            2685.31        0 │
│ run_2ca7a_00005   TERMINATED    8.9949    IT3                   1            2780.19        0 │
╰───────────────────────────────────────────────────────────────────────────────────────────────╯
8 more RUNNING, 5 more TERMINATED
Trial status: 10 TERMINATED | 13 RUNNING
Current time: 2024-07-02 20:05:43. Total running time: 1hr 3min 5s
Logical resource usage: 13.0/32 CPUs, 0/0 GPUs
Current best trial: 2ca7a_00000 with loss=0.0 and params={'osc_f': 3.0, 'osc_pop_name': 'IT3', 'saveFolder': '../grid_batch_5sec_IT3_w_10', 'simLabel': 'grid_00000'}
╭───────────────────────────────────────────────────────────────────────────────────────────────╮
│ Trial name        status          osc_f   osc_pop_name       iter     total time (s)     loss │
├───────────────────────────────────────────────────────────────────────────────────────────────┤
│ run_2ca7a_00001   RUNNING       4.03912   IT3                                                 │
│ run_2ca7a_00006   RUNNING      10.4337    IT3                                                 │
│ run_2ca7a_00012   RUNNING      20.7449    IT3                                                 │
│ run_2ca7a_00013   RUNNING      22.7432    IT3                                                 │
│ run_2ca7a_00014   RUNNING      24.8214    IT3                                                 │
│ run_2ca7a_00000   TERMINATED    3         IT3                   1            2684.37        0 │
│ run_2ca7a_00002   TERMINATED    5.15816   IT3                   1            2748.11        0 │
│ run_2ca7a_00003   TERMINATED    6.35714   IT3                   1            2739.27        0 │
│ run_2ca7a_00004   TERMINATED    7.63605   IT3                   1            2685.31        0 │
│ run_2ca7a_00005   TERMINATED    8.9949    IT3                   1            2780.19        0 │
╰───────────────────────────────────────────────────────────────────────────────────────────────╯
8 more RUNNING, 5 more TERMINATED
Trial status: 10 TERMINATED | 13 RUNNING
Current time: 2024-07-02 20:06:13. Total running time: 1hr 3min 36s
Logical resource usage: 13.0/32 CPUs, 0/0 GPUs
Current best trial: 2ca7a_00000 with loss=0.0 and params={'osc_f': 3.0, 'osc_pop_name': 'IT3', 'saveFolder': '../grid_batch_5sec_IT3_w_10', 'simLabel': 'grid_00000'}
╭───────────────────────────────────────────────────────────────────────────────────────────────╮
│ Trial name        status          osc_f   osc_pop_name       iter     total time (s)     loss │
├───────────────────────────────────────────────────────────────────────────────────────────────┤
│ run_2ca7a_00001   RUNNING       4.03912   IT3                                                 │
│ run_2ca7a_00006   RUNNING      10.4337    IT3                                                 │
│ run_2ca7a_00012   RUNNING      20.7449    IT3                                                 │
│ run_2ca7a_00013   RUNNING      22.7432    IT3                                                 │
│ run_2ca7a_00014   RUNNING      24.8214    IT3                                                 │
│ run_2ca7a_00000   TERMINATED    3         IT3                   1            2684.37        0 │
│ run_2ca7a_00002   TERMINATED    5.15816   IT3                   1            2748.11        0 │
│ run_2ca7a_00003   TERMINATED    6.35714   IT3                   1            2739.27        0 │
│ run_2ca7a_00004   TERMINATED    7.63605   IT3                   1            2685.31        0 │
│ run_2ca7a_00005   TERMINATED    8.9949    IT3                   1            2780.19        0 │
╰───────────────────────────────────────────────────────────────────────────────────────────────╯
8 more RUNNING, 5 more TERMINATED
Trial status: 10 TERMINATED | 13 RUNNING
Current time: 2024-07-02 20:06:43. Total running time: 1hr 4min 6s
Logical resource usage: 13.0/32 CPUs, 0/0 GPUs
Current best trial: 2ca7a_00000 with loss=0.0 and params={'osc_f': 3.0, 'osc_pop_name': 'IT3', 'saveFolder': '../grid_batch_5sec_IT3_w_10', 'simLabel': 'grid_00000'}
╭───────────────────────────────────────────────────────────────────────────────────────────────╮
│ Trial name        status          osc_f   osc_pop_name       iter     total time (s)     loss │
├───────────────────────────────────────────────────────────────────────────────────────────────┤
│ run_2ca7a_00001   RUNNING       4.03912   IT3                                                 │
│ run_2ca7a_00006   RUNNING      10.4337    IT3                                                 │
│ run_2ca7a_00012   RUNNING      20.7449    IT3                                                 │
│ run_2ca7a_00013   RUNNING      22.7432    IT3                                                 │
│ run_2ca7a_00014   RUNNING      24.8214    IT3                                                 │
│ run_2ca7a_00000   TERMINATED    3         IT3                   1            2684.37        0 │
│ run_2ca7a_00002   TERMINATED    5.15816   IT3                   1            2748.11        0 │
│ run_2ca7a_00003   TERMINATED    6.35714   IT3                   1            2739.27        0 │
│ run_2ca7a_00004   TERMINATED    7.63605   IT3                   1            2685.31        0 │
│ run_2ca7a_00005   TERMINATED    8.9949    IT3                   1            2780.19        0 │
╰───────────────────────────────────────────────────────────────────────────────────────────────╯
8 more RUNNING, 5 more TERMINATED
Trial status: 10 TERMINATED | 13 RUNNING
Current time: 2024-07-02 20:07:13. Total running time: 1hr 4min 36s
Logical resource usage: 13.0/32 CPUs, 0/0 GPUs
Current best trial: 2ca7a_00000 with loss=0.0 and params={'osc_f': 3.0, 'osc_pop_name': 'IT3', 'saveFolder': '../grid_batch_5sec_IT3_w_10', 'simLabel': 'grid_00000'}
╭───────────────────────────────────────────────────────────────────────────────────────────────╮
│ Trial name        status          osc_f   osc_pop_name       iter     total time (s)     loss │
├───────────────────────────────────────────────────────────────────────────────────────────────┤
│ run_2ca7a_00001   RUNNING       4.03912   IT3                                                 │
│ run_2ca7a_00006   RUNNING      10.4337    IT3                                                 │
│ run_2ca7a_00012   RUNNING      20.7449    IT3                                                 │
│ run_2ca7a_00013   RUNNING      22.7432    IT3                                                 │
│ run_2ca7a_00014   RUNNING      24.8214    IT3                                                 │
│ run_2ca7a_00000   TERMINATED    3         IT3                   1            2684.37        0 │
│ run_2ca7a_00002   TERMINATED    5.15816   IT3                   1            2748.11        0 │
│ run_2ca7a_00003   TERMINATED    6.35714   IT3                   1            2739.27        0 │
│ run_2ca7a_00004   TERMINATED    7.63605   IT3                   1            2685.31        0 │
│ run_2ca7a_00005   TERMINATED    8.9949    IT3                   1            2780.19        0 │
╰───────────────────────────────────────────────────────────────────────────────────────────────╯
8 more RUNNING, 5 more TERMINATED
Trial status: 10 TERMINATED | 13 RUNNING
Current time: 2024-07-02 20:07:43. Total running time: 1hr 5min 6s
Logical resource usage: 13.0/32 CPUs, 0/0 GPUs
Current best trial: 2ca7a_00000 with loss=0.0 and params={'osc_f': 3.0, 'osc_pop_name': 'IT3', 'saveFolder': '../grid_batch_5sec_IT3_w_10', 'simLabel': 'grid_00000'}
╭───────────────────────────────────────────────────────────────────────────────────────────────╮
│ Trial name        status          osc_f   osc_pop_name       iter     total time (s)     loss │
├───────────────────────────────────────────────────────────────────────────────────────────────┤
│ run_2ca7a_00001   RUNNING       4.03912   IT3                                                 │
│ run_2ca7a_00006   RUNNING      10.4337    IT3                                                 │
│ run_2ca7a_00012   RUNNING      20.7449    IT3                                                 │
│ run_2ca7a_00013   RUNNING      22.7432    IT3                                                 │
│ run_2ca7a_00014   RUNNING      24.8214    IT3                                                 │
│ run_2ca7a_00000   TERMINATED    3         IT3                   1            2684.37        0 │
│ run_2ca7a_00002   TERMINATED    5.15816   IT3                   1            2748.11        0 │
│ run_2ca7a_00003   TERMINATED    6.35714   IT3                   1            2739.27        0 │
│ run_2ca7a_00004   TERMINATED    7.63605   IT3                   1            2685.31        0 │
│ run_2ca7a_00005   TERMINATED    8.9949    IT3                   1            2780.19        0 │
╰───────────────────────────────────────────────────────────────────────────────────────────────╯
8 more RUNNING, 5 more TERMINATED
Trial status: 10 TERMINATED | 13 RUNNING
Current time: 2024-07-02 20:08:13. Total running time: 1hr 5min 36s
Logical resource usage: 13.0/32 CPUs, 0/0 GPUs
Current best trial: 2ca7a_00000 with loss=0.0 and params={'osc_f': 3.0, 'osc_pop_name': 'IT3', 'saveFolder': '../grid_batch_5sec_IT3_w_10', 'simLabel': 'grid_00000'}
╭───────────────────────────────────────────────────────────────────────────────────────────────╮
│ Trial name        status          osc_f   osc_pop_name       iter     total time (s)     loss │
├───────────────────────────────────────────────────────────────────────────────────────────────┤
│ run_2ca7a_00001   RUNNING       4.03912   IT3                                                 │
│ run_2ca7a_00006   RUNNING      10.4337    IT3                                                 │
│ run_2ca7a_00012   RUNNING      20.7449    IT3                                                 │
│ run_2ca7a_00013   RUNNING      22.7432    IT3                                                 │
│ run_2ca7a_00014   RUNNING      24.8214    IT3                                                 │
│ run_2ca7a_00000   TERMINATED    3         IT3                   1            2684.37        0 │
│ run_2ca7a_00002   TERMINATED    5.15816   IT3                   1            2748.11        0 │
│ run_2ca7a_00003   TERMINATED    6.35714   IT3                   1            2739.27        0 │
│ run_2ca7a_00004   TERMINATED    7.63605   IT3                   1            2685.31        0 │
│ run_2ca7a_00005   TERMINATED    8.9949    IT3                   1            2780.19        0 │
╰───────────────────────────────────────────────────────────────────────────────────────────────╯
8 more RUNNING, 5 more TERMINATED
Trial status: 10 TERMINATED | 13 RUNNING
Current time: 2024-07-02 20:08:43. Total running time: 1hr 6min 6s
Logical resource usage: 13.0/32 CPUs, 0/0 GPUs
Current best trial: 2ca7a_00000 with loss=0.0 and params={'osc_f': 3.0, 'osc_pop_name': 'IT3', 'saveFolder': '../grid_batch_5sec_IT3_w_10', 'simLabel': 'grid_00000'}
╭───────────────────────────────────────────────────────────────────────────────────────────────╮
│ Trial name        status          osc_f   osc_pop_name       iter     total time (s)     loss │
├───────────────────────────────────────────────────────────────────────────────────────────────┤
│ run_2ca7a_00001   RUNNING       4.03912   IT3                                                 │
│ run_2ca7a_00006   RUNNING      10.4337    IT3                                                 │
│ run_2ca7a_00012   RUNNING      20.7449    IT3                                                 │
│ run_2ca7a_00013   RUNNING      22.7432    IT3                                                 │
│ run_2ca7a_00014   RUNNING      24.8214    IT3                                                 │
│ run_2ca7a_00000   TERMINATED    3         IT3                   1            2684.37        0 │
│ run_2ca7a_00002   TERMINATED    5.15816   IT3                   1            2748.11        0 │
│ run_2ca7a_00003   TERMINATED    6.35714   IT3                   1            2739.27        0 │
│ run_2ca7a_00004   TERMINATED    7.63605   IT3                   1            2685.31        0 │
│ run_2ca7a_00005   TERMINATED    8.9949    IT3                   1            2780.19        0 │
╰───────────────────────────────────────────────────────────────────────────────────────────────╯
8 more RUNNING, 5 more TERMINATED
Trial status: 10 TERMINATED | 13 RUNNING
Current time: 2024-07-02 20:09:13. Total running time: 1hr 6min 36s
Logical resource usage: 13.0/32 CPUs, 0/0 GPUs
Current best trial: 2ca7a_00000 with loss=0.0 and params={'osc_f': 3.0, 'osc_pop_name': 'IT3', 'saveFolder': '../grid_batch_5sec_IT3_w_10', 'simLabel': 'grid_00000'}
╭───────────────────────────────────────────────────────────────────────────────────────────────╮
│ Trial name        status          osc_f   osc_pop_name       iter     total time (s)     loss │
├───────────────────────────────────────────────────────────────────────────────────────────────┤
│ run_2ca7a_00001   RUNNING       4.03912   IT3                                                 │
│ run_2ca7a_00006   RUNNING      10.4337    IT3                                                 │
│ run_2ca7a_00012   RUNNING      20.7449    IT3                                                 │
│ run_2ca7a_00013   RUNNING      22.7432    IT3                                                 │
│ run_2ca7a_00014   RUNNING      24.8214    IT3                                                 │
│ run_2ca7a_00000   TERMINATED    3         IT3                   1            2684.37        0 │
│ run_2ca7a_00002   TERMINATED    5.15816   IT3                   1            2748.11        0 │
│ run_2ca7a_00003   TERMINATED    6.35714   IT3                   1            2739.27        0 │
│ run_2ca7a_00004   TERMINATED    7.63605   IT3                   1            2685.31        0 │
│ run_2ca7a_00005   TERMINATED    8.9949    IT3                   1            2780.19        0 │
╰───────────────────────────────────────────────────────────────────────────────────────────────╯
8 more RUNNING, 5 more TERMINATED
Trial status: 10 TERMINATED | 13 RUNNING
Current time: 2024-07-02 20:09:43. Total running time: 1hr 7min 6s
Logical resource usage: 13.0/32 CPUs, 0/0 GPUs
Current best trial: 2ca7a_00000 with loss=0.0 and params={'osc_f': 3.0, 'osc_pop_name': 'IT3', 'saveFolder': '../grid_batch_5sec_IT3_w_10', 'simLabel': 'grid_00000'}
╭───────────────────────────────────────────────────────────────────────────────────────────────╮
│ Trial name        status          osc_f   osc_pop_name       iter     total time (s)     loss │
├───────────────────────────────────────────────────────────────────────────────────────────────┤
│ run_2ca7a_00001   RUNNING       4.03912   IT3                                                 │
│ run_2ca7a_00006   RUNNING      10.4337    IT3                                                 │
│ run_2ca7a_00012   RUNNING      20.7449    IT3                                                 │
│ run_2ca7a_00013   RUNNING      22.7432    IT3                                                 │
│ run_2ca7a_00014   RUNNING      24.8214    IT3                                                 │
│ run_2ca7a_00000   TERMINATED    3         IT3                   1            2684.37        0 │
│ run_2ca7a_00002   TERMINATED    5.15816   IT3                   1            2748.11        0 │
│ run_2ca7a_00003   TERMINATED    6.35714   IT3                   1            2739.27        0 │
│ run_2ca7a_00004   TERMINATED    7.63605   IT3                   1            2685.31        0 │
│ run_2ca7a_00005   TERMINATED    8.9949    IT3                   1            2780.19        0 │
╰───────────────────────────────────────────────────────────────────────────────────────────────╯
8 more RUNNING, 5 more TERMINATED
Trial status: 10 TERMINATED | 13 RUNNING
Current time: 2024-07-02 20:10:13. Total running time: 1hr 7min 36s
Logical resource usage: 13.0/32 CPUs, 0/0 GPUs
Current best trial: 2ca7a_00000 with loss=0.0 and params={'osc_f': 3.0, 'osc_pop_name': 'IT3', 'saveFolder': '../grid_batch_5sec_IT3_w_10', 'simLabel': 'grid_00000'}
╭───────────────────────────────────────────────────────────────────────────────────────────────╮
│ Trial name        status          osc_f   osc_pop_name       iter     total time (s)     loss │
├───────────────────────────────────────────────────────────────────────────────────────────────┤
│ run_2ca7a_00001   RUNNING       4.03912   IT3                                                 │
│ run_2ca7a_00006   RUNNING      10.4337    IT3                                                 │
│ run_2ca7a_00012   RUNNING      20.7449    IT3                                                 │
│ run_2ca7a_00013   RUNNING      22.7432    IT3                                                 │
│ run_2ca7a_00014   RUNNING      24.8214    IT3                                                 │
│ run_2ca7a_00000   TERMINATED    3         IT3                   1            2684.37        0 │
│ run_2ca7a_00002   TERMINATED    5.15816   IT3                   1            2748.11        0 │
│ run_2ca7a_00003   TERMINATED    6.35714   IT3                   1            2739.27        0 │
│ run_2ca7a_00004   TERMINATED    7.63605   IT3                   1            2685.31        0 │
│ run_2ca7a_00005   TERMINATED    8.9949    IT3                   1            2780.19        0 │
╰───────────────────────────────────────────────────────────────────────────────────────────────╯
8 more RUNNING, 5 more TERMINATED
Trial status: 10 TERMINATED | 13 RUNNING
Current time: 2024-07-02 20:10:43. Total running time: 1hr 8min 6s
Logical resource usage: 13.0/32 CPUs, 0/0 GPUs
Current best trial: 2ca7a_00000 with loss=0.0 and params={'osc_f': 3.0, 'osc_pop_name': 'IT3', 'saveFolder': '../grid_batch_5sec_IT3_w_10', 'simLabel': 'grid_00000'}
╭───────────────────────────────────────────────────────────────────────────────────────────────╮
│ Trial name        status          osc_f   osc_pop_name       iter     total time (s)     loss │
├───────────────────────────────────────────────────────────────────────────────────────────────┤
│ run_2ca7a_00001   RUNNING       4.03912   IT3                                                 │
│ run_2ca7a_00006   RUNNING      10.4337    IT3                                                 │
│ run_2ca7a_00012   RUNNING      20.7449    IT3                                                 │
│ run_2ca7a_00013   RUNNING      22.7432    IT3                                                 │
│ run_2ca7a_00014   RUNNING      24.8214    IT3                                                 │
│ run_2ca7a_00000   TERMINATED    3         IT3                   1            2684.37        0 │
│ run_2ca7a_00002   TERMINATED    5.15816   IT3                   1            2748.11        0 │
│ run_2ca7a_00003   TERMINATED    6.35714   IT3                   1            2739.27        0 │
│ run_2ca7a_00004   TERMINATED    7.63605   IT3                   1            2685.31        0 │
│ run_2ca7a_00005   TERMINATED    8.9949    IT3                   1            2780.19        0 │
╰───────────────────────────────────────────────────────────────────────────────────────────────╯
8 more RUNNING, 5 more TERMINATED
Trial status: 10 TERMINATED | 13 RUNNING
Current time: 2024-07-02 20:11:13. Total running time: 1hr 8min 36s
Logical resource usage: 13.0/32 CPUs, 0/0 GPUs
Current best trial: 2ca7a_00000 with loss=0.0 and params={'osc_f': 3.0, 'osc_pop_name': 'IT3', 'saveFolder': '../grid_batch_5sec_IT3_w_10', 'simLabel': 'grid_00000'}
╭───────────────────────────────────────────────────────────────────────────────────────────────╮
│ Trial name        status          osc_f   osc_pop_name       iter     total time (s)     loss │
├───────────────────────────────────────────────────────────────────────────────────────────────┤
│ run_2ca7a_00001   RUNNING       4.03912   IT3                                                 │
│ run_2ca7a_00006   RUNNING      10.4337    IT3                                                 │
│ run_2ca7a_00012   RUNNING      20.7449    IT3                                                 │
│ run_2ca7a_00013   RUNNING      22.7432    IT3                                                 │
│ run_2ca7a_00014   RUNNING      24.8214    IT3                                                 │
│ run_2ca7a_00000   TERMINATED    3         IT3                   1            2684.37        0 │
│ run_2ca7a_00002   TERMINATED    5.15816   IT3                   1            2748.11        0 │
│ run_2ca7a_00003   TERMINATED    6.35714   IT3                   1            2739.27        0 │
│ run_2ca7a_00004   TERMINATED    7.63605   IT3                   1            2685.31        0 │
│ run_2ca7a_00005   TERMINATED    8.9949    IT3                   1            2780.19        0 │
╰───────────────────────────────────────────────────────────────────────────────────────────────╯
8 more RUNNING, 5 more TERMINATED
Trial status: 10 TERMINATED | 13 RUNNING
Current time: 2024-07-02 20:11:43. Total running time: 1hr 9min 6s
Logical resource usage: 13.0/32 CPUs, 0/0 GPUs
Current best trial: 2ca7a_00000 with loss=0.0 and params={'osc_f': 3.0, 'osc_pop_name': 'IT3', 'saveFolder': '../grid_batch_5sec_IT3_w_10', 'simLabel': 'grid_00000'}
╭───────────────────────────────────────────────────────────────────────────────────────────────╮
│ Trial name        status          osc_f   osc_pop_name       iter     total time (s)     loss │
├───────────────────────────────────────────────────────────────────────────────────────────────┤
│ run_2ca7a_00001   RUNNING       4.03912   IT3                                                 │
│ run_2ca7a_00006   RUNNING      10.4337    IT3                                                 │
│ run_2ca7a_00012   RUNNING      20.7449    IT3                                                 │
│ run_2ca7a_00013   RUNNING      22.7432    IT3                                                 │
│ run_2ca7a_00014   RUNNING      24.8214    IT3                                                 │
│ run_2ca7a_00000   TERMINATED    3         IT3                   1            2684.37        0 │
│ run_2ca7a_00002   TERMINATED    5.15816   IT3                   1            2748.11        0 │
│ run_2ca7a_00003   TERMINATED    6.35714   IT3                   1            2739.27        0 │
│ run_2ca7a_00004   TERMINATED    7.63605   IT3                   1            2685.31        0 │
│ run_2ca7a_00005   TERMINATED    8.9949    IT3                   1            2780.19        0 │
╰───────────────────────────────────────────────────────────────────────────────────────────────╯
8 more RUNNING, 5 more TERMINATED
Trial status: 10 TERMINATED | 13 RUNNING
Current time: 2024-07-02 20:12:13. Total running time: 1hr 9min 36s
Logical resource usage: 13.0/32 CPUs, 0/0 GPUs
Current best trial: 2ca7a_00000 with loss=0.0 and params={'osc_f': 3.0, 'osc_pop_name': 'IT3', 'saveFolder': '../grid_batch_5sec_IT3_w_10', 'simLabel': 'grid_00000'}
╭───────────────────────────────────────────────────────────────────────────────────────────────╮
│ Trial name        status          osc_f   osc_pop_name       iter     total time (s)     loss │
├───────────────────────────────────────────────────────────────────────────────────────────────┤
│ run_2ca7a_00001   RUNNING       4.03912   IT3                                                 │
│ run_2ca7a_00006   RUNNING      10.4337    IT3                                                 │
│ run_2ca7a_00012   RUNNING      20.7449    IT3                                                 │
│ run_2ca7a_00013   RUNNING      22.7432    IT3                                                 │
│ run_2ca7a_00014   RUNNING      24.8214    IT3                                                 │
│ run_2ca7a_00000   TERMINATED    3         IT3                   1            2684.37        0 │
│ run_2ca7a_00002   TERMINATED    5.15816   IT3                   1            2748.11        0 │
│ run_2ca7a_00003   TERMINATED    6.35714   IT3                   1            2739.27        0 │
│ run_2ca7a_00004   TERMINATED    7.63605   IT3                   1            2685.31        0 │
│ run_2ca7a_00005   TERMINATED    8.9949    IT3                   1            2780.19        0 │
╰───────────────────────────────────────────────────────────────────────────────────────────────╯
8 more RUNNING, 5 more TERMINATED
Trial status: 10 TERMINATED | 13 RUNNING
Current time: 2024-07-02 20:12:43. Total running time: 1hr 10min 6s
Logical resource usage: 13.0/32 CPUs, 0/0 GPUs
Current best trial: 2ca7a_00000 with loss=0.0 and params={'osc_f': 3.0, 'osc_pop_name': 'IT3', 'saveFolder': '../grid_batch_5sec_IT3_w_10', 'simLabel': 'grid_00000'}
╭───────────────────────────────────────────────────────────────────────────────────────────────╮
│ Trial name        status          osc_f   osc_pop_name       iter     total time (s)     loss │
├───────────────────────────────────────────────────────────────────────────────────────────────┤
│ run_2ca7a_00001   RUNNING       4.03912   IT3                                                 │
│ run_2ca7a_00006   RUNNING      10.4337    IT3                                                 │
│ run_2ca7a_00012   RUNNING      20.7449    IT3                                                 │
│ run_2ca7a_00013   RUNNING      22.7432    IT3                                                 │
│ run_2ca7a_00014   RUNNING      24.8214    IT3                                                 │
│ run_2ca7a_00000   TERMINATED    3         IT3                   1            2684.37        0 │
│ run_2ca7a_00002   TERMINATED    5.15816   IT3                   1            2748.11        0 │
│ run_2ca7a_00003   TERMINATED    6.35714   IT3                   1            2739.27        0 │
│ run_2ca7a_00004   TERMINATED    7.63605   IT3                   1            2685.31        0 │
│ run_2ca7a_00005   TERMINATED    8.9949    IT3                   1            2780.19        0 │
╰───────────────────────────────────────────────────────────────────────────────────────────────╯
8 more RUNNING, 5 more TERMINATED
Trial status: 10 TERMINATED | 13 RUNNING
Current time: 2024-07-02 20:13:13. Total running time: 1hr 10min 36s
Logical resource usage: 13.0/32 CPUs, 0/0 GPUs
Current best trial: 2ca7a_00000 with loss=0.0 and params={'osc_f': 3.0, 'osc_pop_name': 'IT3', 'saveFolder': '../grid_batch_5sec_IT3_w_10', 'simLabel': 'grid_00000'}
╭───────────────────────────────────────────────────────────────────────────────────────────────╮
│ Trial name        status          osc_f   osc_pop_name       iter     total time (s)     loss │
├───────────────────────────────────────────────────────────────────────────────────────────────┤
│ run_2ca7a_00001   RUNNING       4.03912   IT3                                                 │
│ run_2ca7a_00006   RUNNING      10.4337    IT3                                                 │
│ run_2ca7a_00012   RUNNING      20.7449    IT3                                                 │
│ run_2ca7a_00013   RUNNING      22.7432    IT3                                                 │
│ run_2ca7a_00014   RUNNING      24.8214    IT3                                                 │
│ run_2ca7a_00000   TERMINATED    3         IT3                   1            2684.37        0 │
│ run_2ca7a_00002   TERMINATED    5.15816   IT3                   1            2748.11        0 │
│ run_2ca7a_00003   TERMINATED    6.35714   IT3                   1            2739.27        0 │
│ run_2ca7a_00004   TERMINATED    7.63605   IT3                   1            2685.31        0 │
│ run_2ca7a_00005   TERMINATED    8.9949    IT3                   1            2780.19        0 │
╰───────────────────────────────────────────────────────────────────────────────────────────────╯
8 more RUNNING, 5 more TERMINATED
Trial status: 10 TERMINATED | 13 RUNNING
Current time: 2024-07-02 20:13:43. Total running time: 1hr 11min 6s
Logical resource usage: 13.0/32 CPUs, 0/0 GPUs
Current best trial: 2ca7a_00000 with loss=0.0 and params={'osc_f': 3.0, 'osc_pop_name': 'IT3', 'saveFolder': '../grid_batch_5sec_IT3_w_10', 'simLabel': 'grid_00000'}
╭───────────────────────────────────────────────────────────────────────────────────────────────╮
│ Trial name        status          osc_f   osc_pop_name       iter     total time (s)     loss │
├───────────────────────────────────────────────────────────────────────────────────────────────┤
│ run_2ca7a_00001   RUNNING       4.03912   IT3                                                 │
│ run_2ca7a_00006   RUNNING      10.4337    IT3                                                 │
│ run_2ca7a_00012   RUNNING      20.7449    IT3                                                 │
│ run_2ca7a_00013   RUNNING      22.7432    IT3                                                 │
│ run_2ca7a_00014   RUNNING      24.8214    IT3                                                 │
│ run_2ca7a_00000   TERMINATED    3         IT3                   1            2684.37        0 │
│ run_2ca7a_00002   TERMINATED    5.15816   IT3                   1            2748.11        0 │
│ run_2ca7a_00003   TERMINATED    6.35714   IT3                   1            2739.27        0 │
│ run_2ca7a_00004   TERMINATED    7.63605   IT3                   1            2685.31        0 │
│ run_2ca7a_00005   TERMINATED    8.9949    IT3                   1            2780.19        0 │
╰───────────────────────────────────────────────────────────────────────────────────────────────╯
8 more RUNNING, 5 more TERMINATED
Trial status: 10 TERMINATED | 13 RUNNING
Current time: 2024-07-02 20:14:14. Total running time: 1hr 11min 36s
Logical resource usage: 13.0/32 CPUs, 0/0 GPUs
Current best trial: 2ca7a_00000 with loss=0.0 and params={'osc_f': 3.0, 'osc_pop_name': 'IT3', 'saveFolder': '../grid_batch_5sec_IT3_w_10', 'simLabel': 'grid_00000'}
╭───────────────────────────────────────────────────────────────────────────────────────────────╮
│ Trial name        status          osc_f   osc_pop_name       iter     total time (s)     loss │
├───────────────────────────────────────────────────────────────────────────────────────────────┤
│ run_2ca7a_00001   RUNNING       4.03912   IT3                                                 │
│ run_2ca7a_00006   RUNNING      10.4337    IT3                                                 │
│ run_2ca7a_00012   RUNNING      20.7449    IT3                                                 │
│ run_2ca7a_00013   RUNNING      22.7432    IT3                                                 │
│ run_2ca7a_00014   RUNNING      24.8214    IT3                                                 │
│ run_2ca7a_00000   TERMINATED    3         IT3                   1            2684.37        0 │
│ run_2ca7a_00002   TERMINATED    5.15816   IT3                   1            2748.11        0 │
│ run_2ca7a_00003   TERMINATED    6.35714   IT3                   1            2739.27        0 │
│ run_2ca7a_00004   TERMINATED    7.63605   IT3                   1            2685.31        0 │
│ run_2ca7a_00005   TERMINATED    8.9949    IT3                   1            2780.19        0 │
╰───────────────────────────────────────────────────────────────────────────────────────────────╯
8 more RUNNING, 5 more TERMINATED
Trial status: 10 TERMINATED | 13 RUNNING
Current time: 2024-07-02 20:14:44. Total running time: 1hr 12min 6s
Logical resource usage: 13.0/32 CPUs, 0/0 GPUs
Current best trial: 2ca7a_00000 with loss=0.0 and params={'osc_f': 3.0, 'osc_pop_name': 'IT3', 'saveFolder': '../grid_batch_5sec_IT3_w_10', 'simLabel': 'grid_00000'}
╭───────────────────────────────────────────────────────────────────────────────────────────────╮
│ Trial name        status          osc_f   osc_pop_name       iter     total time (s)     loss │
├───────────────────────────────────────────────────────────────────────────────────────────────┤
│ run_2ca7a_00001   RUNNING       4.03912   IT3                                                 │
│ run_2ca7a_00006   RUNNING      10.4337    IT3                                                 │
│ run_2ca7a_00012   RUNNING      20.7449    IT3                                                 │
│ run_2ca7a_00013   RUNNING      22.7432    IT3                                                 │
│ run_2ca7a_00014   RUNNING      24.8214    IT3                                                 │
│ run_2ca7a_00000   TERMINATED    3         IT3                   1            2684.37        0 │
│ run_2ca7a_00002   TERMINATED    5.15816   IT3                   1            2748.11        0 │
│ run_2ca7a_00003   TERMINATED    6.35714   IT3                   1            2739.27        0 │
│ run_2ca7a_00004   TERMINATED    7.63605   IT3                   1            2685.31        0 │
│ run_2ca7a_00005   TERMINATED    8.9949    IT3                   1            2780.19        0 │
╰───────────────────────────────────────────────────────────────────────────────────────────────╯
8 more RUNNING, 5 more TERMINATED
Trial status: 10 TERMINATED | 13 RUNNING
Current time: 2024-07-02 20:15:14. Total running time: 1hr 12min 36s
Logical resource usage: 13.0/32 CPUs, 0/0 GPUs
Current best trial: 2ca7a_00000 with loss=0.0 and params={'osc_f': 3.0, 'osc_pop_name': 'IT3', 'saveFolder': '../grid_batch_5sec_IT3_w_10', 'simLabel': 'grid_00000'}
╭───────────────────────────────────────────────────────────────────────────────────────────────╮
│ Trial name        status          osc_f   osc_pop_name       iter     total time (s)     loss │
├───────────────────────────────────────────────────────────────────────────────────────────────┤
│ run_2ca7a_00001   RUNNING       4.03912   IT3                                                 │
│ run_2ca7a_00006   RUNNING      10.4337    IT3                                                 │
│ run_2ca7a_00012   RUNNING      20.7449    IT3                                                 │
│ run_2ca7a_00013   RUNNING      22.7432    IT3                                                 │
│ run_2ca7a_00014   RUNNING      24.8214    IT3                                                 │
│ run_2ca7a_00000   TERMINATED    3         IT3                   1            2684.37        0 │
│ run_2ca7a_00002   TERMINATED    5.15816   IT3                   1            2748.11        0 │
│ run_2ca7a_00003   TERMINATED    6.35714   IT3                   1            2739.27        0 │
│ run_2ca7a_00004   TERMINATED    7.63605   IT3                   1            2685.31        0 │
│ run_2ca7a_00005   TERMINATED    8.9949    IT3                   1            2780.19        0 │
╰───────────────────────────────────────────────────────────────────────────────────────────────╯
8 more RUNNING, 5 more TERMINATED
Trial status: 10 TERMINATED | 13 RUNNING
Current time: 2024-07-02 20:15:44. Total running time: 1hr 13min 6s
Logical resource usage: 13.0/32 CPUs, 0/0 GPUs
Current best trial: 2ca7a_00000 with loss=0.0 and params={'osc_f': 3.0, 'osc_pop_name': 'IT3', 'saveFolder': '../grid_batch_5sec_IT3_w_10', 'simLabel': 'grid_00000'}
╭───────────────────────────────────────────────────────────────────────────────────────────────╮
│ Trial name        status          osc_f   osc_pop_name       iter     total time (s)     loss │
├───────────────────────────────────────────────────────────────────────────────────────────────┤
│ run_2ca7a_00001   RUNNING       4.03912   IT3                                                 │
│ run_2ca7a_00006   RUNNING      10.4337    IT3                                                 │
│ run_2ca7a_00012   RUNNING      20.7449    IT3                                                 │
│ run_2ca7a_00013   RUNNING      22.7432    IT3                                                 │
│ run_2ca7a_00014   RUNNING      24.8214    IT3                                                 │
│ run_2ca7a_00000   TERMINATED    3         IT3                   1            2684.37        0 │
│ run_2ca7a_00002   TERMINATED    5.15816   IT3                   1            2748.11        0 │
│ run_2ca7a_00003   TERMINATED    6.35714   IT3                   1            2739.27        0 │
│ run_2ca7a_00004   TERMINATED    7.63605   IT3                   1            2685.31        0 │
│ run_2ca7a_00005   TERMINATED    8.9949    IT3                   1            2780.19        0 │
╰───────────────────────────────────────────────────────────────────────────────────────────────╯
8 more RUNNING, 5 more TERMINATED
Trial status: 10 TERMINATED | 13 RUNNING
Current time: 2024-07-02 20:16:14. Total running time: 1hr 13min 36s
Logical resource usage: 13.0/32 CPUs, 0/0 GPUs
Current best trial: 2ca7a_00000 with loss=0.0 and params={'osc_f': 3.0, 'osc_pop_name': 'IT3', 'saveFolder': '../grid_batch_5sec_IT3_w_10', 'simLabel': 'grid_00000'}
╭───────────────────────────────────────────────────────────────────────────────────────────────╮
│ Trial name        status          osc_f   osc_pop_name       iter     total time (s)     loss │
├───────────────────────────────────────────────────────────────────────────────────────────────┤
│ run_2ca7a_00001   RUNNING       4.03912   IT3                                                 │
│ run_2ca7a_00006   RUNNING      10.4337    IT3                                                 │
│ run_2ca7a_00012   RUNNING      20.7449    IT3                                                 │
│ run_2ca7a_00013   RUNNING      22.7432    IT3                                                 │
│ run_2ca7a_00014   RUNNING      24.8214    IT3                                                 │
│ run_2ca7a_00000   TERMINATED    3         IT3                   1            2684.37        0 │
│ run_2ca7a_00002   TERMINATED    5.15816   IT3                   1            2748.11        0 │
│ run_2ca7a_00003   TERMINATED    6.35714   IT3                   1            2739.27        0 │
│ run_2ca7a_00004   TERMINATED    7.63605   IT3                   1            2685.31        0 │
│ run_2ca7a_00005   TERMINATED    8.9949    IT3                   1            2780.19        0 │
╰───────────────────────────────────────────────────────────────────────────────────────────────╯
8 more RUNNING, 5 more TERMINATED
Trial status: 10 TERMINATED | 13 RUNNING
Current time: 2024-07-02 20:16:44. Total running time: 1hr 14min 6s
Logical resource usage: 13.0/32 CPUs, 0/0 GPUs
Current best trial: 2ca7a_00000 with loss=0.0 and params={'osc_f': 3.0, 'osc_pop_name': 'IT3', 'saveFolder': '../grid_batch_5sec_IT3_w_10', 'simLabel': 'grid_00000'}
╭───────────────────────────────────────────────────────────────────────────────────────────────╮
│ Trial name        status          osc_f   osc_pop_name       iter     total time (s)     loss │
├───────────────────────────────────────────────────────────────────────────────────────────────┤
│ run_2ca7a_00001   RUNNING       4.03912   IT3                                                 │
│ run_2ca7a_00006   RUNNING      10.4337    IT3                                                 │
│ run_2ca7a_00012   RUNNING      20.7449    IT3                                                 │
│ run_2ca7a_00013   RUNNING      22.7432    IT3                                                 │
│ run_2ca7a_00014   RUNNING      24.8214    IT3                                                 │
│ run_2ca7a_00000   TERMINATED    3         IT3                   1            2684.37        0 │
│ run_2ca7a_00002   TERMINATED    5.15816   IT3                   1            2748.11        0 │
│ run_2ca7a_00003   TERMINATED    6.35714   IT3                   1            2739.27        0 │
│ run_2ca7a_00004   TERMINATED    7.63605   IT3                   1            2685.31        0 │
│ run_2ca7a_00005   TERMINATED    8.9949    IT3                   1            2780.19        0 │
╰───────────────────────────────────────────────────────────────────────────────────────────────╯
8 more RUNNING, 5 more TERMINATED
Trial status: 10 TERMINATED | 13 RUNNING
Current time: 2024-07-02 20:17:14. Total running time: 1hr 14min 37s
Logical resource usage: 13.0/32 CPUs, 0/0 GPUs
Current best trial: 2ca7a_00000 with loss=0.0 and params={'osc_f': 3.0, 'osc_pop_name': 'IT3', 'saveFolder': '../grid_batch_5sec_IT3_w_10', 'simLabel': 'grid_00000'}
╭───────────────────────────────────────────────────────────────────────────────────────────────╮
│ Trial name        status          osc_f   osc_pop_name       iter     total time (s)     loss │
├───────────────────────────────────────────────────────────────────────────────────────────────┤
│ run_2ca7a_00001   RUNNING       4.03912   IT3                                                 │
│ run_2ca7a_00006   RUNNING      10.4337    IT3                                                 │
│ run_2ca7a_00012   RUNNING      20.7449    IT3                                                 │
│ run_2ca7a_00013   RUNNING      22.7432    IT3                                                 │
│ run_2ca7a_00014   RUNNING      24.8214    IT3                                                 │
│ run_2ca7a_00000   TERMINATED    3         IT3                   1            2684.37        0 │
│ run_2ca7a_00002   TERMINATED    5.15816   IT3                   1            2748.11        0 │
│ run_2ca7a_00003   TERMINATED    6.35714   IT3                   1            2739.27        0 │
│ run_2ca7a_00004   TERMINATED    7.63605   IT3                   1            2685.31        0 │
│ run_2ca7a_00005   TERMINATED    8.9949    IT3                   1            2780.19        0 │
╰───────────────────────────────────────────────────────────────────────────────────────────────╯
8 more RUNNING, 5 more TERMINATED
Trial status: 10 TERMINATED | 13 RUNNING
Current time: 2024-07-02 20:17:44. Total running time: 1hr 15min 7s
Logical resource usage: 13.0/32 CPUs, 0/0 GPUs
Current best trial: 2ca7a_00000 with loss=0.0 and params={'osc_f': 3.0, 'osc_pop_name': 'IT3', 'saveFolder': '../grid_batch_5sec_IT3_w_10', 'simLabel': 'grid_00000'}
╭───────────────────────────────────────────────────────────────────────────────────────────────╮
│ Trial name        status          osc_f   osc_pop_name       iter     total time (s)     loss │
├───────────────────────────────────────────────────────────────────────────────────────────────┤
│ run_2ca7a_00001   RUNNING       4.03912   IT3                                                 │
│ run_2ca7a_00006   RUNNING      10.4337    IT3                                                 │
│ run_2ca7a_00012   RUNNING      20.7449    IT3                                                 │
│ run_2ca7a_00013   RUNNING      22.7432    IT3                                                 │
│ run_2ca7a_00014   RUNNING      24.8214    IT3                                                 │
│ run_2ca7a_00000   TERMINATED    3         IT3                   1            2684.37        0 │
│ run_2ca7a_00002   TERMINATED    5.15816   IT3                   1            2748.11        0 │
│ run_2ca7a_00003   TERMINATED    6.35714   IT3                   1            2739.27        0 │
│ run_2ca7a_00004   TERMINATED    7.63605   IT3                   1            2685.31        0 │
│ run_2ca7a_00005   TERMINATED    8.9949    IT3                   1            2780.19        0 │
╰───────────────────────────────────────────────────────────────────────────────────────────────╯
8 more RUNNING, 5 more TERMINATED
Trial status: 10 TERMINATED | 13 RUNNING
Current time: 2024-07-02 20:18:14. Total running time: 1hr 15min 37s
Logical resource usage: 13.0/32 CPUs, 0/0 GPUs
Current best trial: 2ca7a_00000 with loss=0.0 and params={'osc_f': 3.0, 'osc_pop_name': 'IT3', 'saveFolder': '../grid_batch_5sec_IT3_w_10', 'simLabel': 'grid_00000'}
╭───────────────────────────────────────────────────────────────────────────────────────────────╮
│ Trial name        status          osc_f   osc_pop_name       iter     total time (s)     loss │
├───────────────────────────────────────────────────────────────────────────────────────────────┤
│ run_2ca7a_00001   RUNNING       4.03912   IT3                                                 │
│ run_2ca7a_00006   RUNNING      10.4337    IT3                                                 │
│ run_2ca7a_00012   RUNNING      20.7449    IT3                                                 │
│ run_2ca7a_00013   RUNNING      22.7432    IT3                                                 │
│ run_2ca7a_00014   RUNNING      24.8214    IT3                                                 │
│ run_2ca7a_00000   TERMINATED    3         IT3                   1            2684.37        0 │
│ run_2ca7a_00002   TERMINATED    5.15816   IT3                   1            2748.11        0 │
│ run_2ca7a_00003   TERMINATED    6.35714   IT3                   1            2739.27        0 │
│ run_2ca7a_00004   TERMINATED    7.63605   IT3                   1            2685.31        0 │
│ run_2ca7a_00005   TERMINATED    8.9949    IT3                   1            2780.19        0 │
╰───────────────────────────────────────────────────────────────────────────────────────────────╯
8 more RUNNING, 5 more TERMINATED
Trial status: 10 TERMINATED | 13 RUNNING
Current time: 2024-07-02 20:18:44. Total running time: 1hr 16min 7s
Logical resource usage: 13.0/32 CPUs, 0/0 GPUs
Current best trial: 2ca7a_00000 with loss=0.0 and params={'osc_f': 3.0, 'osc_pop_name': 'IT3', 'saveFolder': '../grid_batch_5sec_IT3_w_10', 'simLabel': 'grid_00000'}
╭───────────────────────────────────────────────────────────────────────────────────────────────╮
│ Trial name        status          osc_f   osc_pop_name       iter     total time (s)     loss │
├───────────────────────────────────────────────────────────────────────────────────────────────┤
│ run_2ca7a_00001   RUNNING       4.03912   IT3                                                 │
│ run_2ca7a_00006   RUNNING      10.4337    IT3                                                 │
│ run_2ca7a_00012   RUNNING      20.7449    IT3                                                 │
│ run_2ca7a_00013   RUNNING      22.7432    IT3                                                 │
│ run_2ca7a_00014   RUNNING      24.8214    IT3                                                 │
│ run_2ca7a_00000   TERMINATED    3         IT3                   1            2684.37        0 │
│ run_2ca7a_00002   TERMINATED    5.15816   IT3                   1            2748.11        0 │
│ run_2ca7a_00003   TERMINATED    6.35714   IT3                   1            2739.27        0 │
│ run_2ca7a_00004   TERMINATED    7.63605   IT3                   1            2685.31        0 │
│ run_2ca7a_00005   TERMINATED    8.9949    IT3                   1            2780.19        0 │
╰───────────────────────────────────────────────────────────────────────────────────────────────╯
8 more RUNNING, 5 more TERMINATED
Trial status: 10 TERMINATED | 13 RUNNING
Current time: 2024-07-02 20:19:14. Total running time: 1hr 16min 37s
Logical resource usage: 13.0/32 CPUs, 0/0 GPUs
Current best trial: 2ca7a_00000 with loss=0.0 and params={'osc_f': 3.0, 'osc_pop_name': 'IT3', 'saveFolder': '../grid_batch_5sec_IT3_w_10', 'simLabel': 'grid_00000'}
╭───────────────────────────────────────────────────────────────────────────────────────────────╮
│ Trial name        status          osc_f   osc_pop_name       iter     total time (s)     loss │
├───────────────────────────────────────────────────────────────────────────────────────────────┤
│ run_2ca7a_00001   RUNNING       4.03912   IT3                                                 │
│ run_2ca7a_00006   RUNNING      10.4337    IT3                                                 │
│ run_2ca7a_00012   RUNNING      20.7449    IT3                                                 │
│ run_2ca7a_00013   RUNNING      22.7432    IT3                                                 │
│ run_2ca7a_00014   RUNNING      24.8214    IT3                                                 │
│ run_2ca7a_00000   TERMINATED    3         IT3                   1            2684.37        0 │
│ run_2ca7a_00002   TERMINATED    5.15816   IT3                   1            2748.11        0 │
│ run_2ca7a_00003   TERMINATED    6.35714   IT3                   1            2739.27        0 │
│ run_2ca7a_00004   TERMINATED    7.63605   IT3                   1            2685.31        0 │
│ run_2ca7a_00005   TERMINATED    8.9949    IT3                   1            2780.19        0 │
╰───────────────────────────────────────────────────────────────────────────────────────────────╯
8 more RUNNING, 5 more TERMINATED
Trial status: 10 TERMINATED | 13 RUNNING
Current time: 2024-07-02 20:19:44. Total running time: 1hr 17min 7s
Logical resource usage: 13.0/32 CPUs, 0/0 GPUs
Current best trial: 2ca7a_00000 with loss=0.0 and params={'osc_f': 3.0, 'osc_pop_name': 'IT3', 'saveFolder': '../grid_batch_5sec_IT3_w_10', 'simLabel': 'grid_00000'}
╭───────────────────────────────────────────────────────────────────────────────────────────────╮
│ Trial name        status          osc_f   osc_pop_name       iter     total time (s)     loss │
├───────────────────────────────────────────────────────────────────────────────────────────────┤
│ run_2ca7a_00001   RUNNING       4.03912   IT3                                                 │
│ run_2ca7a_00006   RUNNING      10.4337    IT3                                                 │
│ run_2ca7a_00012   RUNNING      20.7449    IT3                                                 │
│ run_2ca7a_00013   RUNNING      22.7432    IT3                                                 │
│ run_2ca7a_00014   RUNNING      24.8214    IT3                                                 │
│ run_2ca7a_00000   TERMINATED    3         IT3                   1            2684.37        0 │
│ run_2ca7a_00002   TERMINATED    5.15816   IT3                   1            2748.11        0 │
│ run_2ca7a_00003   TERMINATED    6.35714   IT3                   1            2739.27        0 │
│ run_2ca7a_00004   TERMINATED    7.63605   IT3                   1            2685.31        0 │
│ run_2ca7a_00005   TERMINATED    8.9949    IT3                   1            2780.19        0 │
╰───────────────────────────────────────────────────────────────────────────────────────────────╯
8 more RUNNING, 5 more TERMINATED
Trial status: 10 TERMINATED | 13 RUNNING
Current time: 2024-07-02 20:20:14. Total running time: 1hr 17min 37s
Logical resource usage: 13.0/32 CPUs, 0/0 GPUs
Current best trial: 2ca7a_00000 with loss=0.0 and params={'osc_f': 3.0, 'osc_pop_name': 'IT3', 'saveFolder': '../grid_batch_5sec_IT3_w_10', 'simLabel': 'grid_00000'}
╭───────────────────────────────────────────────────────────────────────────────────────────────╮
│ Trial name        status          osc_f   osc_pop_name       iter     total time (s)     loss │
├───────────────────────────────────────────────────────────────────────────────────────────────┤
│ run_2ca7a_00001   RUNNING       4.03912   IT3                                                 │
│ run_2ca7a_00006   RUNNING      10.4337    IT3                                                 │
│ run_2ca7a_00012   RUNNING      20.7449    IT3                                                 │
│ run_2ca7a_00013   RUNNING      22.7432    IT3                                                 │
│ run_2ca7a_00014   RUNNING      24.8214    IT3                                                 │
│ run_2ca7a_00000   TERMINATED    3         IT3                   1            2684.37        0 │
│ run_2ca7a_00002   TERMINATED    5.15816   IT3                   1            2748.11        0 │
│ run_2ca7a_00003   TERMINATED    6.35714   IT3                   1            2739.27        0 │
│ run_2ca7a_00004   TERMINATED    7.63605   IT3                   1            2685.31        0 │
│ run_2ca7a_00005   TERMINATED    8.9949    IT3                   1            2780.19        0 │
╰───────────────────────────────────────────────────────────────────────────────────────────────╯
8 more RUNNING, 5 more TERMINATED
Trial status: 10 TERMINATED | 13 RUNNING
Current time: 2024-07-02 20:20:44. Total running time: 1hr 18min 7s
Logical resource usage: 13.0/32 CPUs, 0/0 GPUs
Current best trial: 2ca7a_00000 with loss=0.0 and params={'osc_f': 3.0, 'osc_pop_name': 'IT3', 'saveFolder': '../grid_batch_5sec_IT3_w_10', 'simLabel': 'grid_00000'}
╭───────────────────────────────────────────────────────────────────────────────────────────────╮
│ Trial name        status          osc_f   osc_pop_name       iter     total time (s)     loss │
├───────────────────────────────────────────────────────────────────────────────────────────────┤
│ run_2ca7a_00001   RUNNING       4.03912   IT3                                                 │
│ run_2ca7a_00006   RUNNING      10.4337    IT3                                                 │
│ run_2ca7a_00012   RUNNING      20.7449    IT3                                                 │
│ run_2ca7a_00013   RUNNING      22.7432    IT3                                                 │
│ run_2ca7a_00014   RUNNING      24.8214    IT3                                                 │
│ run_2ca7a_00000   TERMINATED    3         IT3                   1            2684.37        0 │
│ run_2ca7a_00002   TERMINATED    5.15816   IT3                   1            2748.11        0 │
│ run_2ca7a_00003   TERMINATED    6.35714   IT3                   1            2739.27        0 │
│ run_2ca7a_00004   TERMINATED    7.63605   IT3                   1            2685.31        0 │
│ run_2ca7a_00005   TERMINATED    8.9949    IT3                   1            2780.19        0 │
╰───────────────────────────────────────────────────────────────────────────────────────────────╯
8 more RUNNING, 5 more TERMINATED
Trial status: 10 TERMINATED | 13 RUNNING
Current time: 2024-07-02 20:21:14. Total running time: 1hr 18min 37s
Logical resource usage: 13.0/32 CPUs, 0/0 GPUs
Current best trial: 2ca7a_00000 with loss=0.0 and params={'osc_f': 3.0, 'osc_pop_name': 'IT3', 'saveFolder': '../grid_batch_5sec_IT3_w_10', 'simLabel': 'grid_00000'}
╭───────────────────────────────────────────────────────────────────────────────────────────────╮
│ Trial name        status          osc_f   osc_pop_name       iter     total time (s)     loss │
├───────────────────────────────────────────────────────────────────────────────────────────────┤
│ run_2ca7a_00001   RUNNING       4.03912   IT3                                                 │
│ run_2ca7a_00006   RUNNING      10.4337    IT3                                                 │
│ run_2ca7a_00012   RUNNING      20.7449    IT3                                                 │
│ run_2ca7a_00013   RUNNING      22.7432    IT3                                                 │
│ run_2ca7a_00014   RUNNING      24.8214    IT3                                                 │
│ run_2ca7a_00000   TERMINATED    3         IT3                   1            2684.37        0 │
│ run_2ca7a_00002   TERMINATED    5.15816   IT3                   1            2748.11        0 │
│ run_2ca7a_00003   TERMINATED    6.35714   IT3                   1            2739.27        0 │
│ run_2ca7a_00004   TERMINATED    7.63605   IT3                   1            2685.31        0 │
│ run_2ca7a_00005   TERMINATED    8.9949    IT3                   1            2780.19        0 │
╰───────────────────────────────────────────────────────────────────────────────────────────────╯
8 more RUNNING, 5 more TERMINATED
Trial status: 10 TERMINATED | 13 RUNNING
Current time: 2024-07-02 20:21:44. Total running time: 1hr 19min 7s
Logical resource usage: 13.0/32 CPUs, 0/0 GPUs
Current best trial: 2ca7a_00000 with loss=0.0 and params={'osc_f': 3.0, 'osc_pop_name': 'IT3', 'saveFolder': '../grid_batch_5sec_IT3_w_10', 'simLabel': 'grid_00000'}
╭───────────────────────────────────────────────────────────────────────────────────────────────╮
│ Trial name        status          osc_f   osc_pop_name       iter     total time (s)     loss │
├───────────────────────────────────────────────────────────────────────────────────────────────┤
│ run_2ca7a_00001   RUNNING       4.03912   IT3                                                 │
│ run_2ca7a_00006   RUNNING      10.4337    IT3                                                 │
│ run_2ca7a_00012   RUNNING      20.7449    IT3                                                 │
│ run_2ca7a_00013   RUNNING      22.7432    IT3                                                 │
│ run_2ca7a_00014   RUNNING      24.8214    IT3                                                 │
│ run_2ca7a_00000   TERMINATED    3         IT3                   1            2684.37        0 │
│ run_2ca7a_00002   TERMINATED    5.15816   IT3                   1            2748.11        0 │
│ run_2ca7a_00003   TERMINATED    6.35714   IT3                   1            2739.27        0 │
│ run_2ca7a_00004   TERMINATED    7.63605   IT3                   1            2685.31        0 │
│ run_2ca7a_00005   TERMINATED    8.9949    IT3                   1            2780.19        0 │
╰───────────────────────────────────────────────────────────────────────────────────────────────╯
8 more RUNNING, 5 more TERMINATED
Trial status: 10 TERMINATED | 13 RUNNING
Current time: 2024-07-02 20:22:14. Total running time: 1hr 19min 37s
Logical resource usage: 13.0/32 CPUs, 0/0 GPUs
Current best trial: 2ca7a_00000 with loss=0.0 and params={'osc_f': 3.0, 'osc_pop_name': 'IT3', 'saveFolder': '../grid_batch_5sec_IT3_w_10', 'simLabel': 'grid_00000'}
╭───────────────────────────────────────────────────────────────────────────────────────────────╮
│ Trial name        status          osc_f   osc_pop_name       iter     total time (s)     loss │
├───────────────────────────────────────────────────────────────────────────────────────────────┤
│ run_2ca7a_00001   RUNNING       4.03912   IT3                                                 │
│ run_2ca7a_00006   RUNNING      10.4337    IT3                                                 │
│ run_2ca7a_00012   RUNNING      20.7449    IT3                                                 │
│ run_2ca7a_00013   RUNNING      22.7432    IT3                                                 │
│ run_2ca7a_00014   RUNNING      24.8214    IT3                                                 │
│ run_2ca7a_00000   TERMINATED    3         IT3                   1            2684.37        0 │
│ run_2ca7a_00002   TERMINATED    5.15816   IT3                   1            2748.11        0 │
│ run_2ca7a_00003   TERMINATED    6.35714   IT3                   1            2739.27        0 │
│ run_2ca7a_00004   TERMINATED    7.63605   IT3                   1            2685.31        0 │
│ run_2ca7a_00005   TERMINATED    8.9949    IT3                   1            2780.19        0 │
╰───────────────────────────────────────────────────────────────────────────────────────────────╯
8 more RUNNING, 5 more TERMINATED
Trial status: 10 TERMINATED | 13 RUNNING
Current time: 2024-07-02 20:22:44. Total running time: 1hr 20min 7s
Logical resource usage: 13.0/32 CPUs, 0/0 GPUs
Current best trial: 2ca7a_00000 with loss=0.0 and params={'osc_f': 3.0, 'osc_pop_name': 'IT3', 'saveFolder': '../grid_batch_5sec_IT3_w_10', 'simLabel': 'grid_00000'}
╭───────────────────────────────────────────────────────────────────────────────────────────────╮
│ Trial name        status          osc_f   osc_pop_name       iter     total time (s)     loss │
├───────────────────────────────────────────────────────────────────────────────────────────────┤
│ run_2ca7a_00001   RUNNING       4.03912   IT3                                                 │
│ run_2ca7a_00006   RUNNING      10.4337    IT3                                                 │
│ run_2ca7a_00012   RUNNING      20.7449    IT3                                                 │
│ run_2ca7a_00013   RUNNING      22.7432    IT3                                                 │
│ run_2ca7a_00014   RUNNING      24.8214    IT3                                                 │
│ run_2ca7a_00000   TERMINATED    3         IT3                   1            2684.37        0 │
│ run_2ca7a_00002   TERMINATED    5.15816   IT3                   1            2748.11        0 │
│ run_2ca7a_00003   TERMINATED    6.35714   IT3                   1            2739.27        0 │
│ run_2ca7a_00004   TERMINATED    7.63605   IT3                   1            2685.31        0 │
│ run_2ca7a_00005   TERMINATED    8.9949    IT3                   1            2780.19        0 │
╰───────────────────────────────────────────────────────────────────────────────────────────────╯
8 more RUNNING, 5 more TERMINATED
Trial status: 10 TERMINATED | 13 RUNNING
Current time: 2024-07-02 20:23:14. Total running time: 1hr 20min 37s
Logical resource usage: 13.0/32 CPUs, 0/0 GPUs
Current best trial: 2ca7a_00000 with loss=0.0 and params={'osc_f': 3.0, 'osc_pop_name': 'IT3', 'saveFolder': '../grid_batch_5sec_IT3_w_10', 'simLabel': 'grid_00000'}
╭───────────────────────────────────────────────────────────────────────────────────────────────╮
│ Trial name        status          osc_f   osc_pop_name       iter     total time (s)     loss │
├───────────────────────────────────────────────────────────────────────────────────────────────┤
│ run_2ca7a_00001   RUNNING       4.03912   IT3                                                 │
│ run_2ca7a_00006   RUNNING      10.4337    IT3                                                 │
│ run_2ca7a_00012   RUNNING      20.7449    IT3                                                 │
│ run_2ca7a_00013   RUNNING      22.7432    IT3                                                 │
│ run_2ca7a_00014   RUNNING      24.8214    IT3                                                 │
│ run_2ca7a_00000   TERMINATED    3         IT3                   1            2684.37        0 │
│ run_2ca7a_00002   TERMINATED    5.15816   IT3                   1            2748.11        0 │
│ run_2ca7a_00003   TERMINATED    6.35714   IT3                   1            2739.27        0 │
│ run_2ca7a_00004   TERMINATED    7.63605   IT3                   1            2685.31        0 │
│ run_2ca7a_00005   TERMINATED    8.9949    IT3                   1            2780.19        0 │
╰───────────────────────────────────────────────────────────────────────────────────────────────╯
8 more RUNNING, 5 more TERMINATED
Trial status: 10 TERMINATED | 13 RUNNING
Current time: 2024-07-02 20:23:44. Total running time: 1hr 21min 7s
Logical resource usage: 13.0/32 CPUs, 0/0 GPUs
Current best trial: 2ca7a_00000 with loss=0.0 and params={'osc_f': 3.0, 'osc_pop_name': 'IT3', 'saveFolder': '../grid_batch_5sec_IT3_w_10', 'simLabel': 'grid_00000'}
╭───────────────────────────────────────────────────────────────────────────────────────────────╮
│ Trial name        status          osc_f   osc_pop_name       iter     total time (s)     loss │
├───────────────────────────────────────────────────────────────────────────────────────────────┤
│ run_2ca7a_00001   RUNNING       4.03912   IT3                                                 │
│ run_2ca7a_00006   RUNNING      10.4337    IT3                                                 │
│ run_2ca7a_00012   RUNNING      20.7449    IT3                                                 │
│ run_2ca7a_00013   RUNNING      22.7432    IT3                                                 │
│ run_2ca7a_00014   RUNNING      24.8214    IT3                                                 │
│ run_2ca7a_00000   TERMINATED    3         IT3                   1            2684.37        0 │
│ run_2ca7a_00002   TERMINATED    5.15816   IT3                   1            2748.11        0 │
│ run_2ca7a_00003   TERMINATED    6.35714   IT3                   1            2739.27        0 │
│ run_2ca7a_00004   TERMINATED    7.63605   IT3                   1            2685.31        0 │
│ run_2ca7a_00005   TERMINATED    8.9949    IT3                   1            2780.19        0 │
╰───────────────────────────────────────────────────────────────────────────────────────────────╯
8 more RUNNING, 5 more TERMINATED
Trial status: 10 TERMINATED | 13 RUNNING
Current time: 2024-07-02 20:24:14. Total running time: 1hr 21min 37s
Logical resource usage: 13.0/32 CPUs, 0/0 GPUs
Current best trial: 2ca7a_00000 with loss=0.0 and params={'osc_f': 3.0, 'osc_pop_name': 'IT3', 'saveFolder': '../grid_batch_5sec_IT3_w_10', 'simLabel': 'grid_00000'}
╭───────────────────────────────────────────────────────────────────────────────────────────────╮
│ Trial name        status          osc_f   osc_pop_name       iter     total time (s)     loss │
├───────────────────────────────────────────────────────────────────────────────────────────────┤
│ run_2ca7a_00001   RUNNING       4.03912   IT3                                                 │
│ run_2ca7a_00006   RUNNING      10.4337    IT3                                                 │
│ run_2ca7a_00012   RUNNING      20.7449    IT3                                                 │
│ run_2ca7a_00013   RUNNING      22.7432    IT3                                                 │
│ run_2ca7a_00014   RUNNING      24.8214    IT3                                                 │
│ run_2ca7a_00000   TERMINATED    3         IT3                   1            2684.37        0 │
│ run_2ca7a_00002   TERMINATED    5.15816   IT3                   1            2748.11        0 │
│ run_2ca7a_00003   TERMINATED    6.35714   IT3                   1            2739.27        0 │
│ run_2ca7a_00004   TERMINATED    7.63605   IT3                   1            2685.31        0 │
│ run_2ca7a_00005   TERMINATED    8.9949    IT3                   1            2780.19        0 │
╰───────────────────────────────────────────────────────────────────────────────────────────────╯
8 more RUNNING, 5 more TERMINATED
Trial status: 10 TERMINATED | 13 RUNNING
Current time: 2024-07-02 20:24:45. Total running time: 1hr 22min 7s
Logical resource usage: 13.0/32 CPUs, 0/0 GPUs
Current best trial: 2ca7a_00000 with loss=0.0 and params={'osc_f': 3.0, 'osc_pop_name': 'IT3', 'saveFolder': '../grid_batch_5sec_IT3_w_10', 'simLabel': 'grid_00000'}
╭───────────────────────────────────────────────────────────────────────────────────────────────╮
│ Trial name        status          osc_f   osc_pop_name       iter     total time (s)     loss │
├───────────────────────────────────────────────────────────────────────────────────────────────┤
│ run_2ca7a_00001   RUNNING       4.03912   IT3                                                 │
│ run_2ca7a_00006   RUNNING      10.4337    IT3                                                 │
│ run_2ca7a_00012   RUNNING      20.7449    IT3                                                 │
│ run_2ca7a_00013   RUNNING      22.7432    IT3                                                 │
│ run_2ca7a_00014   RUNNING      24.8214    IT3                                                 │
│ run_2ca7a_00000   TERMINATED    3         IT3                   1            2684.37        0 │
│ run_2ca7a_00002   TERMINATED    5.15816   IT3                   1            2748.11        0 │
│ run_2ca7a_00003   TERMINATED    6.35714   IT3                   1            2739.27        0 │
│ run_2ca7a_00004   TERMINATED    7.63605   IT3                   1            2685.31        0 │
│ run_2ca7a_00005   TERMINATED    8.9949    IT3                   1            2780.19        0 │
╰───────────────────────────────────────────────────────────────────────────────────────────────╯
8 more RUNNING, 5 more TERMINATED
Trial status: 10 TERMINATED | 13 RUNNING
Current time: 2024-07-02 20:25:15. Total running time: 1hr 22min 37s
Logical resource usage: 13.0/32 CPUs, 0/0 GPUs
Current best trial: 2ca7a_00000 with loss=0.0 and params={'osc_f': 3.0, 'osc_pop_name': 'IT3', 'saveFolder': '../grid_batch_5sec_IT3_w_10', 'simLabel': 'grid_00000'}
╭───────────────────────────────────────────────────────────────────────────────────────────────╮
│ Trial name        status          osc_f   osc_pop_name       iter     total time (s)     loss │
├───────────────────────────────────────────────────────────────────────────────────────────────┤
│ run_2ca7a_00001   RUNNING       4.03912   IT3                                                 │
│ run_2ca7a_00006   RUNNING      10.4337    IT3                                                 │
│ run_2ca7a_00012   RUNNING      20.7449    IT3                                                 │
│ run_2ca7a_00013   RUNNING      22.7432    IT3                                                 │
│ run_2ca7a_00014   RUNNING      24.8214    IT3                                                 │
│ run_2ca7a_00000   TERMINATED    3         IT3                   1            2684.37        0 │
│ run_2ca7a_00002   TERMINATED    5.15816   IT3                   1            2748.11        0 │
│ run_2ca7a_00003   TERMINATED    6.35714   IT3                   1            2739.27        0 │
│ run_2ca7a_00004   TERMINATED    7.63605   IT3                   1            2685.31        0 │
│ run_2ca7a_00005   TERMINATED    8.9949    IT3                   1            2780.19        0 │
╰───────────────────────────────────────────────────────────────────────────────────────────────╯
8 more RUNNING, 5 more TERMINATED
Trial status: 10 TERMINATED | 13 RUNNING
Current time: 2024-07-02 20:25:45. Total running time: 1hr 23min 7s
Logical resource usage: 13.0/32 CPUs, 0/0 GPUs
Current best trial: 2ca7a_00000 with loss=0.0 and params={'osc_f': 3.0, 'osc_pop_name': 'IT3', 'saveFolder': '../grid_batch_5sec_IT3_w_10', 'simLabel': 'grid_00000'}
╭───────────────────────────────────────────────────────────────────────────────────────────────╮
│ Trial name        status          osc_f   osc_pop_name       iter     total time (s)     loss │
├───────────────────────────────────────────────────────────────────────────────────────────────┤
│ run_2ca7a_00001   RUNNING       4.03912   IT3                                                 │
│ run_2ca7a_00006   RUNNING      10.4337    IT3                                                 │
│ run_2ca7a_00012   RUNNING      20.7449    IT3                                                 │
│ run_2ca7a_00013   RUNNING      22.7432    IT3                                                 │
│ run_2ca7a_00014   RUNNING      24.8214    IT3                                                 │
│ run_2ca7a_00000   TERMINATED    3         IT3                   1            2684.37        0 │
│ run_2ca7a_00002   TERMINATED    5.15816   IT3                   1            2748.11        0 │
│ run_2ca7a_00003   TERMINATED    6.35714   IT3                   1            2739.27        0 │
│ run_2ca7a_00004   TERMINATED    7.63605   IT3                   1            2685.31        0 │
│ run_2ca7a_00005   TERMINATED    8.9949    IT3                   1            2780.19        0 │
╰───────────────────────────────────────────────────────────────────────────────────────────────╯
8 more RUNNING, 5 more TERMINATED
Trial status: 10 TERMINATED | 13 RUNNING
Current time: 2024-07-02 20:26:15. Total running time: 1hr 23min 37s
Logical resource usage: 13.0/32 CPUs, 0/0 GPUs
Current best trial: 2ca7a_00000 with loss=0.0 and params={'osc_f': 3.0, 'osc_pop_name': 'IT3', 'saveFolder': '../grid_batch_5sec_IT3_w_10', 'simLabel': 'grid_00000'}
╭───────────────────────────────────────────────────────────────────────────────────────────────╮
│ Trial name        status          osc_f   osc_pop_name       iter     total time (s)     loss │
├───────────────────────────────────────────────────────────────────────────────────────────────┤
│ run_2ca7a_00001   RUNNING       4.03912   IT3                                                 │
│ run_2ca7a_00006   RUNNING      10.4337    IT3                                                 │
│ run_2ca7a_00012   RUNNING      20.7449    IT3                                                 │
│ run_2ca7a_00013   RUNNING      22.7432    IT3                                                 │
│ run_2ca7a_00014   RUNNING      24.8214    IT3                                                 │
│ run_2ca7a_00000   TERMINATED    3         IT3                   1            2684.37        0 │
│ run_2ca7a_00002   TERMINATED    5.15816   IT3                   1            2748.11        0 │
│ run_2ca7a_00003   TERMINATED    6.35714   IT3                   1            2739.27        0 │
│ run_2ca7a_00004   TERMINATED    7.63605   IT3                   1            2685.31        0 │
│ run_2ca7a_00005   TERMINATED    8.9949    IT3                   1            2780.19        0 │
╰───────────────────────────────────────────────────────────────────────────────────────────────╯
8 more RUNNING, 5 more TERMINATED
Trial status: 10 TERMINATED | 13 RUNNING
Current time: 2024-07-02 20:26:45. Total running time: 1hr 24min 7s
Logical resource usage: 13.0/32 CPUs, 0/0 GPUs
Current best trial: 2ca7a_00000 with loss=0.0 and params={'osc_f': 3.0, 'osc_pop_name': 'IT3', 'saveFolder': '../grid_batch_5sec_IT3_w_10', 'simLabel': 'grid_00000'}
╭───────────────────────────────────────────────────────────────────────────────────────────────╮
│ Trial name        status          osc_f   osc_pop_name       iter     total time (s)     loss │
├───────────────────────────────────────────────────────────────────────────────────────────────┤
│ run_2ca7a_00001   RUNNING       4.03912   IT3                                                 │
│ run_2ca7a_00006   RUNNING      10.4337    IT3                                                 │
│ run_2ca7a_00012   RUNNING      20.7449    IT3                                                 │
│ run_2ca7a_00013   RUNNING      22.7432    IT3                                                 │
│ run_2ca7a_00014   RUNNING      24.8214    IT3                                                 │
│ run_2ca7a_00000   TERMINATED    3         IT3                   1            2684.37        0 │
│ run_2ca7a_00002   TERMINATED    5.15816   IT3                   1            2748.11        0 │
│ run_2ca7a_00003   TERMINATED    6.35714   IT3                   1            2739.27        0 │
│ run_2ca7a_00004   TERMINATED    7.63605   IT3                   1            2685.31        0 │
│ run_2ca7a_00005   TERMINATED    8.9949    IT3                   1            2780.19        0 │
╰───────────────────────────────────────────────────────────────────────────────────────────────╯
8 more RUNNING, 5 more TERMINATED
Trial status: 10 TERMINATED | 13 RUNNING
Current time: 2024-07-02 20:27:15. Total running time: 1hr 24min 37s
Logical resource usage: 13.0/32 CPUs, 0/0 GPUs
Current best trial: 2ca7a_00000 with loss=0.0 and params={'osc_f': 3.0, 'osc_pop_name': 'IT3', 'saveFolder': '../grid_batch_5sec_IT3_w_10', 'simLabel': 'grid_00000'}
╭───────────────────────────────────────────────────────────────────────────────────────────────╮
│ Trial name        status          osc_f   osc_pop_name       iter     total time (s)     loss │
├───────────────────────────────────────────────────────────────────────────────────────────────┤
│ run_2ca7a_00001   RUNNING       4.03912   IT3                                                 │
│ run_2ca7a_00006   RUNNING      10.4337    IT3                                                 │
│ run_2ca7a_00012   RUNNING      20.7449    IT3                                                 │
│ run_2ca7a_00013   RUNNING      22.7432    IT3                                                 │
│ run_2ca7a_00014   RUNNING      24.8214    IT3                                                 │
│ run_2ca7a_00000   TERMINATED    3         IT3                   1            2684.37        0 │
│ run_2ca7a_00002   TERMINATED    5.15816   IT3                   1            2748.11        0 │
│ run_2ca7a_00003   TERMINATED    6.35714   IT3                   1            2739.27        0 │
│ run_2ca7a_00004   TERMINATED    7.63605   IT3                   1            2685.31        0 │
│ run_2ca7a_00005   TERMINATED    8.9949    IT3                   1            2780.19        0 │
╰───────────────────────────────────────────────────────────────────────────────────────────────╯
8 more RUNNING, 5 more TERMINATED
Trial status: 10 TERMINATED | 13 RUNNING
Current time: 2024-07-02 20:27:45. Total running time: 1hr 25min 8s
Logical resource usage: 13.0/32 CPUs, 0/0 GPUs
Current best trial: 2ca7a_00000 with loss=0.0 and params={'osc_f': 3.0, 'osc_pop_name': 'IT3', 'saveFolder': '../grid_batch_5sec_IT3_w_10', 'simLabel': 'grid_00000'}
╭───────────────────────────────────────────────────────────────────────────────────────────────╮
│ Trial name        status          osc_f   osc_pop_name       iter     total time (s)     loss │
├───────────────────────────────────────────────────────────────────────────────────────────────┤
│ run_2ca7a_00001   RUNNING       4.03912   IT3                                                 │
│ run_2ca7a_00006   RUNNING      10.4337    IT3                                                 │
│ run_2ca7a_00012   RUNNING      20.7449    IT3                                                 │
│ run_2ca7a_00013   RUNNING      22.7432    IT3                                                 │
│ run_2ca7a_00014   RUNNING      24.8214    IT3                                                 │
│ run_2ca7a_00000   TERMINATED    3         IT3                   1            2684.37        0 │
│ run_2ca7a_00002   TERMINATED    5.15816   IT3                   1            2748.11        0 │
│ run_2ca7a_00003   TERMINATED    6.35714   IT3                   1            2739.27        0 │
│ run_2ca7a_00004   TERMINATED    7.63605   IT3                   1            2685.31        0 │
│ run_2ca7a_00005   TERMINATED    8.9949    IT3                   1            2780.19        0 │
╰───────────────────────────────────────────────────────────────────────────────────────────────╯
8 more RUNNING, 5 more TERMINATED
Trial status: 10 TERMINATED | 13 RUNNING
Current time: 2024-07-02 20:28:15. Total running time: 1hr 25min 38s
Logical resource usage: 13.0/32 CPUs, 0/0 GPUs
Current best trial: 2ca7a_00000 with loss=0.0 and params={'osc_f': 3.0, 'osc_pop_name': 'IT3', 'saveFolder': '../grid_batch_5sec_IT3_w_10', 'simLabel': 'grid_00000'}
╭───────────────────────────────────────────────────────────────────────────────────────────────╮
│ Trial name        status          osc_f   osc_pop_name       iter     total time (s)     loss │
├───────────────────────────────────────────────────────────────────────────────────────────────┤
│ run_2ca7a_00001   RUNNING       4.03912   IT3                                                 │
│ run_2ca7a_00006   RUNNING      10.4337    IT3                                                 │
│ run_2ca7a_00012   RUNNING      20.7449    IT3                                                 │
│ run_2ca7a_00013   RUNNING      22.7432    IT3                                                 │
│ run_2ca7a_00014   RUNNING      24.8214    IT3                                                 │
│ run_2ca7a_00000   TERMINATED    3         IT3                   1            2684.37        0 │
│ run_2ca7a_00002   TERMINATED    5.15816   IT3                   1            2748.11        0 │
│ run_2ca7a_00003   TERMINATED    6.35714   IT3                   1            2739.27        0 │
│ run_2ca7a_00004   TERMINATED    7.63605   IT3                   1            2685.31        0 │
│ run_2ca7a_00005   TERMINATED    8.9949    IT3                   1            2780.19        0 │
╰───────────────────────────────────────────────────────────────────────────────────────────────╯
8 more RUNNING, 5 more TERMINATED
Trial status: 10 TERMINATED | 13 RUNNING
Current time: 2024-07-02 20:28:45. Total running time: 1hr 26min 8s
Logical resource usage: 13.0/32 CPUs, 0/0 GPUs
Current best trial: 2ca7a_00000 with loss=0.0 and params={'osc_f': 3.0, 'osc_pop_name': 'IT3', 'saveFolder': '../grid_batch_5sec_IT3_w_10', 'simLabel': 'grid_00000'}
╭───────────────────────────────────────────────────────────────────────────────────────────────╮
│ Trial name        status          osc_f   osc_pop_name       iter     total time (s)     loss │
├───────────────────────────────────────────────────────────────────────────────────────────────┤
│ run_2ca7a_00001   RUNNING       4.03912   IT3                                                 │
│ run_2ca7a_00006   RUNNING      10.4337    IT3                                                 │
│ run_2ca7a_00012   RUNNING      20.7449    IT3                                                 │
│ run_2ca7a_00013   RUNNING      22.7432    IT3                                                 │
│ run_2ca7a_00014   RUNNING      24.8214    IT3                                                 │
│ run_2ca7a_00000   TERMINATED    3         IT3                   1            2684.37        0 │
│ run_2ca7a_00002   TERMINATED    5.15816   IT3                   1            2748.11        0 │
│ run_2ca7a_00003   TERMINATED    6.35714   IT3                   1            2739.27        0 │
│ run_2ca7a_00004   TERMINATED    7.63605   IT3                   1            2685.31        0 │
│ run_2ca7a_00005   TERMINATED    8.9949    IT3                   1            2780.19        0 │
╰───────────────────────────────────────────────────────────────────────────────────────────────╯
8 more RUNNING, 5 more TERMINATED
Trial status: 10 TERMINATED | 13 RUNNING
Current time: 2024-07-02 20:29:15. Total running time: 1hr 26min 38s
Logical resource usage: 13.0/32 CPUs, 0/0 GPUs
Current best trial: 2ca7a_00000 with loss=0.0 and params={'osc_f': 3.0, 'osc_pop_name': 'IT3', 'saveFolder': '../grid_batch_5sec_IT3_w_10', 'simLabel': 'grid_00000'}
╭───────────────────────────────────────────────────────────────────────────────────────────────╮
│ Trial name        status          osc_f   osc_pop_name       iter     total time (s)     loss │
├───────────────────────────────────────────────────────────────────────────────────────────────┤
│ run_2ca7a_00001   RUNNING       4.03912   IT3                                                 │
│ run_2ca7a_00006   RUNNING      10.4337    IT3                                                 │
│ run_2ca7a_00012   RUNNING      20.7449    IT3                                                 │
│ run_2ca7a_00013   RUNNING      22.7432    IT3                                                 │
│ run_2ca7a_00014   RUNNING      24.8214    IT3                                                 │
│ run_2ca7a_00000   TERMINATED    3         IT3                   1            2684.37        0 │
│ run_2ca7a_00002   TERMINATED    5.15816   IT3                   1            2748.11        0 │
│ run_2ca7a_00003   TERMINATED    6.35714   IT3                   1            2739.27        0 │
│ run_2ca7a_00004   TERMINATED    7.63605   IT3                   1            2685.31        0 │
│ run_2ca7a_00005   TERMINATED    8.9949    IT3                   1            2780.19        0 │
╰───────────────────────────────────────────────────────────────────────────────────────────────╯
8 more RUNNING, 5 more TERMINATED
Trial status: 10 TERMINATED | 13 RUNNING
Current time: 2024-07-02 20:29:45. Total running time: 1hr 27min 8s
Logical resource usage: 13.0/32 CPUs, 0/0 GPUs
Current best trial: 2ca7a_00000 with loss=0.0 and params={'osc_f': 3.0, 'osc_pop_name': 'IT3', 'saveFolder': '../grid_batch_5sec_IT3_w_10', 'simLabel': 'grid_00000'}
╭───────────────────────────────────────────────────────────────────────────────────────────────╮
│ Trial name        status          osc_f   osc_pop_name       iter     total time (s)     loss │
├───────────────────────────────────────────────────────────────────────────────────────────────┤
│ run_2ca7a_00001   RUNNING       4.03912   IT3                                                 │
│ run_2ca7a_00006   RUNNING      10.4337    IT3                                                 │
│ run_2ca7a_00012   RUNNING      20.7449    IT3                                                 │
│ run_2ca7a_00013   RUNNING      22.7432    IT3                                                 │
│ run_2ca7a_00014   RUNNING      24.8214    IT3                                                 │
│ run_2ca7a_00000   TERMINATED    3         IT3                   1            2684.37        0 │
│ run_2ca7a_00002   TERMINATED    5.15816   IT3                   1            2748.11        0 │
│ run_2ca7a_00003   TERMINATED    6.35714   IT3                   1            2739.27        0 │
│ run_2ca7a_00004   TERMINATED    7.63605   IT3                   1            2685.31        0 │
│ run_2ca7a_00005   TERMINATED    8.9949    IT3                   1            2780.19        0 │
╰───────────────────────────────────────────────────────────────────────────────────────────────╯
8 more RUNNING, 5 more TERMINATED
Trial status: 10 TERMINATED | 13 RUNNING
Current time: 2024-07-02 20:30:15. Total running time: 1hr 27min 38s
Logical resource usage: 13.0/32 CPUs, 0/0 GPUs
Current best trial: 2ca7a_00000 with loss=0.0 and params={'osc_f': 3.0, 'osc_pop_name': 'IT3', 'saveFolder': '../grid_batch_5sec_IT3_w_10', 'simLabel': 'grid_00000'}
╭───────────────────────────────────────────────────────────────────────────────────────────────╮
│ Trial name        status          osc_f   osc_pop_name       iter     total time (s)     loss │
├───────────────────────────────────────────────────────────────────────────────────────────────┤
│ run_2ca7a_00001   RUNNING       4.03912   IT3                                                 │
│ run_2ca7a_00006   RUNNING      10.4337    IT3                                                 │
│ run_2ca7a_00012   RUNNING      20.7449    IT3                                                 │
│ run_2ca7a_00013   RUNNING      22.7432    IT3                                                 │
│ run_2ca7a_00014   RUNNING      24.8214    IT3                                                 │
│ run_2ca7a_00000   TERMINATED    3         IT3                   1            2684.37        0 │
│ run_2ca7a_00002   TERMINATED    5.15816   IT3                   1            2748.11        0 │
│ run_2ca7a_00003   TERMINATED    6.35714   IT3                   1            2739.27        0 │
│ run_2ca7a_00004   TERMINATED    7.63605   IT3                   1            2685.31        0 │
│ run_2ca7a_00005   TERMINATED    8.9949    IT3                   1            2780.19        0 │
╰───────────────────────────────────────────────────────────────────────────────────────────────╯
8 more RUNNING, 5 more TERMINATED
Trial status: 10 TERMINATED | 13 RUNNING
Current time: 2024-07-02 20:30:45. Total running time: 1hr 28min 8s
Logical resource usage: 13.0/32 CPUs, 0/0 GPUs
Current best trial: 2ca7a_00000 with loss=0.0 and params={'osc_f': 3.0, 'osc_pop_name': 'IT3', 'saveFolder': '../grid_batch_5sec_IT3_w_10', 'simLabel': 'grid_00000'}
╭───────────────────────────────────────────────────────────────────────────────────────────────╮
│ Trial name        status          osc_f   osc_pop_name       iter     total time (s)     loss │
├───────────────────────────────────────────────────────────────────────────────────────────────┤
│ run_2ca7a_00001   RUNNING       4.03912   IT3                                                 │
│ run_2ca7a_00006   RUNNING      10.4337    IT3                                                 │
│ run_2ca7a_00012   RUNNING      20.7449    IT3                                                 │
│ run_2ca7a_00013   RUNNING      22.7432    IT3                                                 │
│ run_2ca7a_00014   RUNNING      24.8214    IT3                                                 │
│ run_2ca7a_00000   TERMINATED    3         IT3                   1            2684.37        0 │
│ run_2ca7a_00002   TERMINATED    5.15816   IT3                   1            2748.11        0 │
│ run_2ca7a_00003   TERMINATED    6.35714   IT3                   1            2739.27        0 │
│ run_2ca7a_00004   TERMINATED    7.63605   IT3                   1            2685.31        0 │
│ run_2ca7a_00005   TERMINATED    8.9949    IT3                   1            2780.19        0 │
╰───────────────────────────────────────────────────────────────────────────────────────────────╯
8 more RUNNING, 5 more TERMINATED
Trial status: 10 TERMINATED | 13 RUNNING
Current time: 2024-07-02 20:31:15. Total running time: 1hr 28min 38s
Logical resource usage: 13.0/32 CPUs, 0/0 GPUs
Current best trial: 2ca7a_00000 with loss=0.0 and params={'osc_f': 3.0, 'osc_pop_name': 'IT3', 'saveFolder': '../grid_batch_5sec_IT3_w_10', 'simLabel': 'grid_00000'}
╭───────────────────────────────────────────────────────────────────────────────────────────────╮
│ Trial name        status          osc_f   osc_pop_name       iter     total time (s)     loss │
├───────────────────────────────────────────────────────────────────────────────────────────────┤
│ run_2ca7a_00001   RUNNING       4.03912   IT3                                                 │
│ run_2ca7a_00006   RUNNING      10.4337    IT3                                                 │
│ run_2ca7a_00012   RUNNING      20.7449    IT3                                                 │
│ run_2ca7a_00013   RUNNING      22.7432    IT3                                                 │
│ run_2ca7a_00014   RUNNING      24.8214    IT3                                                 │
│ run_2ca7a_00000   TERMINATED    3         IT3                   1            2684.37        0 │
│ run_2ca7a_00002   TERMINATED    5.15816   IT3                   1            2748.11        0 │
│ run_2ca7a_00003   TERMINATED    6.35714   IT3                   1            2739.27        0 │
│ run_2ca7a_00004   TERMINATED    7.63605   IT3                   1            2685.31        0 │
│ run_2ca7a_00005   TERMINATED    8.9949    IT3                   1            2780.19        0 │
╰───────────────────────────────────────────────────────────────────────────────────────────────╯
8 more RUNNING, 5 more TERMINATED
Trial status: 10 TERMINATED | 13 RUNNING
Current time: 2024-07-02 20:31:45. Total running time: 1hr 29min 8s
Logical resource usage: 13.0/32 CPUs, 0/0 GPUs
Current best trial: 2ca7a_00000 with loss=0.0 and params={'osc_f': 3.0, 'osc_pop_name': 'IT3', 'saveFolder': '../grid_batch_5sec_IT3_w_10', 'simLabel': 'grid_00000'}
╭───────────────────────────────────────────────────────────────────────────────────────────────╮
│ Trial name        status          osc_f   osc_pop_name       iter     total time (s)     loss │
├───────────────────────────────────────────────────────────────────────────────────────────────┤
│ run_2ca7a_00001   RUNNING       4.03912   IT3                                                 │
│ run_2ca7a_00006   RUNNING      10.4337    IT3                                                 │
│ run_2ca7a_00012   RUNNING      20.7449    IT3                                                 │
│ run_2ca7a_00013   RUNNING      22.7432    IT3                                                 │
│ run_2ca7a_00014   RUNNING      24.8214    IT3                                                 │
│ run_2ca7a_00000   TERMINATED    3         IT3                   1            2684.37        0 │
│ run_2ca7a_00002   TERMINATED    5.15816   IT3                   1            2748.11        0 │
│ run_2ca7a_00003   TERMINATED    6.35714   IT3                   1            2739.27        0 │
│ run_2ca7a_00004   TERMINATED    7.63605   IT3                   1            2685.31        0 │
│ run_2ca7a_00005   TERMINATED    8.9949    IT3                   1            2780.19        0 │
╰───────────────────────────────────────────────────────────────────────────────────────────────╯
8 more RUNNING, 5 more TERMINATED

Trial run_2ca7a_00015 completed after 1 iterations at 2024-07-02 20:31:58. Total running time: 1hr 29min 21s
╭───────────────────────────────────────────────────────╮
│ Trial run_2ca7a_00015 result                          │
├───────────────────────────────────────────────────────┤
│ checkpoint_dir_name                                   │
│ time_this_iter_s                           2667.52738 │
│ time_total_s                               2667.52738 │
│ training_iteration                                  1 │
│ data                             ....0
dtype: float64 │
│ loss                                               0. │
╰───────────────────────────────────────────────────────╯

Trial run_2ca7a_00023 started with configuration:
╭───────────────────────────────────────────╮
│ Trial run_2ca7a_00023 config              │
├───────────────────────────────────────────┤
│ osc_f                            47.12245 │
│ osc_pop_name                          IT3 │
╰───────────────────────────────────────────╯

Trial status: 11 TERMINATED | 13 RUNNING
Current time: 2024-07-02 20:32:15. Total running time: 1hr 29min 38s
Logical resource usage: 13.0/32 CPUs, 0/0 GPUs
Current best trial: 2ca7a_00000 with loss=0.0 and params={'osc_f': 3.0, 'osc_pop_name': 'IT3', 'saveFolder': '../grid_batch_5sec_IT3_w_10', 'simLabel': 'grid_00000'}
╭───────────────────────────────────────────────────────────────────────────────────────────────╮
│ Trial name        status          osc_f   osc_pop_name       iter     total time (s)     loss │
├───────────────────────────────────────────────────────────────────────────────────────────────┤
│ run_2ca7a_00001   RUNNING       4.03912   IT3                                                 │
│ run_2ca7a_00006   RUNNING      10.4337    IT3                                                 │
│ run_2ca7a_00012   RUNNING      20.7449    IT3                                                 │
│ run_2ca7a_00013   RUNNING      22.7432    IT3                                                 │
│ run_2ca7a_00014   RUNNING      24.8214    IT3                                                 │
│ run_2ca7a_00000   TERMINATED    3         IT3                   1            2684.37        0 │
│ run_2ca7a_00002   TERMINATED    5.15816   IT3                   1            2748.11        0 │
│ run_2ca7a_00003   TERMINATED    6.35714   IT3                   1            2739.27        0 │
│ run_2ca7a_00004   TERMINATED    7.63605   IT3                   1            2685.31        0 │
│ run_2ca7a_00005   TERMINATED    8.9949    IT3                   1            2780.19        0 │
╰───────────────────────────────────────────────────────────────────────────────────────────────╯
8 more RUNNING, 6 more TERMINATED

Trial run_2ca7a_00012 completed after 1 iterations at 2024-07-02 20:32:17. Total running time: 1hr 29min 40s
╭───────────────────────────────────────────────────────╮
│ Trial run_2ca7a_00012 result                          │
├───────────────────────────────────────────────────────┤
│ checkpoint_dir_name                                   │
│ time_this_iter_s                           5374.91324 │
│ time_total_s                               5374.91324 │
│ training_iteration                                  1 │
│ data                             ....0
dtype: float64 │
│ loss                                               0. │
╰───────────────────────────────────────────────────────╯

Trial run_2ca7a_00024 started with configuration:
╭──────────────────────────────────────╮
│ Trial run_2ca7a_00024 config         │
├──────────────────────────────────────┤
│ osc_f                            50. │
│ osc_pop_name                     IT3 │
╰──────────────────────────────────────╯

Trial run_2ca7a_00014 completed after 1 iterations at 2024-07-02 20:32:22. Total running time: 1hr 29min 45s
╭───────────────────────────────────────────────────────╮
│ Trial run_2ca7a_00014 result                          │
├───────────────────────────────────────────────────────┤
│ checkpoint_dir_name                                   │
│ time_this_iter_s                           2692.42583 │
│ time_total_s                               2692.42583 │
│ training_iteration                                  1 │
│ data                             ....0
dtype: float64 │
│ loss                                               0. │
╰───────────────────────────────────────────────────────╯

Trial run_2ca7a_00013 completed after 1 iterations at 2024-07-02 20:32:42. Total running time: 1hr 30min 5s
╭───────────────────────────────────────────────────────╮
│ Trial run_2ca7a_00013 result                          │
├───────────────────────────────────────────────────────┤
│ checkpoint_dir_name                                   │
│ time_this_iter_s                           2758.07649 │
│ time_total_s                               2758.07649 │
│ training_iteration                                  1 │
│ data                             ....0
dtype: float64 │
│ loss                                               0. │
╰───────────────────────────────────────────────────────╯

Trial run_2ca7a_00017 completed after 1 iterations at 2024-07-02 20:32:44. Total running time: 1hr 30min 7s
╭───────────────────────────────────────────────────────╮
│ Trial run_2ca7a_00017 result                          │
├───────────────────────────────────────────────────────┤
│ checkpoint_dir_name                                   │
│ time_this_iter_s                           2686.35665 │
│ time_total_s                               2686.35665 │
│ training_iteration                                  1 │
│ data                             ....0
dtype: float64 │
│ loss                                               0. │
╰───────────────────────────────────────────────────────╯

Trial status: 15 TERMINATED | 10 RUNNING
Current time: 2024-07-02 20:32:45. Total running time: 1hr 30min 8s
Logical resource usage: 10.0/32 CPUs, 0/0 GPUs
Current best trial: 2ca7a_00000 with loss=0.0 and params={'osc_f': 3.0, 'osc_pop_name': 'IT3', 'saveFolder': '../grid_batch_5sec_IT3_w_10', 'simLabel': 'grid_00000'}
╭───────────────────────────────────────────────────────────────────────────────────────────────╮
│ Trial name        status          osc_f   osc_pop_name       iter     total time (s)     loss │
├───────────────────────────────────────────────────────────────────────────────────────────────┤
│ run_2ca7a_00001   RUNNING       4.03912   IT3                                                 │
│ run_2ca7a_00006   RUNNING      10.4337    IT3                                                 │
│ run_2ca7a_00016   RUNNING      29.2177    IT3                                                 │
│ run_2ca7a_00018   RUNNING      33.9337    IT3                                                 │
│ run_2ca7a_00019   RUNNING      36.4116    IT3                                                 │
│ run_2ca7a_00000   TERMINATED    3         IT3                   1            2684.37        0 │
│ run_2ca7a_00002   TERMINATED    5.15816   IT3                   1            2748.11        0 │
│ run_2ca7a_00003   TERMINATED    6.35714   IT3                   1            2739.27        0 │
│ run_2ca7a_00004   TERMINATED    7.63605   IT3                   1            2685.31        0 │
│ run_2ca7a_00005   TERMINATED    8.9949    IT3                   1            2780.19        0 │
╰───────────────────────────────────────────────────────────────────────────────────────────────╯
5 more RUNNING, 10 more TERMINATED

Trial run_2ca7a_00016 completed after 1 iterations at 2024-07-02 20:32:54. Total running time: 1hr 30min 16s
╭───────────────────────────────────────────────────────╮
│ Trial run_2ca7a_00016 result                          │
├───────────────────────────────────────────────────────┤
│ checkpoint_dir_name                                   │
│ time_this_iter_s                           2702.33476 │
│ time_total_s                               2702.33476 │
│ training_iteration                                  1 │
│ data                             ....0
dtype: float64 │
│ loss                                               0. │
╰───────────────────────────────────────────────────────╯

Trial status: 16 TERMINATED | 9 RUNNING
Current time: 2024-07-02 20:33:15. Total running time: 1hr 30min 38s
Logical resource usage: 9.0/32 CPUs, 0/0 GPUs
Current best trial: 2ca7a_00000 with loss=0.0 and params={'osc_f': 3.0, 'osc_pop_name': 'IT3', 'saveFolder': '../grid_batch_5sec_IT3_w_10', 'simLabel': 'grid_00000'}
╭───────────────────────────────────────────────────────────────────────────────────────────────╮
│ Trial name        status          osc_f   osc_pop_name       iter     total time (s)     loss │
├───────────────────────────────────────────────────────────────────────────────────────────────┤
│ run_2ca7a_00001   RUNNING       4.03912   IT3                                                 │
│ run_2ca7a_00006   RUNNING      10.4337    IT3                                                 │
│ run_2ca7a_00018   RUNNING      33.9337    IT3                                                 │
│ run_2ca7a_00019   RUNNING      36.4116    IT3                                                 │
│ run_2ca7a_00020   RUNNING      38.9694    IT3                                                 │
│ run_2ca7a_00000   TERMINATED    3         IT3                   1            2684.37        0 │
│ run_2ca7a_00002   TERMINATED    5.15816   IT3                   1            2748.11        0 │
│ run_2ca7a_00003   TERMINATED    6.35714   IT3                   1            2739.27        0 │
│ run_2ca7a_00004   TERMINATED    7.63605   IT3                   1            2685.31        0 │
│ run_2ca7a_00005   TERMINATED    8.9949    IT3                   1            2780.19        0 │
╰───────────────────────────────────────────────────────────────────────────────────────────────╯
4 more RUNNING, 11 more TERMINATED

Trial run_2ca7a_00019 completed after 1 iterations at 2024-07-02 20:33:21. Total running time: 1hr 30min 44s
╭───────────────────────────────────────────────────────╮
│ Trial run_2ca7a_00019 result                          │
├───────────────────────────────────────────────────────┤
│ checkpoint_dir_name                                   │
│ time_this_iter_s                           2696.81441 │
│ time_total_s                               2696.81441 │
│ training_iteration                                  1 │
│ data                             ....0
dtype: float64 │
│ loss                                               0. │
╰───────────────────────────────────────────────────────╯

Trial run_2ca7a_00006 completed after 1 iterations at 2024-07-02 20:33:35. Total running time: 1hr 30min 58s
╭───────────────────────────────────────────────────────╮
│ Trial run_2ca7a_00006 result                          │
├───────────────────────────────────────────────────────┤
│ checkpoint_dir_name                                   │
│ time_this_iter_s                           5452.74673 │
│ time_total_s                               5452.74673 │
│ training_iteration                                  1 │
│ data                             ....0
dtype: float64 │
│ loss                                               0. │
╰───────────────────────────────────────────────────────╯

Trial run_2ca7a_00001 completed after 1 iterations at 2024-07-02 20:33:39. Total running time: 1hr 31min 1s
╭───────────────────────────────────────────────────────╮
│ Trial run_2ca7a_00001 result                          │
├───────────────────────────────────────────────────────┤
│ checkpoint_dir_name                                   │
│ time_this_iter_s                           5456.27643 │
│ time_total_s                               5456.27643 │
│ training_iteration                                  1 │
│ data                             ....0
dtype: float64 │
│ loss                                               0. │
╰───────────────────────────────────────────────────────╯

Trial run_2ca7a_00018 completed after 1 iterations at 2024-07-02 20:33:43. Total running time: 1hr 31min 6s
╭───────────────────────────────────────────────────────╮
│ Trial run_2ca7a_00018 result                          │
├───────────────────────────────────────────────────────┤
│ checkpoint_dir_name                                   │
│ time_this_iter_s                           2740.23639 │
│ time_total_s                               2740.23639 │
│ training_iteration                                  1 │
│ data                             ....0
dtype: float64 │
│ loss                                               0. │
╰───────────────────────────────────────────────────────╯

Trial status: 20 TERMINATED | 5 RUNNING
Current time: 2024-07-02 20:33:45. Total running time: 1hr 31min 8s
Logical resource usage: 5.0/32 CPUs, 0/0 GPUs
Current best trial: 2ca7a_00000 with loss=0.0 and params={'osc_f': 3.0, 'osc_pop_name': 'IT3', 'saveFolder': '../grid_batch_5sec_IT3_w_10', 'simLabel': 'grid_00000'}
╭───────────────────────────────────────────────────────────────────────────────────────────────╮
│ Trial name        status          osc_f   osc_pop_name       iter     total time (s)     loss │
├───────────────────────────────────────────────────────────────────────────────────────────────┤
│ run_2ca7a_00020   RUNNING      38.9694    IT3                                                 │
│ run_2ca7a_00021   RUNNING      41.6071    IT3                                                 │
│ run_2ca7a_00022   RUNNING      44.3248    IT3                                                 │
│ run_2ca7a_00023   RUNNING      47.1224    IT3                                                 │
│ run_2ca7a_00024   RUNNING      50         IT3                                                 │
│ run_2ca7a_00000   TERMINATED    3         IT3                   1            2684.37        0 │
│ run_2ca7a_00001   TERMINATED    4.03912   IT3                   1            5456.28        0 │
│ run_2ca7a_00002   TERMINATED    5.15816   IT3                   1            2748.11        0 │
│ run_2ca7a_00003   TERMINATED    6.35714   IT3                   1            2739.27        0 │
│ run_2ca7a_00004   TERMINATED    7.63605   IT3                   1            2685.31        0 │
╰───────────────────────────────────────────────────────────────────────────────────────────────╯
15 more TERMINATED
Trial status: 20 TERMINATED | 5 RUNNING
Current time: 2024-07-02 20:34:15. Total running time: 1hr 31min 38s
Logical resource usage: 5.0/32 CPUs, 0/0 GPUs
Current best trial: 2ca7a_00000 with loss=0.0 and params={'osc_f': 3.0, 'osc_pop_name': 'IT3', 'saveFolder': '../grid_batch_5sec_IT3_w_10', 'simLabel': 'grid_00000'}
╭───────────────────────────────────────────────────────────────────────────────────────────────╮
│ Trial name        status          osc_f   osc_pop_name       iter     total time (s)     loss │
├───────────────────────────────────────────────────────────────────────────────────────────────┤
│ run_2ca7a_00020   RUNNING      38.9694    IT3                                                 │
│ run_2ca7a_00021   RUNNING      41.6071    IT3                                                 │
│ run_2ca7a_00022   RUNNING      44.3248    IT3                                                 │
│ run_2ca7a_00023   RUNNING      47.1224    IT3                                                 │
│ run_2ca7a_00024   RUNNING      50         IT3                                                 │
│ run_2ca7a_00000   TERMINATED    3         IT3                   1            2684.37        0 │
│ run_2ca7a_00001   TERMINATED    4.03912   IT3                   1            5456.28        0 │
│ run_2ca7a_00002   TERMINATED    5.15816   IT3                   1            2748.11        0 │
│ run_2ca7a_00003   TERMINATED    6.35714   IT3                   1            2739.27        0 │
│ run_2ca7a_00004   TERMINATED    7.63605   IT3                   1            2685.31        0 │
╰───────────────────────────────────────────────────────────────────────────────────────────────╯
15 more TERMINATED
Trial status: 20 TERMINATED | 5 RUNNING
Current time: 2024-07-02 20:34:45. Total running time: 1hr 32min 8s
Logical resource usage: 5.0/32 CPUs, 0/0 GPUs
Current best trial: 2ca7a_00000 with loss=0.0 and params={'osc_f': 3.0, 'osc_pop_name': 'IT3', 'saveFolder': '../grid_batch_5sec_IT3_w_10', 'simLabel': 'grid_00000'}
╭───────────────────────────────────────────────────────────────────────────────────────────────╮
│ Trial name        status          osc_f   osc_pop_name       iter     total time (s)     loss │
├───────────────────────────────────────────────────────────────────────────────────────────────┤
│ run_2ca7a_00020   RUNNING      38.9694    IT3                                                 │
│ run_2ca7a_00021   RUNNING      41.6071    IT3                                                 │
│ run_2ca7a_00022   RUNNING      44.3248    IT3                                                 │
│ run_2ca7a_00023   RUNNING      47.1224    IT3                                                 │
│ run_2ca7a_00024   RUNNING      50         IT3                                                 │
│ run_2ca7a_00000   TERMINATED    3         IT3                   1            2684.37        0 │
│ run_2ca7a_00001   TERMINATED    4.03912   IT3                   1            5456.28        0 │
│ run_2ca7a_00002   TERMINATED    5.15816   IT3                   1            2748.11        0 │
│ run_2ca7a_00003   TERMINATED    6.35714   IT3                   1            2739.27        0 │
│ run_2ca7a_00004   TERMINATED    7.63605   IT3                   1            2685.31        0 │
╰───────────────────────────────────────────────────────────────────────────────────────────────╯
15 more TERMINATED
Trial status: 20 TERMINATED | 5 RUNNING
Current time: 2024-07-02 20:35:15. Total running time: 1hr 32min 38s
Logical resource usage: 5.0/32 CPUs, 0/0 GPUs
Current best trial: 2ca7a_00000 with loss=0.0 and params={'osc_f': 3.0, 'osc_pop_name': 'IT3', 'saveFolder': '../grid_batch_5sec_IT3_w_10', 'simLabel': 'grid_00000'}
╭───────────────────────────────────────────────────────────────────────────────────────────────╮
│ Trial name        status          osc_f   osc_pop_name       iter     total time (s)     loss │
├───────────────────────────────────────────────────────────────────────────────────────────────┤
│ run_2ca7a_00020   RUNNING      38.9694    IT3                                                 │
│ run_2ca7a_00021   RUNNING      41.6071    IT3                                                 │
│ run_2ca7a_00022   RUNNING      44.3248    IT3                                                 │
│ run_2ca7a_00023   RUNNING      47.1224    IT3                                                 │
│ run_2ca7a_00024   RUNNING      50         IT3                                                 │
│ run_2ca7a_00000   TERMINATED    3         IT3                   1            2684.37        0 │
│ run_2ca7a_00001   TERMINATED    4.03912   IT3                   1            5456.28        0 │
│ run_2ca7a_00002   TERMINATED    5.15816   IT3                   1            2748.11        0 │
│ run_2ca7a_00003   TERMINATED    6.35714   IT3                   1            2739.27        0 │
│ run_2ca7a_00004   TERMINATED    7.63605   IT3                   1            2685.31        0 │
╰───────────────────────────────────────────────────────────────────────────────────────────────╯
15 more TERMINATED
Trial status: 20 TERMINATED | 5 RUNNING
Current time: 2024-07-02 20:35:46. Total running time: 1hr 33min 8s
Logical resource usage: 5.0/32 CPUs, 0/0 GPUs
Current best trial: 2ca7a_00000 with loss=0.0 and params={'osc_f': 3.0, 'osc_pop_name': 'IT3', 'saveFolder': '../grid_batch_5sec_IT3_w_10', 'simLabel': 'grid_00000'}
╭───────────────────────────────────────────────────────────────────────────────────────────────╮
│ Trial name        status          osc_f   osc_pop_name       iter     total time (s)     loss │
├───────────────────────────────────────────────────────────────────────────────────────────────┤
│ run_2ca7a_00020   RUNNING      38.9694    IT3                                                 │
│ run_2ca7a_00021   RUNNING      41.6071    IT3                                                 │
│ run_2ca7a_00022   RUNNING      44.3248    IT3                                                 │
│ run_2ca7a_00023   RUNNING      47.1224    IT3                                                 │
│ run_2ca7a_00024   RUNNING      50         IT3                                                 │
│ run_2ca7a_00000   TERMINATED    3         IT3                   1            2684.37        0 │
│ run_2ca7a_00001   TERMINATED    4.03912   IT3                   1            5456.28        0 │
│ run_2ca7a_00002   TERMINATED    5.15816   IT3                   1            2748.11        0 │
│ run_2ca7a_00003   TERMINATED    6.35714   IT3                   1            2739.27        0 │
│ run_2ca7a_00004   TERMINATED    7.63605   IT3                   1            2685.31        0 │
╰───────────────────────────────────────────────────────────────────────────────────────────────╯
15 more TERMINATED
Trial status: 20 TERMINATED | 5 RUNNING
Current time: 2024-07-02 20:36:16. Total running time: 1hr 33min 38s
Logical resource usage: 5.0/32 CPUs, 0/0 GPUs
Current best trial: 2ca7a_00000 with loss=0.0 and params={'osc_f': 3.0, 'osc_pop_name': 'IT3', 'saveFolder': '../grid_batch_5sec_IT3_w_10', 'simLabel': 'grid_00000'}
╭───────────────────────────────────────────────────────────────────────────────────────────────╮
│ Trial name        status          osc_f   osc_pop_name       iter     total time (s)     loss │
├───────────────────────────────────────────────────────────────────────────────────────────────┤
│ run_2ca7a_00020   RUNNING      38.9694    IT3                                                 │
│ run_2ca7a_00021   RUNNING      41.6071    IT3                                                 │
│ run_2ca7a_00022   RUNNING      44.3248    IT3                                                 │
│ run_2ca7a_00023   RUNNING      47.1224    IT3                                                 │
│ run_2ca7a_00024   RUNNING      50         IT3                                                 │
│ run_2ca7a_00000   TERMINATED    3         IT3                   1            2684.37        0 │
│ run_2ca7a_00001   TERMINATED    4.03912   IT3                   1            5456.28        0 │
│ run_2ca7a_00002   TERMINATED    5.15816   IT3                   1            2748.11        0 │
│ run_2ca7a_00003   TERMINATED    6.35714   IT3                   1            2739.27        0 │
│ run_2ca7a_00004   TERMINATED    7.63605   IT3                   1            2685.31        0 │
╰───────────────────────────────────────────────────────────────────────────────────────────────╯
15 more TERMINATED
Trial status: 20 TERMINATED | 5 RUNNING
Current time: 2024-07-02 20:36:46. Total running time: 1hr 34min 8s
Logical resource usage: 5.0/32 CPUs, 0/0 GPUs
Current best trial: 2ca7a_00000 with loss=0.0 and params={'osc_f': 3.0, 'osc_pop_name': 'IT3', 'saveFolder': '../grid_batch_5sec_IT3_w_10', 'simLabel': 'grid_00000'}
╭───────────────────────────────────────────────────────────────────────────────────────────────╮
│ Trial name        status          osc_f   osc_pop_name       iter     total time (s)     loss │
├───────────────────────────────────────────────────────────────────────────────────────────────┤
│ run_2ca7a_00020   RUNNING      38.9694    IT3                                                 │
│ run_2ca7a_00021   RUNNING      41.6071    IT3                                                 │
│ run_2ca7a_00022   RUNNING      44.3248    IT3                                                 │
│ run_2ca7a_00023   RUNNING      47.1224    IT3                                                 │
│ run_2ca7a_00024   RUNNING      50         IT3                                                 │
│ run_2ca7a_00000   TERMINATED    3         IT3                   1            2684.37        0 │
│ run_2ca7a_00001   TERMINATED    4.03912   IT3                   1            5456.28        0 │
│ run_2ca7a_00002   TERMINATED    5.15816   IT3                   1            2748.11        0 │
│ run_2ca7a_00003   TERMINATED    6.35714   IT3                   1            2739.27        0 │
│ run_2ca7a_00004   TERMINATED    7.63605   IT3                   1            2685.31        0 │
╰───────────────────────────────────────────────────────────────────────────────────────────────╯
15 more TERMINATED
Trial status: 20 TERMINATED | 5 RUNNING
Current time: 2024-07-02 20:37:16. Total running time: 1hr 34min 38s
Logical resource usage: 5.0/32 CPUs, 0/0 GPUs
Current best trial: 2ca7a_00000 with loss=0.0 and params={'osc_f': 3.0, 'osc_pop_name': 'IT3', 'saveFolder': '../grid_batch_5sec_IT3_w_10', 'simLabel': 'grid_00000'}
╭───────────────────────────────────────────────────────────────────────────────────────────────╮
│ Trial name        status          osc_f   osc_pop_name       iter     total time (s)     loss │
├───────────────────────────────────────────────────────────────────────────────────────────────┤
│ run_2ca7a_00020   RUNNING      38.9694    IT3                                                 │
│ run_2ca7a_00021   RUNNING      41.6071    IT3                                                 │
│ run_2ca7a_00022   RUNNING      44.3248    IT3                                                 │
│ run_2ca7a_00023   RUNNING      47.1224    IT3                                                 │
│ run_2ca7a_00024   RUNNING      50         IT3                                                 │
│ run_2ca7a_00000   TERMINATED    3         IT3                   1            2684.37        0 │
│ run_2ca7a_00001   TERMINATED    4.03912   IT3                   1            5456.28        0 │
│ run_2ca7a_00002   TERMINATED    5.15816   IT3                   1            2748.11        0 │
│ run_2ca7a_00003   TERMINATED    6.35714   IT3                   1            2739.27        0 │
│ run_2ca7a_00004   TERMINATED    7.63605   IT3                   1            2685.31        0 │
╰───────────────────────────────────────────────────────────────────────────────────────────────╯
15 more TERMINATED
Trial status: 20 TERMINATED | 5 RUNNING
Current time: 2024-07-02 20:37:46. Total running time: 1hr 35min 8s
Logical resource usage: 5.0/32 CPUs, 0/0 GPUs
Current best trial: 2ca7a_00000 with loss=0.0 and params={'osc_f': 3.0, 'osc_pop_name': 'IT3', 'saveFolder': '../grid_batch_5sec_IT3_w_10', 'simLabel': 'grid_00000'}
╭───────────────────────────────────────────────────────────────────────────────────────────────╮
│ Trial name        status          osc_f   osc_pop_name       iter     total time (s)     loss │
├───────────────────────────────────────────────────────────────────────────────────────────────┤
│ run_2ca7a_00020   RUNNING      38.9694    IT3                                                 │
│ run_2ca7a_00021   RUNNING      41.6071    IT3                                                 │
│ run_2ca7a_00022   RUNNING      44.3248    IT3                                                 │
│ run_2ca7a_00023   RUNNING      47.1224    IT3                                                 │
│ run_2ca7a_00024   RUNNING      50         IT3                                                 │
│ run_2ca7a_00000   TERMINATED    3         IT3                   1            2684.37        0 │
│ run_2ca7a_00001   TERMINATED    4.03912   IT3                   1            5456.28        0 │
│ run_2ca7a_00002   TERMINATED    5.15816   IT3                   1            2748.11        0 │
│ run_2ca7a_00003   TERMINATED    6.35714   IT3                   1            2739.27        0 │
│ run_2ca7a_00004   TERMINATED    7.63605   IT3                   1            2685.31        0 │
╰───────────────────────────────────────────────────────────────────────────────────────────────╯
15 more TERMINATED
Trial status: 20 TERMINATED | 5 RUNNING
Current time: 2024-07-02 20:38:16. Total running time: 1hr 35min 38s
Logical resource usage: 5.0/32 CPUs, 0/0 GPUs
Current best trial: 2ca7a_00000 with loss=0.0 and params={'osc_f': 3.0, 'osc_pop_name': 'IT3', 'saveFolder': '../grid_batch_5sec_IT3_w_10', 'simLabel': 'grid_00000'}
╭───────────────────────────────────────────────────────────────────────────────────────────────╮
│ Trial name        status          osc_f   osc_pop_name       iter     total time (s)     loss │
├───────────────────────────────────────────────────────────────────────────────────────────────┤
│ run_2ca7a_00020   RUNNING      38.9694    IT3                                                 │
│ run_2ca7a_00021   RUNNING      41.6071    IT3                                                 │
│ run_2ca7a_00022   RUNNING      44.3248    IT3                                                 │
│ run_2ca7a_00023   RUNNING      47.1224    IT3                                                 │
│ run_2ca7a_00024   RUNNING      50         IT3                                                 │
│ run_2ca7a_00000   TERMINATED    3         IT3                   1            2684.37        0 │
│ run_2ca7a_00001   TERMINATED    4.03912   IT3                   1            5456.28        0 │
│ run_2ca7a_00002   TERMINATED    5.15816   IT3                   1            2748.11        0 │
│ run_2ca7a_00003   TERMINATED    6.35714   IT3                   1            2739.27        0 │
│ run_2ca7a_00004   TERMINATED    7.63605   IT3                   1            2685.31        0 │
╰───────────────────────────────────────────────────────────────────────────────────────────────╯
15 more TERMINATED
Trial status: 20 TERMINATED | 5 RUNNING
Current time: 2024-07-02 20:38:46. Total running time: 1hr 36min 8s
Logical resource usage: 5.0/32 CPUs, 0/0 GPUs
Current best trial: 2ca7a_00000 with loss=0.0 and params={'osc_f': 3.0, 'osc_pop_name': 'IT3', 'saveFolder': '../grid_batch_5sec_IT3_w_10', 'simLabel': 'grid_00000'}
╭───────────────────────────────────────────────────────────────────────────────────────────────╮
│ Trial name        status          osc_f   osc_pop_name       iter     total time (s)     loss │
├───────────────────────────────────────────────────────────────────────────────────────────────┤
│ run_2ca7a_00020   RUNNING      38.9694    IT3                                                 │
│ run_2ca7a_00021   RUNNING      41.6071    IT3                                                 │
│ run_2ca7a_00022   RUNNING      44.3248    IT3                                                 │
│ run_2ca7a_00023   RUNNING      47.1224    IT3                                                 │
│ run_2ca7a_00024   RUNNING      50         IT3                                                 │
│ run_2ca7a_00000   TERMINATED    3         IT3                   1            2684.37        0 │
│ run_2ca7a_00001   TERMINATED    4.03912   IT3                   1            5456.28        0 │
│ run_2ca7a_00002   TERMINATED    5.15816   IT3                   1            2748.11        0 │
│ run_2ca7a_00003   TERMINATED    6.35714   IT3                   1            2739.27        0 │
│ run_2ca7a_00004   TERMINATED    7.63605   IT3                   1            2685.31        0 │
╰───────────────────────────────────────────────────────────────────────────────────────────────╯
15 more TERMINATED
Trial status: 20 TERMINATED | 5 RUNNING
Current time: 2024-07-02 20:39:16. Total running time: 1hr 36min 39s
Logical resource usage: 5.0/32 CPUs, 0/0 GPUs
Current best trial: 2ca7a_00000 with loss=0.0 and params={'osc_f': 3.0, 'osc_pop_name': 'IT3', 'saveFolder': '../grid_batch_5sec_IT3_w_10', 'simLabel': 'grid_00000'}
╭───────────────────────────────────────────────────────────────────────────────────────────────╮
│ Trial name        status          osc_f   osc_pop_name       iter     total time (s)     loss │
├───────────────────────────────────────────────────────────────────────────────────────────────┤
│ run_2ca7a_00020   RUNNING      38.9694    IT3                                                 │
│ run_2ca7a_00021   RUNNING      41.6071    IT3                                                 │
│ run_2ca7a_00022   RUNNING      44.3248    IT3                                                 │
│ run_2ca7a_00023   RUNNING      47.1224    IT3                                                 │
│ run_2ca7a_00024   RUNNING      50         IT3                                                 │
│ run_2ca7a_00000   TERMINATED    3         IT3                   1            2684.37        0 │
│ run_2ca7a_00001   TERMINATED    4.03912   IT3                   1            5456.28        0 │
│ run_2ca7a_00002   TERMINATED    5.15816   IT3                   1            2748.11        0 │
│ run_2ca7a_00003   TERMINATED    6.35714   IT3                   1            2739.27        0 │
│ run_2ca7a_00004   TERMINATED    7.63605   IT3                   1            2685.31        0 │
╰───────────────────────────────────────────────────────────────────────────────────────────────╯
15 more TERMINATED
Trial status: 20 TERMINATED | 5 RUNNING
Current time: 2024-07-02 20:39:46. Total running time: 1hr 37min 9s
Logical resource usage: 5.0/32 CPUs, 0/0 GPUs
Current best trial: 2ca7a_00000 with loss=0.0 and params={'osc_f': 3.0, 'osc_pop_name': 'IT3', 'saveFolder': '../grid_batch_5sec_IT3_w_10', 'simLabel': 'grid_00000'}
╭───────────────────────────────────────────────────────────────────────────────────────────────╮
│ Trial name        status          osc_f   osc_pop_name       iter     total time (s)     loss │
├───────────────────────────────────────────────────────────────────────────────────────────────┤
│ run_2ca7a_00020   RUNNING      38.9694    IT3                                                 │
│ run_2ca7a_00021   RUNNING      41.6071    IT3                                                 │
│ run_2ca7a_00022   RUNNING      44.3248    IT3                                                 │
│ run_2ca7a_00023   RUNNING      47.1224    IT3                                                 │
│ run_2ca7a_00024   RUNNING      50         IT3                                                 │
│ run_2ca7a_00000   TERMINATED    3         IT3                   1            2684.37        0 │
│ run_2ca7a_00001   TERMINATED    4.03912   IT3                   1            5456.28        0 │
│ run_2ca7a_00002   TERMINATED    5.15816   IT3                   1            2748.11        0 │
│ run_2ca7a_00003   TERMINATED    6.35714   IT3                   1            2739.27        0 │
│ run_2ca7a_00004   TERMINATED    7.63605   IT3                   1            2685.31        0 │
╰───────────────────────────────────────────────────────────────────────────────────────────────╯
15 more TERMINATED
Trial status: 20 TERMINATED | 5 RUNNING
Current time: 2024-07-02 20:40:16. Total running time: 1hr 37min 39s
Logical resource usage: 5.0/32 CPUs, 0/0 GPUs
Current best trial: 2ca7a_00000 with loss=0.0 and params={'osc_f': 3.0, 'osc_pop_name': 'IT3', 'saveFolder': '../grid_batch_5sec_IT3_w_10', 'simLabel': 'grid_00000'}
╭───────────────────────────────────────────────────────────────────────────────────────────────╮
│ Trial name        status          osc_f   osc_pop_name       iter     total time (s)     loss │
├───────────────────────────────────────────────────────────────────────────────────────────────┤
│ run_2ca7a_00020   RUNNING      38.9694    IT3                                                 │
│ run_2ca7a_00021   RUNNING      41.6071    IT3                                                 │
│ run_2ca7a_00022   RUNNING      44.3248    IT3                                                 │
│ run_2ca7a_00023   RUNNING      47.1224    IT3                                                 │
│ run_2ca7a_00024   RUNNING      50         IT3                                                 │
│ run_2ca7a_00000   TERMINATED    3         IT3                   1            2684.37        0 │
│ run_2ca7a_00001   TERMINATED    4.03912   IT3                   1            5456.28        0 │
│ run_2ca7a_00002   TERMINATED    5.15816   IT3                   1            2748.11        0 │
│ run_2ca7a_00003   TERMINATED    6.35714   IT3                   1            2739.27        0 │
│ run_2ca7a_00004   TERMINATED    7.63605   IT3                   1            2685.31        0 │
╰───────────────────────────────────────────────────────────────────────────────────────────────╯
15 more TERMINATED
Trial status: 20 TERMINATED | 5 RUNNING
Current time: 2024-07-02 20:40:46. Total running time: 1hr 38min 9s
Logical resource usage: 5.0/32 CPUs, 0/0 GPUs
Current best trial: 2ca7a_00000 with loss=0.0 and params={'osc_f': 3.0, 'osc_pop_name': 'IT3', 'saveFolder': '../grid_batch_5sec_IT3_w_10', 'simLabel': 'grid_00000'}
╭───────────────────────────────────────────────────────────────────────────────────────────────╮
│ Trial name        status          osc_f   osc_pop_name       iter     total time (s)     loss │
├───────────────────────────────────────────────────────────────────────────────────────────────┤
│ run_2ca7a_00020   RUNNING      38.9694    IT3                                                 │
│ run_2ca7a_00021   RUNNING      41.6071    IT3                                                 │
│ run_2ca7a_00022   RUNNING      44.3248    IT3                                                 │
│ run_2ca7a_00023   RUNNING      47.1224    IT3                                                 │
│ run_2ca7a_00024   RUNNING      50         IT3                                                 │
│ run_2ca7a_00000   TERMINATED    3         IT3                   1            2684.37        0 │
│ run_2ca7a_00001   TERMINATED    4.03912   IT3                   1            5456.28        0 │
│ run_2ca7a_00002   TERMINATED    5.15816   IT3                   1            2748.11        0 │
│ run_2ca7a_00003   TERMINATED    6.35714   IT3                   1            2739.27        0 │
│ run_2ca7a_00004   TERMINATED    7.63605   IT3                   1            2685.31        0 │
╰───────────────────────────────────────────────────────────────────────────────────────────────╯
15 more TERMINATED
Trial status: 20 TERMINATED | 5 RUNNING
Current time: 2024-07-02 20:41:16. Total running time: 1hr 38min 39s
Logical resource usage: 5.0/32 CPUs, 0/0 GPUs
Current best trial: 2ca7a_00000 with loss=0.0 and params={'osc_f': 3.0, 'osc_pop_name': 'IT3', 'saveFolder': '../grid_batch_5sec_IT3_w_10', 'simLabel': 'grid_00000'}
╭───────────────────────────────────────────────────────────────────────────────────────────────╮
│ Trial name        status          osc_f   osc_pop_name       iter     total time (s)     loss │
├───────────────────────────────────────────────────────────────────────────────────────────────┤
│ run_2ca7a_00020   RUNNING      38.9694    IT3                                                 │
│ run_2ca7a_00021   RUNNING      41.6071    IT3                                                 │
│ run_2ca7a_00022   RUNNING      44.3248    IT3                                                 │
│ run_2ca7a_00023   RUNNING      47.1224    IT3                                                 │
│ run_2ca7a_00024   RUNNING      50         IT3                                                 │
│ run_2ca7a_00000   TERMINATED    3         IT3                   1            2684.37        0 │
│ run_2ca7a_00001   TERMINATED    4.03912   IT3                   1            5456.28        0 │
│ run_2ca7a_00002   TERMINATED    5.15816   IT3                   1            2748.11        0 │
│ run_2ca7a_00003   TERMINATED    6.35714   IT3                   1            2739.27        0 │
│ run_2ca7a_00004   TERMINATED    7.63605   IT3                   1            2685.31        0 │
╰───────────────────────────────────────────────────────────────────────────────────────────────╯
15 more TERMINATED
Trial status: 20 TERMINATED | 5 RUNNING
Current time: 2024-07-02 20:41:46. Total running time: 1hr 39min 9s
Logical resource usage: 5.0/32 CPUs, 0/0 GPUs
Current best trial: 2ca7a_00000 with loss=0.0 and params={'osc_f': 3.0, 'osc_pop_name': 'IT3', 'saveFolder': '../grid_batch_5sec_IT3_w_10', 'simLabel': 'grid_00000'}
╭───────────────────────────────────────────────────────────────────────────────────────────────╮
│ Trial name        status          osc_f   osc_pop_name       iter     total time (s)     loss │
├───────────────────────────────────────────────────────────────────────────────────────────────┤
│ run_2ca7a_00020   RUNNING      38.9694    IT3                                                 │
│ run_2ca7a_00021   RUNNING      41.6071    IT3                                                 │
│ run_2ca7a_00022   RUNNING      44.3248    IT3                                                 │
│ run_2ca7a_00023   RUNNING      47.1224    IT3                                                 │
│ run_2ca7a_00024   RUNNING      50         IT3                                                 │
│ run_2ca7a_00000   TERMINATED    3         IT3                   1            2684.37        0 │
│ run_2ca7a_00001   TERMINATED    4.03912   IT3                   1            5456.28        0 │
│ run_2ca7a_00002   TERMINATED    5.15816   IT3                   1            2748.11        0 │
│ run_2ca7a_00003   TERMINATED    6.35714   IT3                   1            2739.27        0 │
│ run_2ca7a_00004   TERMINATED    7.63605   IT3                   1            2685.31        0 │
╰───────────────────────────────────────────────────────────────────────────────────────────────╯
15 more TERMINATED
Trial status: 20 TERMINATED | 5 RUNNING
Current time: 2024-07-02 20:42:16. Total running time: 1hr 39min 39s
Logical resource usage: 5.0/32 CPUs, 0/0 GPUs
Current best trial: 2ca7a_00000 with loss=0.0 and params={'osc_f': 3.0, 'osc_pop_name': 'IT3', 'saveFolder': '../grid_batch_5sec_IT3_w_10', 'simLabel': 'grid_00000'}
╭───────────────────────────────────────────────────────────────────────────────────────────────╮
│ Trial name        status          osc_f   osc_pop_name       iter     total time (s)     loss │
├───────────────────────────────────────────────────────────────────────────────────────────────┤
│ run_2ca7a_00020   RUNNING      38.9694    IT3                                                 │
│ run_2ca7a_00021   RUNNING      41.6071    IT3                                                 │
│ run_2ca7a_00022   RUNNING      44.3248    IT3                                                 │
│ run_2ca7a_00023   RUNNING      47.1224    IT3                                                 │
│ run_2ca7a_00024   RUNNING      50         IT3                                                 │
│ run_2ca7a_00000   TERMINATED    3         IT3                   1            2684.37        0 │
│ run_2ca7a_00001   TERMINATED    4.03912   IT3                   1            5456.28        0 │
│ run_2ca7a_00002   TERMINATED    5.15816   IT3                   1            2748.11        0 │
│ run_2ca7a_00003   TERMINATED    6.35714   IT3                   1            2739.27        0 │
│ run_2ca7a_00004   TERMINATED    7.63605   IT3                   1            2685.31        0 │
╰───────────────────────────────────────────────────────────────────────────────────────────────╯
15 more TERMINATED
Trial status: 20 TERMINATED | 5 RUNNING
Current time: 2024-07-02 20:42:46. Total running time: 1hr 40min 9s
Logical resource usage: 5.0/32 CPUs, 0/0 GPUs
Current best trial: 2ca7a_00000 with loss=0.0 and params={'osc_f': 3.0, 'osc_pop_name': 'IT3', 'saveFolder': '../grid_batch_5sec_IT3_w_10', 'simLabel': 'grid_00000'}
╭───────────────────────────────────────────────────────────────────────────────────────────────╮
│ Trial name        status          osc_f   osc_pop_name       iter     total time (s)     loss │
├───────────────────────────────────────────────────────────────────────────────────────────────┤
│ run_2ca7a_00020   RUNNING      38.9694    IT3                                                 │
│ run_2ca7a_00021   RUNNING      41.6071    IT3                                                 │
│ run_2ca7a_00022   RUNNING      44.3248    IT3                                                 │
│ run_2ca7a_00023   RUNNING      47.1224    IT3                                                 │
│ run_2ca7a_00024   RUNNING      50         IT3                                                 │
│ run_2ca7a_00000   TERMINATED    3         IT3                   1            2684.37        0 │
│ run_2ca7a_00001   TERMINATED    4.03912   IT3                   1            5456.28        0 │
│ run_2ca7a_00002   TERMINATED    5.15816   IT3                   1            2748.11        0 │
│ run_2ca7a_00003   TERMINATED    6.35714   IT3                   1            2739.27        0 │
│ run_2ca7a_00004   TERMINATED    7.63605   IT3                   1            2685.31        0 │
╰───────────────────────────────────────────────────────────────────────────────────────────────╯
15 more TERMINATED
Trial status: 20 TERMINATED | 5 RUNNING
Current time: 2024-07-02 20:43:16. Total running time: 1hr 40min 39s
Logical resource usage: 5.0/32 CPUs, 0/0 GPUs
Current best trial: 2ca7a_00000 with loss=0.0 and params={'osc_f': 3.0, 'osc_pop_name': 'IT3', 'saveFolder': '../grid_batch_5sec_IT3_w_10', 'simLabel': 'grid_00000'}
╭───────────────────────────────────────────────────────────────────────────────────────────────╮
│ Trial name        status          osc_f   osc_pop_name       iter     total time (s)     loss │
├───────────────────────────────────────────────────────────────────────────────────────────────┤
│ run_2ca7a_00020   RUNNING      38.9694    IT3                                                 │
│ run_2ca7a_00021   RUNNING      41.6071    IT3                                                 │
│ run_2ca7a_00022   RUNNING      44.3248    IT3                                                 │
│ run_2ca7a_00023   RUNNING      47.1224    IT3                                                 │
│ run_2ca7a_00024   RUNNING      50         IT3                                                 │
│ run_2ca7a_00000   TERMINATED    3         IT3                   1            2684.37        0 │
│ run_2ca7a_00001   TERMINATED    4.03912   IT3                   1            5456.28        0 │
│ run_2ca7a_00002   TERMINATED    5.15816   IT3                   1            2748.11        0 │
│ run_2ca7a_00003   TERMINATED    6.35714   IT3                   1            2739.27        0 │
│ run_2ca7a_00004   TERMINATED    7.63605   IT3                   1            2685.31        0 │
╰───────────────────────────────────────────────────────────────────────────────────────────────╯
15 more TERMINATED
Trial status: 20 TERMINATED | 5 RUNNING
Current time: 2024-07-02 20:43:46. Total running time: 1hr 41min 9s
Logical resource usage: 5.0/32 CPUs, 0/0 GPUs
Current best trial: 2ca7a_00000 with loss=0.0 and params={'osc_f': 3.0, 'osc_pop_name': 'IT3', 'saveFolder': '../grid_batch_5sec_IT3_w_10', 'simLabel': 'grid_00000'}
╭───────────────────────────────────────────────────────────────────────────────────────────────╮
│ Trial name        status          osc_f   osc_pop_name       iter     total time (s)     loss │
├───────────────────────────────────────────────────────────────────────────────────────────────┤
│ run_2ca7a_00020   RUNNING      38.9694    IT3                                                 │
│ run_2ca7a_00021   RUNNING      41.6071    IT3                                                 │
│ run_2ca7a_00022   RUNNING      44.3248    IT3                                                 │
│ run_2ca7a_00023   RUNNING      47.1224    IT3                                                 │
│ run_2ca7a_00024   RUNNING      50         IT3                                                 │
│ run_2ca7a_00000   TERMINATED    3         IT3                   1            2684.37        0 │
│ run_2ca7a_00001   TERMINATED    4.03912   IT3                   1            5456.28        0 │
│ run_2ca7a_00002   TERMINATED    5.15816   IT3                   1            2748.11        0 │
│ run_2ca7a_00003   TERMINATED    6.35714   IT3                   1            2739.27        0 │
│ run_2ca7a_00004   TERMINATED    7.63605   IT3                   1            2685.31        0 │
╰───────────────────────────────────────────────────────────────────────────────────────────────╯
15 more TERMINATED
Trial status: 20 TERMINATED | 5 RUNNING
Current time: 2024-07-02 20:44:16. Total running time: 1hr 41min 39s
Logical resource usage: 5.0/32 CPUs, 0/0 GPUs
Current best trial: 2ca7a_00000 with loss=0.0 and params={'osc_f': 3.0, 'osc_pop_name': 'IT3', 'saveFolder': '../grid_batch_5sec_IT3_w_10', 'simLabel': 'grid_00000'}
╭───────────────────────────────────────────────────────────────────────────────────────────────╮
│ Trial name        status          osc_f   osc_pop_name       iter     total time (s)     loss │
├───────────────────────────────────────────────────────────────────────────────────────────────┤
│ run_2ca7a_00020   RUNNING      38.9694    IT3                                                 │
│ run_2ca7a_00021   RUNNING      41.6071    IT3                                                 │
│ run_2ca7a_00022   RUNNING      44.3248    IT3                                                 │
│ run_2ca7a_00023   RUNNING      47.1224    IT3                                                 │
│ run_2ca7a_00024   RUNNING      50         IT3                                                 │
│ run_2ca7a_00000   TERMINATED    3         IT3                   1            2684.37        0 │
│ run_2ca7a_00001   TERMINATED    4.03912   IT3                   1            5456.28        0 │
│ run_2ca7a_00002   TERMINATED    5.15816   IT3                   1            2748.11        0 │
│ run_2ca7a_00003   TERMINATED    6.35714   IT3                   1            2739.27        0 │
│ run_2ca7a_00004   TERMINATED    7.63605   IT3                   1            2685.31        0 │
╰───────────────────────────────────────────────────────────────────────────────────────────────╯
15 more TERMINATED
Trial status: 20 TERMINATED | 5 RUNNING
Current time: 2024-07-02 20:44:46. Total running time: 1hr 42min 9s
Logical resource usage: 5.0/32 CPUs, 0/0 GPUs
Current best trial: 2ca7a_00000 with loss=0.0 and params={'osc_f': 3.0, 'osc_pop_name': 'IT3', 'saveFolder': '../grid_batch_5sec_IT3_w_10', 'simLabel': 'grid_00000'}
╭───────────────────────────────────────────────────────────────────────────────────────────────╮
│ Trial name        status          osc_f   osc_pop_name       iter     total time (s)     loss │
├───────────────────────────────────────────────────────────────────────────────────────────────┤
│ run_2ca7a_00020   RUNNING      38.9694    IT3                                                 │
│ run_2ca7a_00021   RUNNING      41.6071    IT3                                                 │
│ run_2ca7a_00022   RUNNING      44.3248    IT3                                                 │
│ run_2ca7a_00023   RUNNING      47.1224    IT3                                                 │
│ run_2ca7a_00024   RUNNING      50         IT3                                                 │
│ run_2ca7a_00000   TERMINATED    3         IT3                   1            2684.37        0 │
│ run_2ca7a_00001   TERMINATED    4.03912   IT3                   1            5456.28        0 │
│ run_2ca7a_00002   TERMINATED    5.15816   IT3                   1            2748.11        0 │
│ run_2ca7a_00003   TERMINATED    6.35714   IT3                   1            2739.27        0 │
│ run_2ca7a_00004   TERMINATED    7.63605   IT3                   1            2685.31        0 │
╰───────────────────────────────────────────────────────────────────────────────────────────────╯
15 more TERMINATED
Trial status: 20 TERMINATED | 5 RUNNING
Current time: 2024-07-02 20:45:16. Total running time: 1hr 42min 39s
Logical resource usage: 5.0/32 CPUs, 0/0 GPUs
Current best trial: 2ca7a_00000 with loss=0.0 and params={'osc_f': 3.0, 'osc_pop_name': 'IT3', 'saveFolder': '../grid_batch_5sec_IT3_w_10', 'simLabel': 'grid_00000'}
╭───────────────────────────────────────────────────────────────────────────────────────────────╮
│ Trial name        status          osc_f   osc_pop_name       iter     total time (s)     loss │
├───────────────────────────────────────────────────────────────────────────────────────────────┤
│ run_2ca7a_00020   RUNNING      38.9694    IT3                                                 │
│ run_2ca7a_00021   RUNNING      41.6071    IT3                                                 │
│ run_2ca7a_00022   RUNNING      44.3248    IT3                                                 │
│ run_2ca7a_00023   RUNNING      47.1224    IT3                                                 │
│ run_2ca7a_00024   RUNNING      50         IT3                                                 │
│ run_2ca7a_00000   TERMINATED    3         IT3                   1            2684.37        0 │
│ run_2ca7a_00001   TERMINATED    4.03912   IT3                   1            5456.28        0 │
│ run_2ca7a_00002   TERMINATED    5.15816   IT3                   1            2748.11        0 │
│ run_2ca7a_00003   TERMINATED    6.35714   IT3                   1            2739.27        0 │
│ run_2ca7a_00004   TERMINATED    7.63605   IT3                   1            2685.31        0 │
╰───────────────────────────────────────────────────────────────────────────────────────────────╯
15 more TERMINATED
Trial status: 20 TERMINATED | 5 RUNNING
Current time: 2024-07-02 20:45:46. Total running time: 1hr 43min 9s
Logical resource usage: 5.0/32 CPUs, 0/0 GPUs
Current best trial: 2ca7a_00000 with loss=0.0 and params={'osc_f': 3.0, 'osc_pop_name': 'IT3', 'saveFolder': '../grid_batch_5sec_IT3_w_10', 'simLabel': 'grid_00000'}
╭───────────────────────────────────────────────────────────────────────────────────────────────╮
│ Trial name        status          osc_f   osc_pop_name       iter     total time (s)     loss │
├───────────────────────────────────────────────────────────────────────────────────────────────┤
│ run_2ca7a_00020   RUNNING      38.9694    IT3                                                 │
│ run_2ca7a_00021   RUNNING      41.6071    IT3                                                 │
│ run_2ca7a_00022   RUNNING      44.3248    IT3                                                 │
│ run_2ca7a_00023   RUNNING      47.1224    IT3                                                 │
│ run_2ca7a_00024   RUNNING      50         IT3                                                 │
│ run_2ca7a_00000   TERMINATED    3         IT3                   1            2684.37        0 │
│ run_2ca7a_00001   TERMINATED    4.03912   IT3                   1            5456.28        0 │
│ run_2ca7a_00002   TERMINATED    5.15816   IT3                   1            2748.11        0 │
│ run_2ca7a_00003   TERMINATED    6.35714   IT3                   1            2739.27        0 │
│ run_2ca7a_00004   TERMINATED    7.63605   IT3                   1            2685.31        0 │
╰───────────────────────────────────────────────────────────────────────────────────────────────╯
15 more TERMINATED
Trial status: 20 TERMINATED | 5 RUNNING
Current time: 2024-07-02 20:46:16. Total running time: 1hr 43min 39s
Logical resource usage: 5.0/32 CPUs, 0/0 GPUs
Current best trial: 2ca7a_00000 with loss=0.0 and params={'osc_f': 3.0, 'osc_pop_name': 'IT3', 'saveFolder': '../grid_batch_5sec_IT3_w_10', 'simLabel': 'grid_00000'}
╭───────────────────────────────────────────────────────────────────────────────────────────────╮
│ Trial name        status          osc_f   osc_pop_name       iter     total time (s)     loss │
├───────────────────────────────────────────────────────────────────────────────────────────────┤
│ run_2ca7a_00020   RUNNING      38.9694    IT3                                                 │
│ run_2ca7a_00021   RUNNING      41.6071    IT3                                                 │
│ run_2ca7a_00022   RUNNING      44.3248    IT3                                                 │
│ run_2ca7a_00023   RUNNING      47.1224    IT3                                                 │
│ run_2ca7a_00024   RUNNING      50         IT3                                                 │
│ run_2ca7a_00000   TERMINATED    3         IT3                   1            2684.37        0 │
│ run_2ca7a_00001   TERMINATED    4.03912   IT3                   1            5456.28        0 │
│ run_2ca7a_00002   TERMINATED    5.15816   IT3                   1            2748.11        0 │
│ run_2ca7a_00003   TERMINATED    6.35714   IT3                   1            2739.27        0 │
│ run_2ca7a_00004   TERMINATED    7.63605   IT3                   1            2685.31        0 │
╰───────────────────────────────────────────────────────────────────────────────────────────────╯
15 more TERMINATED
Trial status: 20 TERMINATED | 5 RUNNING
Current time: 2024-07-02 20:46:46. Total running time: 1hr 44min 9s
Logical resource usage: 5.0/32 CPUs, 0/0 GPUs
Current best trial: 2ca7a_00000 with loss=0.0 and params={'osc_f': 3.0, 'osc_pop_name': 'IT3', 'saveFolder': '../grid_batch_5sec_IT3_w_10', 'simLabel': 'grid_00000'}
╭───────────────────────────────────────────────────────────────────────────────────────────────╮
│ Trial name        status          osc_f   osc_pop_name       iter     total time (s)     loss │
├───────────────────────────────────────────────────────────────────────────────────────────────┤
│ run_2ca7a_00020   RUNNING      38.9694    IT3                                                 │
│ run_2ca7a_00021   RUNNING      41.6071    IT3                                                 │
│ run_2ca7a_00022   RUNNING      44.3248    IT3                                                 │
│ run_2ca7a_00023   RUNNING      47.1224    IT3                                                 │
│ run_2ca7a_00024   RUNNING      50         IT3                                                 │
│ run_2ca7a_00000   TERMINATED    3         IT3                   1            2684.37        0 │
│ run_2ca7a_00001   TERMINATED    4.03912   IT3                   1            5456.28        0 │
│ run_2ca7a_00002   TERMINATED    5.15816   IT3                   1            2748.11        0 │
│ run_2ca7a_00003   TERMINATED    6.35714   IT3                   1            2739.27        0 │
│ run_2ca7a_00004   TERMINATED    7.63605   IT3                   1            2685.31        0 │
╰───────────────────────────────────────────────────────────────────────────────────────────────╯
15 more TERMINATED
Trial status: 20 TERMINATED | 5 RUNNING
Current time: 2024-07-02 20:47:16. Total running time: 1hr 44min 39s
Logical resource usage: 5.0/32 CPUs, 0/0 GPUs
Current best trial: 2ca7a_00000 with loss=0.0 and params={'osc_f': 3.0, 'osc_pop_name': 'IT3', 'saveFolder': '../grid_batch_5sec_IT3_w_10', 'simLabel': 'grid_00000'}
╭───────────────────────────────────────────────────────────────────────────────────────────────╮
│ Trial name        status          osc_f   osc_pop_name       iter     total time (s)     loss │
├───────────────────────────────────────────────────────────────────────────────────────────────┤
│ run_2ca7a_00020   RUNNING      38.9694    IT3                                                 │
│ run_2ca7a_00021   RUNNING      41.6071    IT3                                                 │
│ run_2ca7a_00022   RUNNING      44.3248    IT3                                                 │
│ run_2ca7a_00023   RUNNING      47.1224    IT3                                                 │
│ run_2ca7a_00024   RUNNING      50         IT3                                                 │
│ run_2ca7a_00000   TERMINATED    3         IT3                   1            2684.37        0 │
│ run_2ca7a_00001   TERMINATED    4.03912   IT3                   1            5456.28        0 │
│ run_2ca7a_00002   TERMINATED    5.15816   IT3                   1            2748.11        0 │
│ run_2ca7a_00003   TERMINATED    6.35714   IT3                   1            2739.27        0 │
│ run_2ca7a_00004   TERMINATED    7.63605   IT3                   1            2685.31        0 │
╰───────────────────────────────────────────────────────────────────────────────────────────────╯
15 more TERMINATED
Trial status: 20 TERMINATED | 5 RUNNING
Current time: 2024-07-02 20:47:46. Total running time: 1hr 45min 9s
Logical resource usage: 5.0/32 CPUs, 0/0 GPUs
Current best trial: 2ca7a_00000 with loss=0.0 and params={'osc_f': 3.0, 'osc_pop_name': 'IT3', 'saveFolder': '../grid_batch_5sec_IT3_w_10', 'simLabel': 'grid_00000'}
╭───────────────────────────────────────────────────────────────────────────────────────────────╮
│ Trial name        status          osc_f   osc_pop_name       iter     total time (s)     loss │
├───────────────────────────────────────────────────────────────────────────────────────────────┤
│ run_2ca7a_00020   RUNNING      38.9694    IT3                                                 │
│ run_2ca7a_00021   RUNNING      41.6071    IT3                                                 │
│ run_2ca7a_00022   RUNNING      44.3248    IT3                                                 │
│ run_2ca7a_00023   RUNNING      47.1224    IT3                                                 │
│ run_2ca7a_00024   RUNNING      50         IT3                                                 │
│ run_2ca7a_00000   TERMINATED    3         IT3                   1            2684.37        0 │
│ run_2ca7a_00001   TERMINATED    4.03912   IT3                   1            5456.28        0 │
│ run_2ca7a_00002   TERMINATED    5.15816   IT3                   1            2748.11        0 │
│ run_2ca7a_00003   TERMINATED    6.35714   IT3                   1            2739.27        0 │
│ run_2ca7a_00004   TERMINATED    7.63605   IT3                   1            2685.31        0 │
╰───────────────────────────────────────────────────────────────────────────────────────────────╯
15 more TERMINATED
Trial status: 20 TERMINATED | 5 RUNNING
Current time: 2024-07-02 20:48:17. Total running time: 1hr 45min 39s
Logical resource usage: 5.0/32 CPUs, 0/0 GPUs
Current best trial: 2ca7a_00000 with loss=0.0 and params={'osc_f': 3.0, 'osc_pop_name': 'IT3', 'saveFolder': '../grid_batch_5sec_IT3_w_10', 'simLabel': 'grid_00000'}
╭───────────────────────────────────────────────────────────────────────────────────────────────╮
│ Trial name        status          osc_f   osc_pop_name       iter     total time (s)     loss │
├───────────────────────────────────────────────────────────────────────────────────────────────┤
│ run_2ca7a_00020   RUNNING      38.9694    IT3                                                 │
│ run_2ca7a_00021   RUNNING      41.6071    IT3                                                 │
│ run_2ca7a_00022   RUNNING      44.3248    IT3                                                 │
│ run_2ca7a_00023   RUNNING      47.1224    IT3                                                 │
│ run_2ca7a_00024   RUNNING      50         IT3                                                 │
│ run_2ca7a_00000   TERMINATED    3         IT3                   1            2684.37        0 │
│ run_2ca7a_00001   TERMINATED    4.03912   IT3                   1            5456.28        0 │
│ run_2ca7a_00002   TERMINATED    5.15816   IT3                   1            2748.11        0 │
│ run_2ca7a_00003   TERMINATED    6.35714   IT3                   1            2739.27        0 │
│ run_2ca7a_00004   TERMINATED    7.63605   IT3                   1            2685.31        0 │
╰───────────────────────────────────────────────────────────────────────────────────────────────╯
15 more TERMINATED
Trial status: 20 TERMINATED | 5 RUNNING
Current time: 2024-07-02 20:48:47. Total running time: 1hr 46min 9s
Logical resource usage: 5.0/32 CPUs, 0/0 GPUs
Current best trial: 2ca7a_00000 with loss=0.0 and params={'osc_f': 3.0, 'osc_pop_name': 'IT3', 'saveFolder': '../grid_batch_5sec_IT3_w_10', 'simLabel': 'grid_00000'}
╭───────────────────────────────────────────────────────────────────────────────────────────────╮
│ Trial name        status          osc_f   osc_pop_name       iter     total time (s)     loss │
├───────────────────────────────────────────────────────────────────────────────────────────────┤
│ run_2ca7a_00020   RUNNING      38.9694    IT3                                                 │
│ run_2ca7a_00021   RUNNING      41.6071    IT3                                                 │
│ run_2ca7a_00022   RUNNING      44.3248    IT3                                                 │
│ run_2ca7a_00023   RUNNING      47.1224    IT3                                                 │
│ run_2ca7a_00024   RUNNING      50         IT3                                                 │
│ run_2ca7a_00000   TERMINATED    3         IT3                   1            2684.37        0 │
│ run_2ca7a_00001   TERMINATED    4.03912   IT3                   1            5456.28        0 │
│ run_2ca7a_00002   TERMINATED    5.15816   IT3                   1            2748.11        0 │
│ run_2ca7a_00003   TERMINATED    6.35714   IT3                   1            2739.27        0 │
│ run_2ca7a_00004   TERMINATED    7.63605   IT3                   1            2685.31        0 │
╰───────────────────────────────────────────────────────────────────────────────────────────────╯
15 more TERMINATED
Trial status: 20 TERMINATED | 5 RUNNING
Current time: 2024-07-02 20:49:17. Total running time: 1hr 46min 39s
Logical resource usage: 5.0/32 CPUs, 0/0 GPUs
Current best trial: 2ca7a_00000 with loss=0.0 and params={'osc_f': 3.0, 'osc_pop_name': 'IT3', 'saveFolder': '../grid_batch_5sec_IT3_w_10', 'simLabel': 'grid_00000'}
╭───────────────────────────────────────────────────────────────────────────────────────────────╮
│ Trial name        status          osc_f   osc_pop_name       iter     total time (s)     loss │
├───────────────────────────────────────────────────────────────────────────────────────────────┤
│ run_2ca7a_00020   RUNNING      38.9694    IT3                                                 │
│ run_2ca7a_00021   RUNNING      41.6071    IT3                                                 │
│ run_2ca7a_00022   RUNNING      44.3248    IT3                                                 │
│ run_2ca7a_00023   RUNNING      47.1224    IT3                                                 │
│ run_2ca7a_00024   RUNNING      50         IT3                                                 │
│ run_2ca7a_00000   TERMINATED    3         IT3                   1            2684.37        0 │
│ run_2ca7a_00001   TERMINATED    4.03912   IT3                   1            5456.28        0 │
│ run_2ca7a_00002   TERMINATED    5.15816   IT3                   1            2748.11        0 │
│ run_2ca7a_00003   TERMINATED    6.35714   IT3                   1            2739.27        0 │
│ run_2ca7a_00004   TERMINATED    7.63605   IT3                   1            2685.31        0 │
╰───────────────────────────────────────────────────────────────────────────────────────────────╯
15 more TERMINATED
Trial status: 20 TERMINATED | 5 RUNNING
Current time: 2024-07-02 20:49:47. Total running time: 1hr 47min 9s
Logical resource usage: 5.0/32 CPUs, 0/0 GPUs
Current best trial: 2ca7a_00000 with loss=0.0 and params={'osc_f': 3.0, 'osc_pop_name': 'IT3', 'saveFolder': '../grid_batch_5sec_IT3_w_10', 'simLabel': 'grid_00000'}
╭───────────────────────────────────────────────────────────────────────────────────────────────╮
│ Trial name        status          osc_f   osc_pop_name       iter     total time (s)     loss │
├───────────────────────────────────────────────────────────────────────────────────────────────┤
│ run_2ca7a_00020   RUNNING      38.9694    IT3                                                 │
│ run_2ca7a_00021   RUNNING      41.6071    IT3                                                 │
│ run_2ca7a_00022   RUNNING      44.3248    IT3                                                 │
│ run_2ca7a_00023   RUNNING      47.1224    IT3                                                 │
│ run_2ca7a_00024   RUNNING      50         IT3                                                 │
│ run_2ca7a_00000   TERMINATED    3         IT3                   1            2684.37        0 │
│ run_2ca7a_00001   TERMINATED    4.03912   IT3                   1            5456.28        0 │
│ run_2ca7a_00002   TERMINATED    5.15816   IT3                   1            2748.11        0 │
│ run_2ca7a_00003   TERMINATED    6.35714   IT3                   1            2739.27        0 │
│ run_2ca7a_00004   TERMINATED    7.63605   IT3                   1            2685.31        0 │
╰───────────────────────────────────────────────────────────────────────────────────────────────╯
15 more TERMINATED
Trial status: 20 TERMINATED | 5 RUNNING
Current time: 2024-07-02 20:50:17. Total running time: 1hr 47min 39s
Logical resource usage: 5.0/32 CPUs, 0/0 GPUs
Current best trial: 2ca7a_00000 with loss=0.0 and params={'osc_f': 3.0, 'osc_pop_name': 'IT3', 'saveFolder': '../grid_batch_5sec_IT3_w_10', 'simLabel': 'grid_00000'}
╭───────────────────────────────────────────────────────────────────────────────────────────────╮
│ Trial name        status          osc_f   osc_pop_name       iter     total time (s)     loss │
├───────────────────────────────────────────────────────────────────────────────────────────────┤
│ run_2ca7a_00020   RUNNING      38.9694    IT3                                                 │
│ run_2ca7a_00021   RUNNING      41.6071    IT3                                                 │
│ run_2ca7a_00022   RUNNING      44.3248    IT3                                                 │
│ run_2ca7a_00023   RUNNING      47.1224    IT3                                                 │
│ run_2ca7a_00024   RUNNING      50         IT3                                                 │
│ run_2ca7a_00000   TERMINATED    3         IT3                   1            2684.37        0 │
│ run_2ca7a_00001   TERMINATED    4.03912   IT3                   1            5456.28        0 │
│ run_2ca7a_00002   TERMINATED    5.15816   IT3                   1            2748.11        0 │
│ run_2ca7a_00003   TERMINATED    6.35714   IT3                   1            2739.27        0 │
│ run_2ca7a_00004   TERMINATED    7.63605   IT3                   1            2685.31        0 │
╰───────────────────────────────────────────────────────────────────────────────────────────────╯
15 more TERMINATED
Trial status: 20 TERMINATED | 5 RUNNING
Current time: 2024-07-02 20:50:47. Total running time: 1hr 48min 9s
Logical resource usage: 5.0/32 CPUs, 0/0 GPUs
Current best trial: 2ca7a_00000 with loss=0.0 and params={'osc_f': 3.0, 'osc_pop_name': 'IT3', 'saveFolder': '../grid_batch_5sec_IT3_w_10', 'simLabel': 'grid_00000'}
╭───────────────────────────────────────────────────────────────────────────────────────────────╮
│ Trial name        status          osc_f   osc_pop_name       iter     total time (s)     loss │
├───────────────────────────────────────────────────────────────────────────────────────────────┤
│ run_2ca7a_00020   RUNNING      38.9694    IT3                                                 │
│ run_2ca7a_00021   RUNNING      41.6071    IT3                                                 │
│ run_2ca7a_00022   RUNNING      44.3248    IT3                                                 │
│ run_2ca7a_00023   RUNNING      47.1224    IT3                                                 │
│ run_2ca7a_00024   RUNNING      50         IT3                                                 │
│ run_2ca7a_00000   TERMINATED    3         IT3                   1            2684.37        0 │
│ run_2ca7a_00001   TERMINATED    4.03912   IT3                   1            5456.28        0 │
│ run_2ca7a_00002   TERMINATED    5.15816   IT3                   1            2748.11        0 │
│ run_2ca7a_00003   TERMINATED    6.35714   IT3                   1            2739.27        0 │
│ run_2ca7a_00004   TERMINATED    7.63605   IT3                   1            2685.31        0 │
╰───────────────────────────────────────────────────────────────────────────────────────────────╯
15 more TERMINATED
Trial status: 20 TERMINATED | 5 RUNNING
Current time: 2024-07-02 20:51:17. Total running time: 1hr 48min 39s
Logical resource usage: 5.0/32 CPUs, 0/0 GPUs
Current best trial: 2ca7a_00000 with loss=0.0 and params={'osc_f': 3.0, 'osc_pop_name': 'IT3', 'saveFolder': '../grid_batch_5sec_IT3_w_10', 'simLabel': 'grid_00000'}
╭───────────────────────────────────────────────────────────────────────────────────────────────╮
│ Trial name        status          osc_f   osc_pop_name       iter     total time (s)     loss │
├───────────────────────────────────────────────────────────────────────────────────────────────┤
│ run_2ca7a_00020   RUNNING      38.9694    IT3                                                 │
│ run_2ca7a_00021   RUNNING      41.6071    IT3                                                 │
│ run_2ca7a_00022   RUNNING      44.3248    IT3                                                 │
│ run_2ca7a_00023   RUNNING      47.1224    IT3                                                 │
│ run_2ca7a_00024   RUNNING      50         IT3                                                 │
│ run_2ca7a_00000   TERMINATED    3         IT3                   1            2684.37        0 │
│ run_2ca7a_00001   TERMINATED    4.03912   IT3                   1            5456.28        0 │
│ run_2ca7a_00002   TERMINATED    5.15816   IT3                   1            2748.11        0 │
│ run_2ca7a_00003   TERMINATED    6.35714   IT3                   1            2739.27        0 │
│ run_2ca7a_00004   TERMINATED    7.63605   IT3                   1            2685.31        0 │
╰───────────────────────────────────────────────────────────────────────────────────────────────╯
15 more TERMINATED
Trial status: 20 TERMINATED | 5 RUNNING
Current time: 2024-07-02 20:51:47. Total running time: 1hr 49min 10s
Logical resource usage: 5.0/32 CPUs, 0/0 GPUs
Current best trial: 2ca7a_00000 with loss=0.0 and params={'osc_f': 3.0, 'osc_pop_name': 'IT3', 'saveFolder': '../grid_batch_5sec_IT3_w_10', 'simLabel': 'grid_00000'}
╭───────────────────────────────────────────────────────────────────────────────────────────────╮
│ Trial name        status          osc_f   osc_pop_name       iter     total time (s)     loss │
├───────────────────────────────────────────────────────────────────────────────────────────────┤
│ run_2ca7a_00020   RUNNING      38.9694    IT3                                                 │
│ run_2ca7a_00021   RUNNING      41.6071    IT3                                                 │
│ run_2ca7a_00022   RUNNING      44.3248    IT3                                                 │
│ run_2ca7a_00023   RUNNING      47.1224    IT3                                                 │
│ run_2ca7a_00024   RUNNING      50         IT3                                                 │
│ run_2ca7a_00000   TERMINATED    3         IT3                   1            2684.37        0 │
│ run_2ca7a_00001   TERMINATED    4.03912   IT3                   1            5456.28        0 │
│ run_2ca7a_00002   TERMINATED    5.15816   IT3                   1            2748.11        0 │
│ run_2ca7a_00003   TERMINATED    6.35714   IT3                   1            2739.27        0 │
│ run_2ca7a_00004   TERMINATED    7.63605   IT3                   1            2685.31        0 │
╰───────────────────────────────────────────────────────────────────────────────────────────────╯
15 more TERMINATED
Trial status: 20 TERMINATED | 5 RUNNING
Current time: 2024-07-02 20:52:17. Total running time: 1hr 49min 40s
Logical resource usage: 5.0/32 CPUs, 0/0 GPUs
Current best trial: 2ca7a_00000 with loss=0.0 and params={'osc_f': 3.0, 'osc_pop_name': 'IT3', 'saveFolder': '../grid_batch_5sec_IT3_w_10', 'simLabel': 'grid_00000'}
╭───────────────────────────────────────────────────────────────────────────────────────────────╮
│ Trial name        status          osc_f   osc_pop_name       iter     total time (s)     loss │
├───────────────────────────────────────────────────────────────────────────────────────────────┤
│ run_2ca7a_00020   RUNNING      38.9694    IT3                                                 │
│ run_2ca7a_00021   RUNNING      41.6071    IT3                                                 │
│ run_2ca7a_00022   RUNNING      44.3248    IT3                                                 │
│ run_2ca7a_00023   RUNNING      47.1224    IT3                                                 │
│ run_2ca7a_00024   RUNNING      50         IT3                                                 │
│ run_2ca7a_00000   TERMINATED    3         IT3                   1            2684.37        0 │
│ run_2ca7a_00001   TERMINATED    4.03912   IT3                   1            5456.28        0 │
│ run_2ca7a_00002   TERMINATED    5.15816   IT3                   1            2748.11        0 │
│ run_2ca7a_00003   TERMINATED    6.35714   IT3                   1            2739.27        0 │
│ run_2ca7a_00004   TERMINATED    7.63605   IT3                   1            2685.31        0 │
╰───────────────────────────────────────────────────────────────────────────────────────────────╯
15 more TERMINATED
Trial status: 20 TERMINATED | 5 RUNNING
Current time: 2024-07-02 20:52:47. Total running time: 1hr 50min 10s
Logical resource usage: 5.0/32 CPUs, 0/0 GPUs
Current best trial: 2ca7a_00000 with loss=0.0 and params={'osc_f': 3.0, 'osc_pop_name': 'IT3', 'saveFolder': '../grid_batch_5sec_IT3_w_10', 'simLabel': 'grid_00000'}
╭───────────────────────────────────────────────────────────────────────────────────────────────╮
│ Trial name        status          osc_f   osc_pop_name       iter     total time (s)     loss │
├───────────────────────────────────────────────────────────────────────────────────────────────┤
│ run_2ca7a_00020   RUNNING      38.9694    IT3                                                 │
│ run_2ca7a_00021   RUNNING      41.6071    IT3                                                 │
│ run_2ca7a_00022   RUNNING      44.3248    IT3                                                 │
│ run_2ca7a_00023   RUNNING      47.1224    IT3                                                 │
│ run_2ca7a_00024   RUNNING      50         IT3                                                 │
│ run_2ca7a_00000   TERMINATED    3         IT3                   1            2684.37        0 │
│ run_2ca7a_00001   TERMINATED    4.03912   IT3                   1            5456.28        0 │
│ run_2ca7a_00002   TERMINATED    5.15816   IT3                   1            2748.11        0 │
│ run_2ca7a_00003   TERMINATED    6.35714   IT3                   1            2739.27        0 │
│ run_2ca7a_00004   TERMINATED    7.63605   IT3                   1            2685.31        0 │
╰───────────────────────────────────────────────────────────────────────────────────────────────╯
15 more TERMINATED
Trial status: 20 TERMINATED | 5 RUNNING
Current time: 2024-07-02 20:53:17. Total running time: 1hr 50min 40s
Logical resource usage: 5.0/32 CPUs, 0/0 GPUs
Current best trial: 2ca7a_00000 with loss=0.0 and params={'osc_f': 3.0, 'osc_pop_name': 'IT3', 'saveFolder': '../grid_batch_5sec_IT3_w_10', 'simLabel': 'grid_00000'}
╭───────────────────────────────────────────────────────────────────────────────────────────────╮
│ Trial name        status          osc_f   osc_pop_name       iter     total time (s)     loss │
├───────────────────────────────────────────────────────────────────────────────────────────────┤
│ run_2ca7a_00020   RUNNING      38.9694    IT3                                                 │
│ run_2ca7a_00021   RUNNING      41.6071    IT3                                                 │
│ run_2ca7a_00022   RUNNING      44.3248    IT3                                                 │
│ run_2ca7a_00023   RUNNING      47.1224    IT3                                                 │
│ run_2ca7a_00024   RUNNING      50         IT3                                                 │
│ run_2ca7a_00000   TERMINATED    3         IT3                   1            2684.37        0 │
│ run_2ca7a_00001   TERMINATED    4.03912   IT3                   1            5456.28        0 │
│ run_2ca7a_00002   TERMINATED    5.15816   IT3                   1            2748.11        0 │
│ run_2ca7a_00003   TERMINATED    6.35714   IT3                   1            2739.27        0 │
│ run_2ca7a_00004   TERMINATED    7.63605   IT3                   1            2685.31        0 │
╰───────────────────────────────────────────────────────────────────────────────────────────────╯
15 more TERMINATED
Trial status: 20 TERMINATED | 5 RUNNING
Current time: 2024-07-02 20:53:47. Total running time: 1hr 51min 10s
Logical resource usage: 5.0/32 CPUs, 0/0 GPUs
Current best trial: 2ca7a_00000 with loss=0.0 and params={'osc_f': 3.0, 'osc_pop_name': 'IT3', 'saveFolder': '../grid_batch_5sec_IT3_w_10', 'simLabel': 'grid_00000'}
╭───────────────────────────────────────────────────────────────────────────────────────────────╮
│ Trial name        status          osc_f   osc_pop_name       iter     total time (s)     loss │
├───────────────────────────────────────────────────────────────────────────────────────────────┤
│ run_2ca7a_00020   RUNNING      38.9694    IT3                                                 │
│ run_2ca7a_00021   RUNNING      41.6071    IT3                                                 │
│ run_2ca7a_00022   RUNNING      44.3248    IT3                                                 │
│ run_2ca7a_00023   RUNNING      47.1224    IT3                                                 │
│ run_2ca7a_00024   RUNNING      50         IT3                                                 │
│ run_2ca7a_00000   TERMINATED    3         IT3                   1            2684.37        0 │
│ run_2ca7a_00001   TERMINATED    4.03912   IT3                   1            5456.28        0 │
│ run_2ca7a_00002   TERMINATED    5.15816   IT3                   1            2748.11        0 │
│ run_2ca7a_00003   TERMINATED    6.35714   IT3                   1            2739.27        0 │
│ run_2ca7a_00004   TERMINATED    7.63605   IT3                   1            2685.31        0 │
╰───────────────────────────────────────────────────────────────────────────────────────────────╯
15 more TERMINATED
Trial status: 20 TERMINATED | 5 RUNNING
Current time: 2024-07-02 20:54:17. Total running time: 1hr 51min 40s
Logical resource usage: 5.0/32 CPUs, 0/0 GPUs
Current best trial: 2ca7a_00000 with loss=0.0 and params={'osc_f': 3.0, 'osc_pop_name': 'IT3', 'saveFolder': '../grid_batch_5sec_IT3_w_10', 'simLabel': 'grid_00000'}
╭───────────────────────────────────────────────────────────────────────────────────────────────╮
│ Trial name        status          osc_f   osc_pop_name       iter     total time (s)     loss │
├───────────────────────────────────────────────────────────────────────────────────────────────┤
│ run_2ca7a_00020   RUNNING      38.9694    IT3                                                 │
│ run_2ca7a_00021   RUNNING      41.6071    IT3                                                 │
│ run_2ca7a_00022   RUNNING      44.3248    IT3                                                 │
│ run_2ca7a_00023   RUNNING      47.1224    IT3                                                 │
│ run_2ca7a_00024   RUNNING      50         IT3                                                 │
│ run_2ca7a_00000   TERMINATED    3         IT3                   1            2684.37        0 │
│ run_2ca7a_00001   TERMINATED    4.03912   IT3                   1            5456.28        0 │
│ run_2ca7a_00002   TERMINATED    5.15816   IT3                   1            2748.11        0 │
│ run_2ca7a_00003   TERMINATED    6.35714   IT3                   1            2739.27        0 │
│ run_2ca7a_00004   TERMINATED    7.63605   IT3                   1            2685.31        0 │
╰───────────────────────────────────────────────────────────────────────────────────────────────╯
15 more TERMINATED
Trial status: 20 TERMINATED | 5 RUNNING
Current time: 2024-07-02 20:54:47. Total running time: 1hr 52min 10s
Logical resource usage: 5.0/32 CPUs, 0/0 GPUs
Current best trial: 2ca7a_00000 with loss=0.0 and params={'osc_f': 3.0, 'osc_pop_name': 'IT3', 'saveFolder': '../grid_batch_5sec_IT3_w_10', 'simLabel': 'grid_00000'}
╭───────────────────────────────────────────────────────────────────────────────────────────────╮
│ Trial name        status          osc_f   osc_pop_name       iter     total time (s)     loss │
├───────────────────────────────────────────────────────────────────────────────────────────────┤
│ run_2ca7a_00020   RUNNING      38.9694    IT3                                                 │
│ run_2ca7a_00021   RUNNING      41.6071    IT3                                                 │
│ run_2ca7a_00022   RUNNING      44.3248    IT3                                                 │
│ run_2ca7a_00023   RUNNING      47.1224    IT3                                                 │
│ run_2ca7a_00024   RUNNING      50         IT3                                                 │
│ run_2ca7a_00000   TERMINATED    3         IT3                   1            2684.37        0 │
│ run_2ca7a_00001   TERMINATED    4.03912   IT3                   1            5456.28        0 │
│ run_2ca7a_00002   TERMINATED    5.15816   IT3                   1            2748.11        0 │
│ run_2ca7a_00003   TERMINATED    6.35714   IT3                   1            2739.27        0 │
│ run_2ca7a_00004   TERMINATED    7.63605   IT3                   1            2685.31        0 │
╰───────────────────────────────────────────────────────────────────────────────────────────────╯
15 more TERMINATED
Trial status: 20 TERMINATED | 5 RUNNING
Current time: 2024-07-02 20:55:17. Total running time: 1hr 52min 40s
Logical resource usage: 5.0/32 CPUs, 0/0 GPUs
Current best trial: 2ca7a_00000 with loss=0.0 and params={'osc_f': 3.0, 'osc_pop_name': 'IT3', 'saveFolder': '../grid_batch_5sec_IT3_w_10', 'simLabel': 'grid_00000'}
╭───────────────────────────────────────────────────────────────────────────────────────────────╮
│ Trial name        status          osc_f   osc_pop_name       iter     total time (s)     loss │
├───────────────────────────────────────────────────────────────────────────────────────────────┤
│ run_2ca7a_00020   RUNNING      38.9694    IT3                                                 │
│ run_2ca7a_00021   RUNNING      41.6071    IT3                                                 │
│ run_2ca7a_00022   RUNNING      44.3248    IT3                                                 │
│ run_2ca7a_00023   RUNNING      47.1224    IT3                                                 │
│ run_2ca7a_00024   RUNNING      50         IT3                                                 │
│ run_2ca7a_00000   TERMINATED    3         IT3                   1            2684.37        0 │
│ run_2ca7a_00001   TERMINATED    4.03912   IT3                   1            5456.28        0 │
│ run_2ca7a_00002   TERMINATED    5.15816   IT3                   1            2748.11        0 │
│ run_2ca7a_00003   TERMINATED    6.35714   IT3                   1            2739.27        0 │
│ run_2ca7a_00004   TERMINATED    7.63605   IT3                   1            2685.31        0 │
╰───────────────────────────────────────────────────────────────────────────────────────────────╯
15 more TERMINATED
Trial status: 20 TERMINATED | 5 RUNNING
Current time: 2024-07-02 20:55:47. Total running time: 1hr 53min 10s
Logical resource usage: 5.0/32 CPUs, 0/0 GPUs
Current best trial: 2ca7a_00000 with loss=0.0 and params={'osc_f': 3.0, 'osc_pop_name': 'IT3', 'saveFolder': '../grid_batch_5sec_IT3_w_10', 'simLabel': 'grid_00000'}
╭───────────────────────────────────────────────────────────────────────────────────────────────╮
│ Trial name        status          osc_f   osc_pop_name       iter     total time (s)     loss │
├───────────────────────────────────────────────────────────────────────────────────────────────┤
│ run_2ca7a_00020   RUNNING      38.9694    IT3                                                 │
│ run_2ca7a_00021   RUNNING      41.6071    IT3                                                 │
│ run_2ca7a_00022   RUNNING      44.3248    IT3                                                 │
│ run_2ca7a_00023   RUNNING      47.1224    IT3                                                 │
│ run_2ca7a_00024   RUNNING      50         IT3                                                 │
│ run_2ca7a_00000   TERMINATED    3         IT3                   1            2684.37        0 │
│ run_2ca7a_00001   TERMINATED    4.03912   IT3                   1            5456.28        0 │
│ run_2ca7a_00002   TERMINATED    5.15816   IT3                   1            2748.11        0 │
│ run_2ca7a_00003   TERMINATED    6.35714   IT3                   1            2739.27        0 │
│ run_2ca7a_00004   TERMINATED    7.63605   IT3                   1            2685.31        0 │
╰───────────────────────────────────────────────────────────────────────────────────────────────╯
15 more TERMINATED
Trial status: 20 TERMINATED | 5 RUNNING
Current time: 2024-07-02 20:56:17. Total running time: 1hr 53min 40s
Logical resource usage: 5.0/32 CPUs, 0/0 GPUs
Current best trial: 2ca7a_00000 with loss=0.0 and params={'osc_f': 3.0, 'osc_pop_name': 'IT3', 'saveFolder': '../grid_batch_5sec_IT3_w_10', 'simLabel': 'grid_00000'}
╭───────────────────────────────────────────────────────────────────────────────────────────────╮
│ Trial name        status          osc_f   osc_pop_name       iter     total time (s)     loss │
├───────────────────────────────────────────────────────────────────────────────────────────────┤
│ run_2ca7a_00020   RUNNING      38.9694    IT3                                                 │
│ run_2ca7a_00021   RUNNING      41.6071    IT3                                                 │
│ run_2ca7a_00022   RUNNING      44.3248    IT3                                                 │
│ run_2ca7a_00023   RUNNING      47.1224    IT3                                                 │
│ run_2ca7a_00024   RUNNING      50         IT3                                                 │
│ run_2ca7a_00000   TERMINATED    3         IT3                   1            2684.37        0 │
│ run_2ca7a_00001   TERMINATED    4.03912   IT3                   1            5456.28        0 │
│ run_2ca7a_00002   TERMINATED    5.15816   IT3                   1            2748.11        0 │
│ run_2ca7a_00003   TERMINATED    6.35714   IT3                   1            2739.27        0 │
│ run_2ca7a_00004   TERMINATED    7.63605   IT3                   1            2685.31        0 │
╰───────────────────────────────────────────────────────────────────────────────────────────────╯
15 more TERMINATED
Trial status: 20 TERMINATED | 5 RUNNING
Current time: 2024-07-02 20:56:47. Total running time: 1hr 54min 10s
Logical resource usage: 5.0/32 CPUs, 0/0 GPUs
Current best trial: 2ca7a_00000 with loss=0.0 and params={'osc_f': 3.0, 'osc_pop_name': 'IT3', 'saveFolder': '../grid_batch_5sec_IT3_w_10', 'simLabel': 'grid_00000'}
╭───────────────────────────────────────────────────────────────────────────────────────────────╮
│ Trial name        status          osc_f   osc_pop_name       iter     total time (s)     loss │
├───────────────────────────────────────────────────────────────────────────────────────────────┤
│ run_2ca7a_00020   RUNNING      38.9694    IT3                                                 │
│ run_2ca7a_00021   RUNNING      41.6071    IT3                                                 │
│ run_2ca7a_00022   RUNNING      44.3248    IT3                                                 │
│ run_2ca7a_00023   RUNNING      47.1224    IT3                                                 │
│ run_2ca7a_00024   RUNNING      50         IT3                                                 │
│ run_2ca7a_00000   TERMINATED    3         IT3                   1            2684.37        0 │
│ run_2ca7a_00001   TERMINATED    4.03912   IT3                   1            5456.28        0 │
│ run_2ca7a_00002   TERMINATED    5.15816   IT3                   1            2748.11        0 │
│ run_2ca7a_00003   TERMINATED    6.35714   IT3                   1            2739.27        0 │
│ run_2ca7a_00004   TERMINATED    7.63605   IT3                   1            2685.31        0 │
╰───────────────────────────────────────────────────────────────────────────────────────────────╯
15 more TERMINATED
Trial status: 20 TERMINATED | 5 RUNNING
Current time: 2024-07-02 20:57:17. Total running time: 1hr 54min 40s
Logical resource usage: 5.0/32 CPUs, 0/0 GPUs
Current best trial: 2ca7a_00000 with loss=0.0 and params={'osc_f': 3.0, 'osc_pop_name': 'IT3', 'saveFolder': '../grid_batch_5sec_IT3_w_10', 'simLabel': 'grid_00000'}
╭───────────────────────────────────────────────────────────────────────────────────────────────╮
│ Trial name        status          osc_f   osc_pop_name       iter     total time (s)     loss │
├───────────────────────────────────────────────────────────────────────────────────────────────┤
│ run_2ca7a_00020   RUNNING      38.9694    IT3                                                 │
│ run_2ca7a_00021   RUNNING      41.6071    IT3                                                 │
│ run_2ca7a_00022   RUNNING      44.3248    IT3                                                 │
│ run_2ca7a_00023   RUNNING      47.1224    IT3                                                 │
│ run_2ca7a_00024   RUNNING      50         IT3                                                 │
│ run_2ca7a_00000   TERMINATED    3         IT3                   1            2684.37        0 │
│ run_2ca7a_00001   TERMINATED    4.03912   IT3                   1            5456.28        0 │
│ run_2ca7a_00002   TERMINATED    5.15816   IT3                   1            2748.11        0 │
│ run_2ca7a_00003   TERMINATED    6.35714   IT3                   1            2739.27        0 │
│ run_2ca7a_00004   TERMINATED    7.63605   IT3                   1            2685.31        0 │
╰───────────────────────────────────────────────────────────────────────────────────────────────╯
15 more TERMINATED
Trial status: 20 TERMINATED | 5 RUNNING
Current time: 2024-07-02 20:57:47. Total running time: 1hr 55min 10s
Logical resource usage: 5.0/32 CPUs, 0/0 GPUs
Current best trial: 2ca7a_00000 with loss=0.0 and params={'osc_f': 3.0, 'osc_pop_name': 'IT3', 'saveFolder': '../grid_batch_5sec_IT3_w_10', 'simLabel': 'grid_00000'}
╭───────────────────────────────────────────────────────────────────────────────────────────────╮
│ Trial name        status          osc_f   osc_pop_name       iter     total time (s)     loss │
├───────────────────────────────────────────────────────────────────────────────────────────────┤
│ run_2ca7a_00020   RUNNING      38.9694    IT3                                                 │
│ run_2ca7a_00021   RUNNING      41.6071    IT3                                                 │
│ run_2ca7a_00022   RUNNING      44.3248    IT3                                                 │
│ run_2ca7a_00023   RUNNING      47.1224    IT3                                                 │
│ run_2ca7a_00024   RUNNING      50         IT3                                                 │
│ run_2ca7a_00000   TERMINATED    3         IT3                   1            2684.37        0 │
│ run_2ca7a_00001   TERMINATED    4.03912   IT3                   1            5456.28        0 │
│ run_2ca7a_00002   TERMINATED    5.15816   IT3                   1            2748.11        0 │
│ run_2ca7a_00003   TERMINATED    6.35714   IT3                   1            2739.27        0 │
│ run_2ca7a_00004   TERMINATED    7.63605   IT3                   1            2685.31        0 │
╰───────────────────────────────────────────────────────────────────────────────────────────────╯
15 more TERMINATED
Trial status: 20 TERMINATED | 5 RUNNING
Current time: 2024-07-02 20:58:17. Total running time: 1hr 55min 40s
Logical resource usage: 5.0/32 CPUs, 0/0 GPUs
Current best trial: 2ca7a_00000 with loss=0.0 and params={'osc_f': 3.0, 'osc_pop_name': 'IT3', 'saveFolder': '../grid_batch_5sec_IT3_w_10', 'simLabel': 'grid_00000'}
╭───────────────────────────────────────────────────────────────────────────────────────────────╮
│ Trial name        status          osc_f   osc_pop_name       iter     total time (s)     loss │
├───────────────────────────────────────────────────────────────────────────────────────────────┤
│ run_2ca7a_00020   RUNNING      38.9694    IT3                                                 │
│ run_2ca7a_00021   RUNNING      41.6071    IT3                                                 │
│ run_2ca7a_00022   RUNNING      44.3248    IT3                                                 │
│ run_2ca7a_00023   RUNNING      47.1224    IT3                                                 │
│ run_2ca7a_00024   RUNNING      50         IT3                                                 │
│ run_2ca7a_00000   TERMINATED    3         IT3                   1            2684.37        0 │
│ run_2ca7a_00001   TERMINATED    4.03912   IT3                   1            5456.28        0 │
│ run_2ca7a_00002   TERMINATED    5.15816   IT3                   1            2748.11        0 │
│ run_2ca7a_00003   TERMINATED    6.35714   IT3                   1            2739.27        0 │
│ run_2ca7a_00004   TERMINATED    7.63605   IT3                   1            2685.31        0 │
╰───────────────────────────────────────────────────────────────────────────────────────────────╯
15 more TERMINATED
Trial status: 20 TERMINATED | 5 RUNNING
Current time: 2024-07-02 20:58:47. Total running time: 1hr 56min 10s
Logical resource usage: 5.0/32 CPUs, 0/0 GPUs
Current best trial: 2ca7a_00000 with loss=0.0 and params={'osc_f': 3.0, 'osc_pop_name': 'IT3', 'saveFolder': '../grid_batch_5sec_IT3_w_10', 'simLabel': 'grid_00000'}
╭───────────────────────────────────────────────────────────────────────────────────────────────╮
│ Trial name        status          osc_f   osc_pop_name       iter     total time (s)     loss │
├───────────────────────────────────────────────────────────────────────────────────────────────┤
│ run_2ca7a_00020   RUNNING      38.9694    IT3                                                 │
│ run_2ca7a_00021   RUNNING      41.6071    IT3                                                 │
│ run_2ca7a_00022   RUNNING      44.3248    IT3                                                 │
│ run_2ca7a_00023   RUNNING      47.1224    IT3                                                 │
│ run_2ca7a_00024   RUNNING      50         IT3                                                 │
│ run_2ca7a_00000   TERMINATED    3         IT3                   1            2684.37        0 │
│ run_2ca7a_00001   TERMINATED    4.03912   IT3                   1            5456.28        0 │
│ run_2ca7a_00002   TERMINATED    5.15816   IT3                   1            2748.11        0 │
│ run_2ca7a_00003   TERMINATED    6.35714   IT3                   1            2739.27        0 │
│ run_2ca7a_00004   TERMINATED    7.63605   IT3                   1            2685.31        0 │
╰───────────────────────────────────────────────────────────────────────────────────────────────╯
15 more TERMINATED
Trial status: 20 TERMINATED | 5 RUNNING
Current time: 2024-07-02 20:59:17. Total running time: 1hr 56min 40s
Logical resource usage: 5.0/32 CPUs, 0/0 GPUs
Current best trial: 2ca7a_00000 with loss=0.0 and params={'osc_f': 3.0, 'osc_pop_name': 'IT3', 'saveFolder': '../grid_batch_5sec_IT3_w_10', 'simLabel': 'grid_00000'}
╭───────────────────────────────────────────────────────────────────────────────────────────────╮
│ Trial name        status          osc_f   osc_pop_name       iter     total time (s)     loss │
├───────────────────────────────────────────────────────────────────────────────────────────────┤
│ run_2ca7a_00020   RUNNING      38.9694    IT3                                                 │
│ run_2ca7a_00021   RUNNING      41.6071    IT3                                                 │
│ run_2ca7a_00022   RUNNING      44.3248    IT3                                                 │
│ run_2ca7a_00023   RUNNING      47.1224    IT3                                                 │
│ run_2ca7a_00024   RUNNING      50         IT3                                                 │
│ run_2ca7a_00000   TERMINATED    3         IT3                   1            2684.37        0 │
│ run_2ca7a_00001   TERMINATED    4.03912   IT3                   1            5456.28        0 │
│ run_2ca7a_00002   TERMINATED    5.15816   IT3                   1            2748.11        0 │
│ run_2ca7a_00003   TERMINATED    6.35714   IT3                   1            2739.27        0 │
│ run_2ca7a_00004   TERMINATED    7.63605   IT3                   1            2685.31        0 │
╰───────────────────────────────────────────────────────────────────────────────────────────────╯
15 more TERMINATED
Trial status: 20 TERMINATED | 5 RUNNING
Current time: 2024-07-02 20:59:47. Total running time: 1hr 57min 10s
Logical resource usage: 5.0/32 CPUs, 0/0 GPUs
Current best trial: 2ca7a_00000 with loss=0.0 and params={'osc_f': 3.0, 'osc_pop_name': 'IT3', 'saveFolder': '../grid_batch_5sec_IT3_w_10', 'simLabel': 'grid_00000'}
╭───────────────────────────────────────────────────────────────────────────────────────────────╮
│ Trial name        status          osc_f   osc_pop_name       iter     total time (s)     loss │
├───────────────────────────────────────────────────────────────────────────────────────────────┤
│ run_2ca7a_00020   RUNNING      38.9694    IT3                                                 │
│ run_2ca7a_00021   RUNNING      41.6071    IT3                                                 │
│ run_2ca7a_00022   RUNNING      44.3248    IT3                                                 │
│ run_2ca7a_00023   RUNNING      47.1224    IT3                                                 │
│ run_2ca7a_00024   RUNNING      50         IT3                                                 │
│ run_2ca7a_00000   TERMINATED    3         IT3                   1            2684.37        0 │
│ run_2ca7a_00001   TERMINATED    4.03912   IT3                   1            5456.28        0 │
│ run_2ca7a_00002   TERMINATED    5.15816   IT3                   1            2748.11        0 │
│ run_2ca7a_00003   TERMINATED    6.35714   IT3                   1            2739.27        0 │
│ run_2ca7a_00004   TERMINATED    7.63605   IT3                   1            2685.31        0 │
╰───────────────────────────────────────────────────────────────────────────────────────────────╯
15 more TERMINATED
Trial status: 20 TERMINATED | 5 RUNNING
Current time: 2024-07-02 21:00:17. Total running time: 1hr 57min 40s
Logical resource usage: 5.0/32 CPUs, 0/0 GPUs
Current best trial: 2ca7a_00000 with loss=0.0 and params={'osc_f': 3.0, 'osc_pop_name': 'IT3', 'saveFolder': '../grid_batch_5sec_IT3_w_10', 'simLabel': 'grid_00000'}
╭───────────────────────────────────────────────────────────────────────────────────────────────╮
│ Trial name        status          osc_f   osc_pop_name       iter     total time (s)     loss │
├───────────────────────────────────────────────────────────────────────────────────────────────┤
│ run_2ca7a_00020   RUNNING      38.9694    IT3                                                 │
│ run_2ca7a_00021   RUNNING      41.6071    IT3                                                 │
│ run_2ca7a_00022   RUNNING      44.3248    IT3                                                 │
│ run_2ca7a_00023   RUNNING      47.1224    IT3                                                 │
│ run_2ca7a_00024   RUNNING      50         IT3                                                 │
│ run_2ca7a_00000   TERMINATED    3         IT3                   1            2684.37        0 │
│ run_2ca7a_00001   TERMINATED    4.03912   IT3                   1            5456.28        0 │
│ run_2ca7a_00002   TERMINATED    5.15816   IT3                   1            2748.11        0 │
│ run_2ca7a_00003   TERMINATED    6.35714   IT3                   1            2739.27        0 │
│ run_2ca7a_00004   TERMINATED    7.63605   IT3                   1            2685.31        0 │
╰───────────────────────────────────────────────────────────────────────────────────────────────╯
15 more TERMINATED
Trial status: 20 TERMINATED | 5 RUNNING
Current time: 2024-07-02 21:00:48. Total running time: 1hr 58min 10s
Logical resource usage: 5.0/32 CPUs, 0/0 GPUs
Current best trial: 2ca7a_00000 with loss=0.0 and params={'osc_f': 3.0, 'osc_pop_name': 'IT3', 'saveFolder': '../grid_batch_5sec_IT3_w_10', 'simLabel': 'grid_00000'}
╭───────────────────────────────────────────────────────────────────────────────────────────────╮
│ Trial name        status          osc_f   osc_pop_name       iter     total time (s)     loss │
├───────────────────────────────────────────────────────────────────────────────────────────────┤
│ run_2ca7a_00020   RUNNING      38.9694    IT3                                                 │
│ run_2ca7a_00021   RUNNING      41.6071    IT3                                                 │
│ run_2ca7a_00022   RUNNING      44.3248    IT3                                                 │
│ run_2ca7a_00023   RUNNING      47.1224    IT3                                                 │
│ run_2ca7a_00024   RUNNING      50         IT3                                                 │
│ run_2ca7a_00000   TERMINATED    3         IT3                   1            2684.37        0 │
│ run_2ca7a_00001   TERMINATED    4.03912   IT3                   1            5456.28        0 │
│ run_2ca7a_00002   TERMINATED    5.15816   IT3                   1            2748.11        0 │
│ run_2ca7a_00003   TERMINATED    6.35714   IT3                   1            2739.27        0 │
│ run_2ca7a_00004   TERMINATED    7.63605   IT3                   1            2685.31        0 │
╰───────────────────────────────────────────────────────────────────────────────────────────────╯
15 more TERMINATED
Trial status: 20 TERMINATED | 5 RUNNING
Current time: 2024-07-02 21:01:18. Total running time: 1hr 58min 40s
Logical resource usage: 5.0/32 CPUs, 0/0 GPUs
Current best trial: 2ca7a_00000 with loss=0.0 and params={'osc_f': 3.0, 'osc_pop_name': 'IT3', 'saveFolder': '../grid_batch_5sec_IT3_w_10', 'simLabel': 'grid_00000'}
╭───────────────────────────────────────────────────────────────────────────────────────────────╮
│ Trial name        status          osc_f   osc_pop_name       iter     total time (s)     loss │
├───────────────────────────────────────────────────────────────────────────────────────────────┤
│ run_2ca7a_00020   RUNNING      38.9694    IT3                                                 │
│ run_2ca7a_00021   RUNNING      41.6071    IT3                                                 │
│ run_2ca7a_00022   RUNNING      44.3248    IT3                                                 │
│ run_2ca7a_00023   RUNNING      47.1224    IT3                                                 │
│ run_2ca7a_00024   RUNNING      50         IT3                                                 │
│ run_2ca7a_00000   TERMINATED    3         IT3                   1            2684.37        0 │
│ run_2ca7a_00001   TERMINATED    4.03912   IT3                   1            5456.28        0 │
│ run_2ca7a_00002   TERMINATED    5.15816   IT3                   1            2748.11        0 │
│ run_2ca7a_00003   TERMINATED    6.35714   IT3                   1            2739.27        0 │
│ run_2ca7a_00004   TERMINATED    7.63605   IT3                   1            2685.31        0 │
╰───────────────────────────────────────────────────────────────────────────────────────────────╯
15 more TERMINATED
Trial status: 20 TERMINATED | 5 RUNNING
Current time: 2024-07-02 21:01:48. Total running time: 1hr 59min 10s
Logical resource usage: 5.0/32 CPUs, 0/0 GPUs
Current best trial: 2ca7a_00000 with loss=0.0 and params={'osc_f': 3.0, 'osc_pop_name': 'IT3', 'saveFolder': '../grid_batch_5sec_IT3_w_10', 'simLabel': 'grid_00000'}
╭───────────────────────────────────────────────────────────────────────────────────────────────╮
│ Trial name        status          osc_f   osc_pop_name       iter     total time (s)     loss │
├───────────────────────────────────────────────────────────────────────────────────────────────┤
│ run_2ca7a_00020   RUNNING      38.9694    IT3                                                 │
│ run_2ca7a_00021   RUNNING      41.6071    IT3                                                 │
│ run_2ca7a_00022   RUNNING      44.3248    IT3                                                 │
│ run_2ca7a_00023   RUNNING      47.1224    IT3                                                 │
│ run_2ca7a_00024   RUNNING      50         IT3                                                 │
│ run_2ca7a_00000   TERMINATED    3         IT3                   1            2684.37        0 │
│ run_2ca7a_00001   TERMINATED    4.03912   IT3                   1            5456.28        0 │
│ run_2ca7a_00002   TERMINATED    5.15816   IT3                   1            2748.11        0 │
│ run_2ca7a_00003   TERMINATED    6.35714   IT3                   1            2739.27        0 │
│ run_2ca7a_00004   TERMINATED    7.63605   IT3                   1            2685.31        0 │
╰───────────────────────────────────────────────────────────────────────────────────────────────╯
15 more TERMINATED
Trial status: 20 TERMINATED | 5 RUNNING
Current time: 2024-07-02 21:02:18. Total running time: 1hr 59min 40s
Logical resource usage: 5.0/32 CPUs, 0/0 GPUs
Current best trial: 2ca7a_00000 with loss=0.0 and params={'osc_f': 3.0, 'osc_pop_name': 'IT3', 'saveFolder': '../grid_batch_5sec_IT3_w_10', 'simLabel': 'grid_00000'}
╭───────────────────────────────────────────────────────────────────────────────────────────────╮
│ Trial name        status          osc_f   osc_pop_name       iter     total time (s)     loss │
├───────────────────────────────────────────────────────────────────────────────────────────────┤
│ run_2ca7a_00020   RUNNING      38.9694    IT3                                                 │
│ run_2ca7a_00021   RUNNING      41.6071    IT3                                                 │
│ run_2ca7a_00022   RUNNING      44.3248    IT3                                                 │
│ run_2ca7a_00023   RUNNING      47.1224    IT3                                                 │
│ run_2ca7a_00024   RUNNING      50         IT3                                                 │
│ run_2ca7a_00000   TERMINATED    3         IT3                   1            2684.37        0 │
│ run_2ca7a_00001   TERMINATED    4.03912   IT3                   1            5456.28        0 │
│ run_2ca7a_00002   TERMINATED    5.15816   IT3                   1            2748.11        0 │
│ run_2ca7a_00003   TERMINATED    6.35714   IT3                   1            2739.27        0 │
│ run_2ca7a_00004   TERMINATED    7.63605   IT3                   1            2685.31        0 │
╰───────────────────────────────────────────────────────────────────────────────────────────────╯
15 more TERMINATED
Trial status: 20 TERMINATED | 5 RUNNING
Current time: 2024-07-02 21:02:48. Total running time: 2hr 0min 10s
Logical resource usage: 5.0/32 CPUs, 0/0 GPUs
Current best trial: 2ca7a_00000 with loss=0.0 and params={'osc_f': 3.0, 'osc_pop_name': 'IT3', 'saveFolder': '../grid_batch_5sec_IT3_w_10', 'simLabel': 'grid_00000'}
╭───────────────────────────────────────────────────────────────────────────────────────────────╮
│ Trial name        status          osc_f   osc_pop_name       iter     total time (s)     loss │
├───────────────────────────────────────────────────────────────────────────────────────────────┤
│ run_2ca7a_00020   RUNNING      38.9694    IT3                                                 │
│ run_2ca7a_00021   RUNNING      41.6071    IT3                                                 │
│ run_2ca7a_00022   RUNNING      44.3248    IT3                                                 │
│ run_2ca7a_00023   RUNNING      47.1224    IT3                                                 │
│ run_2ca7a_00024   RUNNING      50         IT3                                                 │
│ run_2ca7a_00000   TERMINATED    3         IT3                   1            2684.37        0 │
│ run_2ca7a_00001   TERMINATED    4.03912   IT3                   1            5456.28        0 │
│ run_2ca7a_00002   TERMINATED    5.15816   IT3                   1            2748.11        0 │
│ run_2ca7a_00003   TERMINATED    6.35714   IT3                   1            2739.27        0 │
│ run_2ca7a_00004   TERMINATED    7.63605   IT3                   1            2685.31        0 │
╰───────────────────────────────────────────────────────────────────────────────────────────────╯
15 more TERMINATED
Trial status: 20 TERMINATED | 5 RUNNING
Current time: 2024-07-02 21:03:18. Total running time: 2hr 0min 40s
Logical resource usage: 5.0/32 CPUs, 0/0 GPUs
Current best trial: 2ca7a_00000 with loss=0.0 and params={'osc_f': 3.0, 'osc_pop_name': 'IT3', 'saveFolder': '../grid_batch_5sec_IT3_w_10', 'simLabel': 'grid_00000'}
╭───────────────────────────────────────────────────────────────────────────────────────────────╮
│ Trial name        status          osc_f   osc_pop_name       iter     total time (s)     loss │
├───────────────────────────────────────────────────────────────────────────────────────────────┤
│ run_2ca7a_00020   RUNNING      38.9694    IT3                                                 │
│ run_2ca7a_00021   RUNNING      41.6071    IT3                                                 │
│ run_2ca7a_00022   RUNNING      44.3248    IT3                                                 │
│ run_2ca7a_00023   RUNNING      47.1224    IT3                                                 │
│ run_2ca7a_00024   RUNNING      50         IT3                                                 │
│ run_2ca7a_00000   TERMINATED    3         IT3                   1            2684.37        0 │
│ run_2ca7a_00001   TERMINATED    4.03912   IT3                   1            5456.28        0 │
│ run_2ca7a_00002   TERMINATED    5.15816   IT3                   1            2748.11        0 │
│ run_2ca7a_00003   TERMINATED    6.35714   IT3                   1            2739.27        0 │
│ run_2ca7a_00004   TERMINATED    7.63605   IT3                   1            2685.31        0 │
╰───────────────────────────────────────────────────────────────────────────────────────────────╯
15 more TERMINATED
Trial status: 20 TERMINATED | 5 RUNNING
Current time: 2024-07-02 21:03:48. Total running time: 2hr 1min 10s
Logical resource usage: 5.0/32 CPUs, 0/0 GPUs
Current best trial: 2ca7a_00000 with loss=0.0 and params={'osc_f': 3.0, 'osc_pop_name': 'IT3', 'saveFolder': '../grid_batch_5sec_IT3_w_10', 'simLabel': 'grid_00000'}
╭───────────────────────────────────────────────────────────────────────────────────────────────╮
│ Trial name        status          osc_f   osc_pop_name       iter     total time (s)     loss │
├───────────────────────────────────────────────────────────────────────────────────────────────┤
│ run_2ca7a_00020   RUNNING      38.9694    IT3                                                 │
│ run_2ca7a_00021   RUNNING      41.6071    IT3                                                 │
│ run_2ca7a_00022   RUNNING      44.3248    IT3                                                 │
│ run_2ca7a_00023   RUNNING      47.1224    IT3                                                 │
│ run_2ca7a_00024   RUNNING      50         IT3                                                 │
│ run_2ca7a_00000   TERMINATED    3         IT3                   1            2684.37        0 │
│ run_2ca7a_00001   TERMINATED    4.03912   IT3                   1            5456.28        0 │
│ run_2ca7a_00002   TERMINATED    5.15816   IT3                   1            2748.11        0 │
│ run_2ca7a_00003   TERMINATED    6.35714   IT3                   1            2739.27        0 │
│ run_2ca7a_00004   TERMINATED    7.63605   IT3                   1            2685.31        0 │
╰───────────────────────────────────────────────────────────────────────────────────────────────╯
15 more TERMINATED
Trial status: 20 TERMINATED | 5 RUNNING
Current time: 2024-07-02 21:04:18. Total running time: 2hr 1min 41s
Logical resource usage: 5.0/32 CPUs, 0/0 GPUs
Current best trial: 2ca7a_00000 with loss=0.0 and params={'osc_f': 3.0, 'osc_pop_name': 'IT3', 'saveFolder': '../grid_batch_5sec_IT3_w_10', 'simLabel': 'grid_00000'}
╭───────────────────────────────────────────────────────────────────────────────────────────────╮
│ Trial name        status          osc_f   osc_pop_name       iter     total time (s)     loss │
├───────────────────────────────────────────────────────────────────────────────────────────────┤
│ run_2ca7a_00020   RUNNING      38.9694    IT3                                                 │
│ run_2ca7a_00021   RUNNING      41.6071    IT3                                                 │
│ run_2ca7a_00022   RUNNING      44.3248    IT3                                                 │
│ run_2ca7a_00023   RUNNING      47.1224    IT3                                                 │
│ run_2ca7a_00024   RUNNING      50         IT3                                                 │
│ run_2ca7a_00000   TERMINATED    3         IT3                   1            2684.37        0 │
│ run_2ca7a_00001   TERMINATED    4.03912   IT3                   1            5456.28        0 │
│ run_2ca7a_00002   TERMINATED    5.15816   IT3                   1            2748.11        0 │
│ run_2ca7a_00003   TERMINATED    6.35714   IT3                   1            2739.27        0 │
│ run_2ca7a_00004   TERMINATED    7.63605   IT3                   1            2685.31        0 │
╰───────────────────────────────────────────────────────────────────────────────────────────────╯
15 more TERMINATED
Trial status: 20 TERMINATED | 5 RUNNING
Current time: 2024-07-02 21:04:48. Total running time: 2hr 2min 11s
Logical resource usage: 5.0/32 CPUs, 0/0 GPUs
Current best trial: 2ca7a_00000 with loss=0.0 and params={'osc_f': 3.0, 'osc_pop_name': 'IT3', 'saveFolder': '../grid_batch_5sec_IT3_w_10', 'simLabel': 'grid_00000'}
╭───────────────────────────────────────────────────────────────────────────────────────────────╮
│ Trial name        status          osc_f   osc_pop_name       iter     total time (s)     loss │
├───────────────────────────────────────────────────────────────────────────────────────────────┤
│ run_2ca7a_00020   RUNNING      38.9694    IT3                                                 │
│ run_2ca7a_00021   RUNNING      41.6071    IT3                                                 │
│ run_2ca7a_00022   RUNNING      44.3248    IT3                                                 │
│ run_2ca7a_00023   RUNNING      47.1224    IT3                                                 │
│ run_2ca7a_00024   RUNNING      50         IT3                                                 │
│ run_2ca7a_00000   TERMINATED    3         IT3                   1            2684.37        0 │
│ run_2ca7a_00001   TERMINATED    4.03912   IT3                   1            5456.28        0 │
│ run_2ca7a_00002   TERMINATED    5.15816   IT3                   1            2748.11        0 │
│ run_2ca7a_00003   TERMINATED    6.35714   IT3                   1            2739.27        0 │
│ run_2ca7a_00004   TERMINATED    7.63605   IT3                   1            2685.31        0 │
╰───────────────────────────────────────────────────────────────────────────────────────────────╯
15 more TERMINATED
Trial status: 20 TERMINATED | 5 RUNNING
Current time: 2024-07-02 21:05:18. Total running time: 2hr 2min 41s
Logical resource usage: 5.0/32 CPUs, 0/0 GPUs
Current best trial: 2ca7a_00000 with loss=0.0 and params={'osc_f': 3.0, 'osc_pop_name': 'IT3', 'saveFolder': '../grid_batch_5sec_IT3_w_10', 'simLabel': 'grid_00000'}
╭───────────────────────────────────────────────────────────────────────────────────────────────╮
│ Trial name        status          osc_f   osc_pop_name       iter     total time (s)     loss │
├───────────────────────────────────────────────────────────────────────────────────────────────┤
│ run_2ca7a_00020   RUNNING      38.9694    IT3                                                 │
│ run_2ca7a_00021   RUNNING      41.6071    IT3                                                 │
│ run_2ca7a_00022   RUNNING      44.3248    IT3                                                 │
│ run_2ca7a_00023   RUNNING      47.1224    IT3                                                 │
│ run_2ca7a_00024   RUNNING      50         IT3                                                 │
│ run_2ca7a_00000   TERMINATED    3         IT3                   1            2684.37        0 │
│ run_2ca7a_00001   TERMINATED    4.03912   IT3                   1            5456.28        0 │
│ run_2ca7a_00002   TERMINATED    5.15816   IT3                   1            2748.11        0 │
│ run_2ca7a_00003   TERMINATED    6.35714   IT3                   1            2739.27        0 │
│ run_2ca7a_00004   TERMINATED    7.63605   IT3                   1            2685.31        0 │
╰───────────────────────────────────────────────────────────────────────────────────────────────╯
15 more TERMINATED
Trial status: 20 TERMINATED | 5 RUNNING
Current time: 2024-07-02 21:05:48. Total running time: 2hr 3min 11s
Logical resource usage: 5.0/32 CPUs, 0/0 GPUs
Current best trial: 2ca7a_00000 with loss=0.0 and params={'osc_f': 3.0, 'osc_pop_name': 'IT3', 'saveFolder': '../grid_batch_5sec_IT3_w_10', 'simLabel': 'grid_00000'}
╭───────────────────────────────────────────────────────────────────────────────────────────────╮
│ Trial name        status          osc_f   osc_pop_name       iter     total time (s)     loss │
├───────────────────────────────────────────────────────────────────────────────────────────────┤
│ run_2ca7a_00020   RUNNING      38.9694    IT3                                                 │
│ run_2ca7a_00021   RUNNING      41.6071    IT3                                                 │
│ run_2ca7a_00022   RUNNING      44.3248    IT3                                                 │
│ run_2ca7a_00023   RUNNING      47.1224    IT3                                                 │
│ run_2ca7a_00024   RUNNING      50         IT3                                                 │
│ run_2ca7a_00000   TERMINATED    3         IT3                   1            2684.37        0 │
│ run_2ca7a_00001   TERMINATED    4.03912   IT3                   1            5456.28        0 │
│ run_2ca7a_00002   TERMINATED    5.15816   IT3                   1            2748.11        0 │
│ run_2ca7a_00003   TERMINATED    6.35714   IT3                   1            2739.27        0 │
│ run_2ca7a_00004   TERMINATED    7.63605   IT3                   1            2685.31        0 │
╰───────────────────────────────────────────────────────────────────────────────────────────────╯
15 more TERMINATED
Trial status: 20 TERMINATED | 5 RUNNING
Current time: 2024-07-02 21:06:18. Total running time: 2hr 3min 41s
Logical resource usage: 5.0/32 CPUs, 0/0 GPUs
Current best trial: 2ca7a_00000 with loss=0.0 and params={'osc_f': 3.0, 'osc_pop_name': 'IT3', 'saveFolder': '../grid_batch_5sec_IT3_w_10', 'simLabel': 'grid_00000'}
╭───────────────────────────────────────────────────────────────────────────────────────────────╮
│ Trial name        status          osc_f   osc_pop_name       iter     total time (s)     loss │
├───────────────────────────────────────────────────────────────────────────────────────────────┤
│ run_2ca7a_00020   RUNNING      38.9694    IT3                                                 │
│ run_2ca7a_00021   RUNNING      41.6071    IT3                                                 │
│ run_2ca7a_00022   RUNNING      44.3248    IT3                                                 │
│ run_2ca7a_00023   RUNNING      47.1224    IT3                                                 │
│ run_2ca7a_00024   RUNNING      50         IT3                                                 │
│ run_2ca7a_00000   TERMINATED    3         IT3                   1            2684.37        0 │
│ run_2ca7a_00001   TERMINATED    4.03912   IT3                   1            5456.28        0 │
│ run_2ca7a_00002   TERMINATED    5.15816   IT3                   1            2748.11        0 │
│ run_2ca7a_00003   TERMINATED    6.35714   IT3                   1            2739.27        0 │
│ run_2ca7a_00004   TERMINATED    7.63605   IT3                   1            2685.31        0 │
╰───────────────────────────────────────────────────────────────────────────────────────────────╯
15 more TERMINATED
Trial status: 20 TERMINATED | 5 RUNNING
Current time: 2024-07-02 21:06:48. Total running time: 2hr 4min 11s
Logical resource usage: 5.0/32 CPUs, 0/0 GPUs
Current best trial: 2ca7a_00000 with loss=0.0 and params={'osc_f': 3.0, 'osc_pop_name': 'IT3', 'saveFolder': '../grid_batch_5sec_IT3_w_10', 'simLabel': 'grid_00000'}
╭───────────────────────────────────────────────────────────────────────────────────────────────╮
│ Trial name        status          osc_f   osc_pop_name       iter     total time (s)     loss │
├───────────────────────────────────────────────────────────────────────────────────────────────┤
│ run_2ca7a_00020   RUNNING      38.9694    IT3                                                 │
│ run_2ca7a_00021   RUNNING      41.6071    IT3                                                 │
│ run_2ca7a_00022   RUNNING      44.3248    IT3                                                 │
│ run_2ca7a_00023   RUNNING      47.1224    IT3                                                 │
│ run_2ca7a_00024   RUNNING      50         IT3                                                 │
│ run_2ca7a_00000   TERMINATED    3         IT3                   1            2684.37        0 │
│ run_2ca7a_00001   TERMINATED    4.03912   IT3                   1            5456.28        0 │
│ run_2ca7a_00002   TERMINATED    5.15816   IT3                   1            2748.11        0 │
│ run_2ca7a_00003   TERMINATED    6.35714   IT3                   1            2739.27        0 │
│ run_2ca7a_00004   TERMINATED    7.63605   IT3                   1            2685.31        0 │
╰───────────────────────────────────────────────────────────────────────────────────────────────╯
15 more TERMINATED
Trial status: 20 TERMINATED | 5 RUNNING
Current time: 2024-07-02 21:07:18. Total running time: 2hr 4min 41s
Logical resource usage: 5.0/32 CPUs, 0/0 GPUs
Current best trial: 2ca7a_00000 with loss=0.0 and params={'osc_f': 3.0, 'osc_pop_name': 'IT3', 'saveFolder': '../grid_batch_5sec_IT3_w_10', 'simLabel': 'grid_00000'}
╭───────────────────────────────────────────────────────────────────────────────────────────────╮
│ Trial name        status          osc_f   osc_pop_name       iter     total time (s)     loss │
├───────────────────────────────────────────────────────────────────────────────────────────────┤
│ run_2ca7a_00020   RUNNING      38.9694    IT3                                                 │
│ run_2ca7a_00021   RUNNING      41.6071    IT3                                                 │
│ run_2ca7a_00022   RUNNING      44.3248    IT3                                                 │
│ run_2ca7a_00023   RUNNING      47.1224    IT3                                                 │
│ run_2ca7a_00024   RUNNING      50         IT3                                                 │
│ run_2ca7a_00000   TERMINATED    3         IT3                   1            2684.37        0 │
│ run_2ca7a_00001   TERMINATED    4.03912   IT3                   1            5456.28        0 │
│ run_2ca7a_00002   TERMINATED    5.15816   IT3                   1            2748.11        0 │
│ run_2ca7a_00003   TERMINATED    6.35714   IT3                   1            2739.27        0 │
│ run_2ca7a_00004   TERMINATED    7.63605   IT3                   1            2685.31        0 │
╰───────────────────────────────────────────────────────────────────────────────────────────────╯
15 more TERMINATED
Trial status: 20 TERMINATED | 5 RUNNING
Current time: 2024-07-02 21:07:48. Total running time: 2hr 5min 11s
Logical resource usage: 5.0/32 CPUs, 0/0 GPUs
Current best trial: 2ca7a_00000 with loss=0.0 and params={'osc_f': 3.0, 'osc_pop_name': 'IT3', 'saveFolder': '../grid_batch_5sec_IT3_w_10', 'simLabel': 'grid_00000'}
╭───────────────────────────────────────────────────────────────────────────────────────────────╮
│ Trial name        status          osc_f   osc_pop_name       iter     total time (s)     loss │
├───────────────────────────────────────────────────────────────────────────────────────────────┤
│ run_2ca7a_00020   RUNNING      38.9694    IT3                                                 │
│ run_2ca7a_00021   RUNNING      41.6071    IT3                                                 │
│ run_2ca7a_00022   RUNNING      44.3248    IT3                                                 │
│ run_2ca7a_00023   RUNNING      47.1224    IT3                                                 │
│ run_2ca7a_00024   RUNNING      50         IT3                                                 │
│ run_2ca7a_00000   TERMINATED    3         IT3                   1            2684.37        0 │
│ run_2ca7a_00001   TERMINATED    4.03912   IT3                   1            5456.28        0 │
│ run_2ca7a_00002   TERMINATED    5.15816   IT3                   1            2748.11        0 │
│ run_2ca7a_00003   TERMINATED    6.35714   IT3                   1            2739.27        0 │
│ run_2ca7a_00004   TERMINATED    7.63605   IT3                   1            2685.31        0 │
╰───────────────────────────────────────────────────────────────────────────────────────────────╯
15 more TERMINATED
Trial status: 20 TERMINATED | 5 RUNNING
Current time: 2024-07-02 21:08:18. Total running time: 2hr 5min 41s
Logical resource usage: 5.0/32 CPUs, 0/0 GPUs
Current best trial: 2ca7a_00000 with loss=0.0 and params={'osc_f': 3.0, 'osc_pop_name': 'IT3', 'saveFolder': '../grid_batch_5sec_IT3_w_10', 'simLabel': 'grid_00000'}
╭───────────────────────────────────────────────────────────────────────────────────────────────╮
│ Trial name        status          osc_f   osc_pop_name       iter     total time (s)     loss │
├───────────────────────────────────────────────────────────────────────────────────────────────┤
│ run_2ca7a_00020   RUNNING      38.9694    IT3                                                 │
│ run_2ca7a_00021   RUNNING      41.6071    IT3                                                 │
│ run_2ca7a_00022   RUNNING      44.3248    IT3                                                 │
│ run_2ca7a_00023   RUNNING      47.1224    IT3                                                 │
│ run_2ca7a_00024   RUNNING      50         IT3                                                 │
│ run_2ca7a_00000   TERMINATED    3         IT3                   1            2684.37        0 │
│ run_2ca7a_00001   TERMINATED    4.03912   IT3                   1            5456.28        0 │
│ run_2ca7a_00002   TERMINATED    5.15816   IT3                   1            2748.11        0 │
│ run_2ca7a_00003   TERMINATED    6.35714   IT3                   1            2739.27        0 │
│ run_2ca7a_00004   TERMINATED    7.63605   IT3                   1            2685.31        0 │
╰───────────────────────────────────────────────────────────────────────────────────────────────╯
15 more TERMINATED
Trial status: 20 TERMINATED | 5 RUNNING
Current time: 2024-07-02 21:08:48. Total running time: 2hr 6min 11s
Logical resource usage: 5.0/32 CPUs, 0/0 GPUs
Current best trial: 2ca7a_00000 with loss=0.0 and params={'osc_f': 3.0, 'osc_pop_name': 'IT3', 'saveFolder': '../grid_batch_5sec_IT3_w_10', 'simLabel': 'grid_00000'}
╭───────────────────────────────────────────────────────────────────────────────────────────────╮
│ Trial name        status          osc_f   osc_pop_name       iter     total time (s)     loss │
├───────────────────────────────────────────────────────────────────────────────────────────────┤
│ run_2ca7a_00020   RUNNING      38.9694    IT3                                                 │
│ run_2ca7a_00021   RUNNING      41.6071    IT3                                                 │
│ run_2ca7a_00022   RUNNING      44.3248    IT3                                                 │
│ run_2ca7a_00023   RUNNING      47.1224    IT3                                                 │
│ run_2ca7a_00024   RUNNING      50         IT3                                                 │
│ run_2ca7a_00000   TERMINATED    3         IT3                   1            2684.37        0 │
│ run_2ca7a_00001   TERMINATED    4.03912   IT3                   1            5456.28        0 │
│ run_2ca7a_00002   TERMINATED    5.15816   IT3                   1            2748.11        0 │
│ run_2ca7a_00003   TERMINATED    6.35714   IT3                   1            2739.27        0 │
│ run_2ca7a_00004   TERMINATED    7.63605   IT3                   1            2685.31        0 │
╰───────────────────────────────────────────────────────────────────────────────────────────────╯
15 more TERMINATED
Trial status: 20 TERMINATED | 5 RUNNING
Current time: 2024-07-02 21:09:18. Total running time: 2hr 6min 41s
Logical resource usage: 5.0/32 CPUs, 0/0 GPUs
Current best trial: 2ca7a_00000 with loss=0.0 and params={'osc_f': 3.0, 'osc_pop_name': 'IT3', 'saveFolder': '../grid_batch_5sec_IT3_w_10', 'simLabel': 'grid_00000'}
╭───────────────────────────────────────────────────────────────────────────────────────────────╮
│ Trial name        status          osc_f   osc_pop_name       iter     total time (s)     loss │
├───────────────────────────────────────────────────────────────────────────────────────────────┤
│ run_2ca7a_00020   RUNNING      38.9694    IT3                                                 │
│ run_2ca7a_00021   RUNNING      41.6071    IT3                                                 │
│ run_2ca7a_00022   RUNNING      44.3248    IT3                                                 │
│ run_2ca7a_00023   RUNNING      47.1224    IT3                                                 │
│ run_2ca7a_00024   RUNNING      50         IT3                                                 │
│ run_2ca7a_00000   TERMINATED    3         IT3                   1            2684.37        0 │
│ run_2ca7a_00001   TERMINATED    4.03912   IT3                   1            5456.28        0 │
│ run_2ca7a_00002   TERMINATED    5.15816   IT3                   1            2748.11        0 │
│ run_2ca7a_00003   TERMINATED    6.35714   IT3                   1            2739.27        0 │
│ run_2ca7a_00004   TERMINATED    7.63605   IT3                   1            2685.31        0 │
╰───────────────────────────────────────────────────────────────────────────────────────────────╯
15 more TERMINATED
Trial status: 20 TERMINATED | 5 RUNNING
Current time: 2024-07-02 21:09:48. Total running time: 2hr 7min 11s
Logical resource usage: 5.0/32 CPUs, 0/0 GPUs
Current best trial: 2ca7a_00000 with loss=0.0 and params={'osc_f': 3.0, 'osc_pop_name': 'IT3', 'saveFolder': '../grid_batch_5sec_IT3_w_10', 'simLabel': 'grid_00000'}
╭───────────────────────────────────────────────────────────────────────────────────────────────╮
│ Trial name        status          osc_f   osc_pop_name       iter     total time (s)     loss │
├───────────────────────────────────────────────────────────────────────────────────────────────┤
│ run_2ca7a_00020   RUNNING      38.9694    IT3                                                 │
│ run_2ca7a_00021   RUNNING      41.6071    IT3                                                 │
│ run_2ca7a_00022   RUNNING      44.3248    IT3                                                 │
│ run_2ca7a_00023   RUNNING      47.1224    IT3                                                 │
│ run_2ca7a_00024   RUNNING      50         IT3                                                 │
│ run_2ca7a_00000   TERMINATED    3         IT3                   1            2684.37        0 │
│ run_2ca7a_00001   TERMINATED    4.03912   IT3                   1            5456.28        0 │
│ run_2ca7a_00002   TERMINATED    5.15816   IT3                   1            2748.11        0 │
│ run_2ca7a_00003   TERMINATED    6.35714   IT3                   1            2739.27        0 │
│ run_2ca7a_00004   TERMINATED    7.63605   IT3                   1            2685.31        0 │
╰───────────────────────────────────────────────────────────────────────────────────────────────╯
15 more TERMINATED
Trial status: 20 TERMINATED | 5 RUNNING
Current time: 2024-07-02 21:10:18. Total running time: 2hr 7min 41s
Logical resource usage: 5.0/32 CPUs, 0/0 GPUs
Current best trial: 2ca7a_00000 with loss=0.0 and params={'osc_f': 3.0, 'osc_pop_name': 'IT3', 'saveFolder': '../grid_batch_5sec_IT3_w_10', 'simLabel': 'grid_00000'}
╭───────────────────────────────────────────────────────────────────────────────────────────────╮
│ Trial name        status          osc_f   osc_pop_name       iter     total time (s)     loss │
├───────────────────────────────────────────────────────────────────────────────────────────────┤
│ run_2ca7a_00020   RUNNING      38.9694    IT3                                                 │
│ run_2ca7a_00021   RUNNING      41.6071    IT3                                                 │
│ run_2ca7a_00022   RUNNING      44.3248    IT3                                                 │
│ run_2ca7a_00023   RUNNING      47.1224    IT3                                                 │
│ run_2ca7a_00024   RUNNING      50         IT3                                                 │
│ run_2ca7a_00000   TERMINATED    3         IT3                   1            2684.37        0 │
│ run_2ca7a_00001   TERMINATED    4.03912   IT3                   1            5456.28        0 │
│ run_2ca7a_00002   TERMINATED    5.15816   IT3                   1            2748.11        0 │
│ run_2ca7a_00003   TERMINATED    6.35714   IT3                   1            2739.27        0 │
│ run_2ca7a_00004   TERMINATED    7.63605   IT3                   1            2685.31        0 │
╰───────────────────────────────────────────────────────────────────────────────────────────────╯
15 more TERMINATED
Trial status: 20 TERMINATED | 5 RUNNING
Current time: 2024-07-02 21:10:48. Total running time: 2hr 8min 11s
Logical resource usage: 5.0/32 CPUs, 0/0 GPUs
Current best trial: 2ca7a_00000 with loss=0.0 and params={'osc_f': 3.0, 'osc_pop_name': 'IT3', 'saveFolder': '../grid_batch_5sec_IT3_w_10', 'simLabel': 'grid_00000'}
╭───────────────────────────────────────────────────────────────────────────────────────────────╮
│ Trial name        status          osc_f   osc_pop_name       iter     total time (s)     loss │
├───────────────────────────────────────────────────────────────────────────────────────────────┤
│ run_2ca7a_00020   RUNNING      38.9694    IT3                                                 │
│ run_2ca7a_00021   RUNNING      41.6071    IT3                                                 │
│ run_2ca7a_00022   RUNNING      44.3248    IT3                                                 │
│ run_2ca7a_00023   RUNNING      47.1224    IT3                                                 │
│ run_2ca7a_00024   RUNNING      50         IT3                                                 │
│ run_2ca7a_00000   TERMINATED    3         IT3                   1            2684.37        0 │
│ run_2ca7a_00001   TERMINATED    4.03912   IT3                   1            5456.28        0 │
│ run_2ca7a_00002   TERMINATED    5.15816   IT3                   1            2748.11        0 │
│ run_2ca7a_00003   TERMINATED    6.35714   IT3                   1            2739.27        0 │
│ run_2ca7a_00004   TERMINATED    7.63605   IT3                   1            2685.31        0 │
╰───────────────────────────────────────────────────────────────────────────────────────────────╯
15 more TERMINATED
Trial status: 20 TERMINATED | 5 RUNNING
Current time: 2024-07-02 21:11:18. Total running time: 2hr 8min 41s
Logical resource usage: 5.0/32 CPUs, 0/0 GPUs
Current best trial: 2ca7a_00000 with loss=0.0 and params={'osc_f': 3.0, 'osc_pop_name': 'IT3', 'saveFolder': '../grid_batch_5sec_IT3_w_10', 'simLabel': 'grid_00000'}
╭───────────────────────────────────────────────────────────────────────────────────────────────╮
│ Trial name        status          osc_f   osc_pop_name       iter     total time (s)     loss │
├───────────────────────────────────────────────────────────────────────────────────────────────┤
│ run_2ca7a_00020   RUNNING      38.9694    IT3                                                 │
│ run_2ca7a_00021   RUNNING      41.6071    IT3                                                 │
│ run_2ca7a_00022   RUNNING      44.3248    IT3                                                 │
│ run_2ca7a_00023   RUNNING      47.1224    IT3                                                 │
│ run_2ca7a_00024   RUNNING      50         IT3                                                 │
│ run_2ca7a_00000   TERMINATED    3         IT3                   1            2684.37        0 │
│ run_2ca7a_00001   TERMINATED    4.03912   IT3                   1            5456.28        0 │
│ run_2ca7a_00002   TERMINATED    5.15816   IT3                   1            2748.11        0 │
│ run_2ca7a_00003   TERMINATED    6.35714   IT3                   1            2739.27        0 │
│ run_2ca7a_00004   TERMINATED    7.63605   IT3                   1            2685.31        0 │
╰───────────────────────────────────────────────────────────────────────────────────────────────╯
15 more TERMINATED
Trial status: 20 TERMINATED | 5 RUNNING
Current time: 2024-07-02 21:11:48. Total running time: 2hr 9min 11s
Logical resource usage: 5.0/32 CPUs, 0/0 GPUs
Current best trial: 2ca7a_00000 with loss=0.0 and params={'osc_f': 3.0, 'osc_pop_name': 'IT3', 'saveFolder': '../grid_batch_5sec_IT3_w_10', 'simLabel': 'grid_00000'}
╭───────────────────────────────────────────────────────────────────────────────────────────────╮
│ Trial name        status          osc_f   osc_pop_name       iter     total time (s)     loss │
├───────────────────────────────────────────────────────────────────────────────────────────────┤
│ run_2ca7a_00020   RUNNING      38.9694    IT3                                                 │
│ run_2ca7a_00021   RUNNING      41.6071    IT3                                                 │
│ run_2ca7a_00022   RUNNING      44.3248    IT3                                                 │
│ run_2ca7a_00023   RUNNING      47.1224    IT3                                                 │
│ run_2ca7a_00024   RUNNING      50         IT3                                                 │
│ run_2ca7a_00000   TERMINATED    3         IT3                   1            2684.37        0 │
│ run_2ca7a_00001   TERMINATED    4.03912   IT3                   1            5456.28        0 │
│ run_2ca7a_00002   TERMINATED    5.15816   IT3                   1            2748.11        0 │
│ run_2ca7a_00003   TERMINATED    6.35714   IT3                   1            2739.27        0 │
│ run_2ca7a_00004   TERMINATED    7.63605   IT3                   1            2685.31        0 │
╰───────────────────────────────────────────────────────────────────────────────────────────────╯
15 more TERMINATED
Trial status: 20 TERMINATED | 5 RUNNING
Current time: 2024-07-02 21:12:18. Total running time: 2hr 9min 41s
Logical resource usage: 5.0/32 CPUs, 0/0 GPUs
Current best trial: 2ca7a_00000 with loss=0.0 and params={'osc_f': 3.0, 'osc_pop_name': 'IT3', 'saveFolder': '../grid_batch_5sec_IT3_w_10', 'simLabel': 'grid_00000'}
╭───────────────────────────────────────────────────────────────────────────────────────────────╮
│ Trial name        status          osc_f   osc_pop_name       iter     total time (s)     loss │
├───────────────────────────────────────────────────────────────────────────────────────────────┤
│ run_2ca7a_00020   RUNNING      38.9694    IT3                                                 │
│ run_2ca7a_00021   RUNNING      41.6071    IT3                                                 │
│ run_2ca7a_00022   RUNNING      44.3248    IT3                                                 │
│ run_2ca7a_00023   RUNNING      47.1224    IT3                                                 │
│ run_2ca7a_00024   RUNNING      50         IT3                                                 │
│ run_2ca7a_00000   TERMINATED    3         IT3                   1            2684.37        0 │
│ run_2ca7a_00001   TERMINATED    4.03912   IT3                   1            5456.28        0 │
│ run_2ca7a_00002   TERMINATED    5.15816   IT3                   1            2748.11        0 │
│ run_2ca7a_00003   TERMINATED    6.35714   IT3                   1            2739.27        0 │
│ run_2ca7a_00004   TERMINATED    7.63605   IT3                   1            2685.31        0 │
╰───────────────────────────────────────────────────────────────────────────────────────────────╯
15 more TERMINATED
Trial status: 20 TERMINATED | 5 RUNNING
Current time: 2024-07-02 21:12:48. Total running time: 2hr 10min 11s
Logical resource usage: 5.0/32 CPUs, 0/0 GPUs
Current best trial: 2ca7a_00000 with loss=0.0 and params={'osc_f': 3.0, 'osc_pop_name': 'IT3', 'saveFolder': '../grid_batch_5sec_IT3_w_10', 'simLabel': 'grid_00000'}
╭───────────────────────────────────────────────────────────────────────────────────────────────╮
│ Trial name        status          osc_f   osc_pop_name       iter     total time (s)     loss │
├───────────────────────────────────────────────────────────────────────────────────────────────┤
│ run_2ca7a_00020   RUNNING      38.9694    IT3                                                 │
│ run_2ca7a_00021   RUNNING      41.6071    IT3                                                 │
│ run_2ca7a_00022   RUNNING      44.3248    IT3                                                 │
│ run_2ca7a_00023   RUNNING      47.1224    IT3                                                 │
│ run_2ca7a_00024   RUNNING      50         IT3                                                 │
│ run_2ca7a_00000   TERMINATED    3         IT3                   1            2684.37        0 │
│ run_2ca7a_00001   TERMINATED    4.03912   IT3                   1            5456.28        0 │
│ run_2ca7a_00002   TERMINATED    5.15816   IT3                   1            2748.11        0 │
│ run_2ca7a_00003   TERMINATED    6.35714   IT3                   1            2739.27        0 │
│ run_2ca7a_00004   TERMINATED    7.63605   IT3                   1            2685.31        0 │
╰───────────────────────────────────────────────────────────────────────────────────────────────╯
15 more TERMINATED
Trial status: 20 TERMINATED | 5 RUNNING
Current time: 2024-07-02 21:13:18. Total running time: 2hr 10min 41s
Logical resource usage: 5.0/32 CPUs, 0/0 GPUs
Current best trial: 2ca7a_00000 with loss=0.0 and params={'osc_f': 3.0, 'osc_pop_name': 'IT3', 'saveFolder': '../grid_batch_5sec_IT3_w_10', 'simLabel': 'grid_00000'}
╭───────────────────────────────────────────────────────────────────────────────────────────────╮
│ Trial name        status          osc_f   osc_pop_name       iter     total time (s)     loss │
├───────────────────────────────────────────────────────────────────────────────────────────────┤
│ run_2ca7a_00020   RUNNING      38.9694    IT3                                                 │
│ run_2ca7a_00021   RUNNING      41.6071    IT3                                                 │
│ run_2ca7a_00022   RUNNING      44.3248    IT3                                                 │
│ run_2ca7a_00023   RUNNING      47.1224    IT3                                                 │
│ run_2ca7a_00024   RUNNING      50         IT3                                                 │
│ run_2ca7a_00000   TERMINATED    3         IT3                   1            2684.37        0 │
│ run_2ca7a_00001   TERMINATED    4.03912   IT3                   1            5456.28        0 │
│ run_2ca7a_00002   TERMINATED    5.15816   IT3                   1            2748.11        0 │
│ run_2ca7a_00003   TERMINATED    6.35714   IT3                   1            2739.27        0 │
│ run_2ca7a_00004   TERMINATED    7.63605   IT3                   1            2685.31        0 │
╰───────────────────────────────────────────────────────────────────────────────────────────────╯
15 more TERMINATED
Trial status: 20 TERMINATED | 5 RUNNING
Current time: 2024-07-02 21:13:48. Total running time: 2hr 11min 11s
Logical resource usage: 5.0/32 CPUs, 0/0 GPUs
Current best trial: 2ca7a_00000 with loss=0.0 and params={'osc_f': 3.0, 'osc_pop_name': 'IT3', 'saveFolder': '../grid_batch_5sec_IT3_w_10', 'simLabel': 'grid_00000'}
╭───────────────────────────────────────────────────────────────────────────────────────────────╮
│ Trial name        status          osc_f   osc_pop_name       iter     total time (s)     loss │
├───────────────────────────────────────────────────────────────────────────────────────────────┤
│ run_2ca7a_00020   RUNNING      38.9694    IT3                                                 │
│ run_2ca7a_00021   RUNNING      41.6071    IT3                                                 │
│ run_2ca7a_00022   RUNNING      44.3248    IT3                                                 │
│ run_2ca7a_00023   RUNNING      47.1224    IT3                                                 │
│ run_2ca7a_00024   RUNNING      50         IT3                                                 │
│ run_2ca7a_00000   TERMINATED    3         IT3                   1            2684.37        0 │
│ run_2ca7a_00001   TERMINATED    4.03912   IT3                   1            5456.28        0 │
│ run_2ca7a_00002   TERMINATED    5.15816   IT3                   1            2748.11        0 │
│ run_2ca7a_00003   TERMINATED    6.35714   IT3                   1            2739.27        0 │
│ run_2ca7a_00004   TERMINATED    7.63605   IT3                   1            2685.31        0 │
╰───────────────────────────────────────────────────────────────────────────────────────────────╯
15 more TERMINATED
Trial status: 20 TERMINATED | 5 RUNNING
Current time: 2024-07-02 21:14:19. Total running time: 2hr 11min 41s
Logical resource usage: 5.0/32 CPUs, 0/0 GPUs
Current best trial: 2ca7a_00000 with loss=0.0 and params={'osc_f': 3.0, 'osc_pop_name': 'IT3', 'saveFolder': '../grid_batch_5sec_IT3_w_10', 'simLabel': 'grid_00000'}
╭───────────────────────────────────────────────────────────────────────────────────────────────╮
│ Trial name        status          osc_f   osc_pop_name       iter     total time (s)     loss │
├───────────────────────────────────────────────────────────────────────────────────────────────┤
│ run_2ca7a_00020   RUNNING      38.9694    IT3                                                 │
│ run_2ca7a_00021   RUNNING      41.6071    IT3                                                 │
│ run_2ca7a_00022   RUNNING      44.3248    IT3                                                 │
│ run_2ca7a_00023   RUNNING      47.1224    IT3                                                 │
│ run_2ca7a_00024   RUNNING      50         IT3                                                 │
│ run_2ca7a_00000   TERMINATED    3         IT3                   1            2684.37        0 │
│ run_2ca7a_00001   TERMINATED    4.03912   IT3                   1            5456.28        0 │
│ run_2ca7a_00002   TERMINATED    5.15816   IT3                   1            2748.11        0 │
│ run_2ca7a_00003   TERMINATED    6.35714   IT3                   1            2739.27        0 │
│ run_2ca7a_00004   TERMINATED    7.63605   IT3                   1            2685.31        0 │
╰───────────────────────────────────────────────────────────────────────────────────────────────╯
15 more TERMINATED
Trial status: 20 TERMINATED | 5 RUNNING
Current time: 2024-07-02 21:14:49. Total running time: 2hr 12min 11s
Logical resource usage: 5.0/32 CPUs, 0/0 GPUs
Current best trial: 2ca7a_00000 with loss=0.0 and params={'osc_f': 3.0, 'osc_pop_name': 'IT3', 'saveFolder': '../grid_batch_5sec_IT3_w_10', 'simLabel': 'grid_00000'}
╭───────────────────────────────────────────────────────────────────────────────────────────────╮
│ Trial name        status          osc_f   osc_pop_name       iter     total time (s)     loss │
├───────────────────────────────────────────────────────────────────────────────────────────────┤
│ run_2ca7a_00020   RUNNING      38.9694    IT3                                                 │
│ run_2ca7a_00021   RUNNING      41.6071    IT3                                                 │
│ run_2ca7a_00022   RUNNING      44.3248    IT3                                                 │
│ run_2ca7a_00023   RUNNING      47.1224    IT3                                                 │
│ run_2ca7a_00024   RUNNING      50         IT3                                                 │
│ run_2ca7a_00000   TERMINATED    3         IT3                   1            2684.37        0 │
│ run_2ca7a_00001   TERMINATED    4.03912   IT3                   1            5456.28        0 │
│ run_2ca7a_00002   TERMINATED    5.15816   IT3                   1            2748.11        0 │
│ run_2ca7a_00003   TERMINATED    6.35714   IT3                   1            2739.27        0 │
│ run_2ca7a_00004   TERMINATED    7.63605   IT3                   1            2685.31        0 │
╰───────────────────────────────────────────────────────────────────────────────────────────────╯
15 more TERMINATED
Trial status: 20 TERMINATED | 5 RUNNING
Current time: 2024-07-02 21:15:19. Total running time: 2hr 12min 41s
Logical resource usage: 5.0/32 CPUs, 0/0 GPUs
Current best trial: 2ca7a_00000 with loss=0.0 and params={'osc_f': 3.0, 'osc_pop_name': 'IT3', 'saveFolder': '../grid_batch_5sec_IT3_w_10', 'simLabel': 'grid_00000'}
╭───────────────────────────────────────────────────────────────────────────────────────────────╮
│ Trial name        status          osc_f   osc_pop_name       iter     total time (s)     loss │
├───────────────────────────────────────────────────────────────────────────────────────────────┤
│ run_2ca7a_00020   RUNNING      38.9694    IT3                                                 │
│ run_2ca7a_00021   RUNNING      41.6071    IT3                                                 │
│ run_2ca7a_00022   RUNNING      44.3248    IT3                                                 │
│ run_2ca7a_00023   RUNNING      47.1224    IT3                                                 │
│ run_2ca7a_00024   RUNNING      50         IT3                                                 │
│ run_2ca7a_00000   TERMINATED    3         IT3                   1            2684.37        0 │
│ run_2ca7a_00001   TERMINATED    4.03912   IT3                   1            5456.28        0 │
│ run_2ca7a_00002   TERMINATED    5.15816   IT3                   1            2748.11        0 │
│ run_2ca7a_00003   TERMINATED    6.35714   IT3                   1            2739.27        0 │
│ run_2ca7a_00004   TERMINATED    7.63605   IT3                   1            2685.31        0 │
╰───────────────────────────────────────────────────────────────────────────────────────────────╯
15 more TERMINATED
Trial status: 20 TERMINATED | 5 RUNNING
Current time: 2024-07-02 21:15:49. Total running time: 2hr 13min 11s
Logical resource usage: 5.0/32 CPUs, 0/0 GPUs
Current best trial: 2ca7a_00000 with loss=0.0 and params={'osc_f': 3.0, 'osc_pop_name': 'IT3', 'saveFolder': '../grid_batch_5sec_IT3_w_10', 'simLabel': 'grid_00000'}
╭───────────────────────────────────────────────────────────────────────────────────────────────╮
│ Trial name        status          osc_f   osc_pop_name       iter     total time (s)     loss │
├───────────────────────────────────────────────────────────────────────────────────────────────┤
│ run_2ca7a_00020   RUNNING      38.9694    IT3                                                 │
│ run_2ca7a_00021   RUNNING      41.6071    IT3                                                 │
│ run_2ca7a_00022   RUNNING      44.3248    IT3                                                 │
│ run_2ca7a_00023   RUNNING      47.1224    IT3                                                 │
│ run_2ca7a_00024   RUNNING      50         IT3                                                 │
│ run_2ca7a_00000   TERMINATED    3         IT3                   1            2684.37        0 │
│ run_2ca7a_00001   TERMINATED    4.03912   IT3                   1            5456.28        0 │
│ run_2ca7a_00002   TERMINATED    5.15816   IT3                   1            2748.11        0 │
│ run_2ca7a_00003   TERMINATED    6.35714   IT3                   1            2739.27        0 │
│ run_2ca7a_00004   TERMINATED    7.63605   IT3                   1            2685.31        0 │
╰───────────────────────────────────────────────────────────────────────────────────────────────╯
15 more TERMINATED
Trial status: 20 TERMINATED | 5 RUNNING
Current time: 2024-07-02 21:16:19. Total running time: 2hr 13min 41s
Logical resource usage: 5.0/32 CPUs, 0/0 GPUs
Current best trial: 2ca7a_00000 with loss=0.0 and params={'osc_f': 3.0, 'osc_pop_name': 'IT3', 'saveFolder': '../grid_batch_5sec_IT3_w_10', 'simLabel': 'grid_00000'}
╭───────────────────────────────────────────────────────────────────────────────────────────────╮
│ Trial name        status          osc_f   osc_pop_name       iter     total time (s)     loss │
├───────────────────────────────────────────────────────────────────────────────────────────────┤
│ run_2ca7a_00020   RUNNING      38.9694    IT3                                                 │
│ run_2ca7a_00021   RUNNING      41.6071    IT3                                                 │
│ run_2ca7a_00022   RUNNING      44.3248    IT3                                                 │
│ run_2ca7a_00023   RUNNING      47.1224    IT3                                                 │
│ run_2ca7a_00024   RUNNING      50         IT3                                                 │
│ run_2ca7a_00000   TERMINATED    3         IT3                   1            2684.37        0 │
│ run_2ca7a_00001   TERMINATED    4.03912   IT3                   1            5456.28        0 │
│ run_2ca7a_00002   TERMINATED    5.15816   IT3                   1            2748.11        0 │
│ run_2ca7a_00003   TERMINATED    6.35714   IT3                   1            2739.27        0 │
│ run_2ca7a_00004   TERMINATED    7.63605   IT3                   1            2685.31        0 │
╰───────────────────────────────────────────────────────────────────────────────────────────────╯
15 more TERMINATED

Trial run_2ca7a_00020 completed after 1 iterations at 2024-07-02 21:16:28. Total running time: 2hr 13min 51s
╭───────────────────────────────────────────────────────╮
│ Trial run_2ca7a_00020 result                          │
├───────────────────────────────────────────────────────┤
│ checkpoint_dir_name                                   │
│ time_this_iter_s                           5283.75708 │
│ time_total_s                               5283.75708 │
│ training_iteration                                  1 │
│ data                             ....0
dtype: float64 │
│ loss                                               0. │
╰───────────────────────────────────────────────────────╯

Trial status: 21 TERMINATED | 4 RUNNING
Current time: 2024-07-02 21:16:49. Total running time: 2hr 14min 11s
Logical resource usage: 4.0/32 CPUs, 0/0 GPUs
Current best trial: 2ca7a_00000 with loss=0.0 and params={'osc_f': 3.0, 'osc_pop_name': 'IT3', 'saveFolder': '../grid_batch_5sec_IT3_w_10', 'simLabel': 'grid_00000'}
╭───────────────────────────────────────────────────────────────────────────────────────────────╮
│ Trial name        status          osc_f   osc_pop_name       iter     total time (s)     loss │
├───────────────────────────────────────────────────────────────────────────────────────────────┤
│ run_2ca7a_00021   RUNNING      41.6071    IT3                                                 │
│ run_2ca7a_00022   RUNNING      44.3248    IT3                                                 │
│ run_2ca7a_00023   RUNNING      47.1224    IT3                                                 │
│ run_2ca7a_00024   RUNNING      50         IT3                                                 │
│ run_2ca7a_00000   TERMINATED    3         IT3                   1            2684.37        0 │
│ run_2ca7a_00001   TERMINATED    4.03912   IT3                   1            5456.28        0 │
│ run_2ca7a_00002   TERMINATED    5.15816   IT3                   1            2748.11        0 │
│ run_2ca7a_00003   TERMINATED    6.35714   IT3                   1            2739.27        0 │
│ run_2ca7a_00004   TERMINATED    7.63605   IT3                   1            2685.31        0 │
╰───────────────────────────────────────────────────────────────────────────────────────────────╯
16 more TERMINATED

Trial run_2ca7a_00023 completed after 1 iterations at 2024-07-02 21:17:13. Total running time: 2hr 14min 36s
╭───────────────────────────────────────────────────────╮
│ Trial run_2ca7a_00023 result                          │
├───────────────────────────────────────────────────────┤
│ checkpoint_dir_name                                   │
│ time_this_iter_s                           2711.11539 │
│ time_total_s                               2711.11539 │
│ training_iteration                                  1 │
│ data                             ....0
dtype: float64 │
│ loss                                               0. │
╰───────────────────────────────────────────────────────╯

Trial status: 22 TERMINATED | 3 RUNNING
Current time: 2024-07-02 21:17:19. Total running time: 2hr 14min 42s
Logical resource usage: 3.0/32 CPUs, 0/0 GPUs
Current best trial: 2ca7a_00000 with loss=0.0 and params={'osc_f': 3.0, 'osc_pop_name': 'IT3', 'saveFolder': '../grid_batch_5sec_IT3_w_10', 'simLabel': 'grid_00000'}
╭───────────────────────────────────────────────────────────────────────────────────────────────╮
│ Trial name        status          osc_f   osc_pop_name       iter     total time (s)     loss │
├───────────────────────────────────────────────────────────────────────────────────────────────┤
│ run_2ca7a_00021   RUNNING      41.6071    IT3                                                 │
│ run_2ca7a_00022   RUNNING      44.3248    IT3                                                 │
│ run_2ca7a_00024   RUNNING      50         IT3                                                 │
│ run_2ca7a_00000   TERMINATED    3         IT3                   1            2684.37        0 │
│ run_2ca7a_00001   TERMINATED    4.03912   IT3                   1            5456.28        0 │
│ run_2ca7a_00002   TERMINATED    5.15816   IT3                   1            2748.11        0 │
│ run_2ca7a_00003   TERMINATED    6.35714   IT3                   1            2739.27        0 │
│ run_2ca7a_00004   TERMINATED    7.63605   IT3                   1            2685.31        0 │
╰───────────────────────────────────────────────────────────────────────────────────────────────╯
17 more TERMINATED

Trial run_2ca7a_00021 completed after 1 iterations at 2024-07-02 21:17:27. Total running time: 2hr 14min 49s
╭───────────────────────────────────────────────────────╮
│ Trial run_2ca7a_00021 result                          │
├───────────────────────────────────────────────────────┤
│ checkpoint_dir_name                                   │
│ time_this_iter_s                           5332.99037 │
│ time_total_s                               5332.99037 │
│ training_iteration                                  1 │
│ data                             ....0
dtype: float64 │
│ loss                                               0. │
╰───────────────────────────────────────────────────────╯

Trial status: 23 TERMINATED | 2 RUNNING
Current time: 2024-07-02 21:17:49. Total running time: 2hr 15min 12s
Logical resource usage: 2.0/32 CPUs, 0/0 GPUs
Current best trial: 2ca7a_00000 with loss=0.0 and params={'osc_f': 3.0, 'osc_pop_name': 'IT3', 'saveFolder': '../grid_batch_5sec_IT3_w_10', 'simLabel': 'grid_00000'}
╭───────────────────────────────────────────────────────────────────────────────────────────────╮
│ Trial name        status          osc_f   osc_pop_name       iter     total time (s)     loss │
├───────────────────────────────────────────────────────────────────────────────────────────────┤
│ run_2ca7a_00022   RUNNING      44.3248    IT3                                                 │
│ run_2ca7a_00024   RUNNING      50         IT3                                                 │
│ run_2ca7a_00000   TERMINATED    3         IT3                   1            2684.37        0 │
│ run_2ca7a_00001   TERMINATED    4.03912   IT3                   1            5456.28        0 │
│ run_2ca7a_00002   TERMINATED    5.15816   IT3                   1            2748.11        0 │
│ run_2ca7a_00003   TERMINATED    6.35714   IT3                   1            2739.27        0 │
│ run_2ca7a_00004   TERMINATED    7.63605   IT3                   1            2685.31        0 │
╰───────────────────────────────────────────────────────────────────────────────────────────────╯
18 more TERMINATED

Trial run_2ca7a_00022 completed after 1 iterations at 2024-07-02 21:18:11. Total running time: 2hr 15min 34s
╭───────────────────────────────────────────────────────╮
│ Trial run_2ca7a_00022 result                          │
├───────────────────────────────────────────────────────┤
│ checkpoint_dir_name                                   │
│ time_this_iter_s                           5345.31537 │
│ time_total_s                               5345.31537 │
│ training_iteration                                  1 │
│ data                             ....0
dtype: float64 │
│ loss                                               0. │
╰───────────────────────────────────────────────────────╯

Trial status: 24 TERMINATED | 1 RUNNING
Current time: 2024-07-02 21:18:19. Total running time: 2hr 15min 42s
Logical resource usage: 1.0/32 CPUs, 0/0 GPUs
Current best trial: 2ca7a_00000 with loss=0.0 and params={'osc_f': 3.0, 'osc_pop_name': 'IT3', 'saveFolder': '../grid_batch_5sec_IT3_w_10', 'simLabel': 'grid_00000'}
╭───────────────────────────────────────────────────────────────────────────────────────────────╮
│ Trial name        status          osc_f   osc_pop_name       iter     total time (s)     loss │
├───────────────────────────────────────────────────────────────────────────────────────────────┤
│ run_2ca7a_00024   RUNNING      50         IT3                                                 │
│ run_2ca7a_00000   TERMINATED    3         IT3                   1            2684.37        0 │
│ run_2ca7a_00001   TERMINATED    4.03912   IT3                   1            5456.28        0 │
│ run_2ca7a_00002   TERMINATED    5.15816   IT3                   1            2748.11        0 │
│ run_2ca7a_00003   TERMINATED    6.35714   IT3                   1            2739.27        0 │
│ run_2ca7a_00004   TERMINATED    7.63605   IT3                   1            2685.31        0 │
╰───────────────────────────────────────────────────────────────────────────────────────────────╯
19 more TERMINATED

Trial run_2ca7a_00024 completed after 1 iterations at 2024-07-02 21:18:41. Total running time: 2hr 16min 4s
╭───────────────────────────────────────────────────────╮
│ Trial run_2ca7a_00024 result                          │
├───────────────────────────────────────────────────────┤
│ checkpoint_dir_name                                   │
│ time_this_iter_s                           2780.46667 │
│ time_total_s                               2780.46667 │
│ training_iteration                                  1 │
│ data                             ....0
dtype: float64 │
│ loss                                               0. │
╰───────────────────────────────────────────────────────╯

Trial status: 25 TERMINATED
Current time: 2024-07-02 21:18:41. Total running time: 2hr 16min 4s
Logical resource usage: 1.0/32 CPUs, 0/0 GPUs
Current best trial: 2ca7a_00000 with loss=0.0 and params={'osc_f': 3.0, 'osc_pop_name': 'IT3', 'saveFolder': '../grid_batch_5sec_IT3_w_10', 'simLabel': 'grid_00000'}
╭───────────────────────────────────────────────────────────────────────────────────────────────╮
│ Trial name        status          osc_f   osc_pop_name       iter     total time (s)     loss │
├───────────────────────────────────────────────────────────────────────────────────────────────┤
│ run_2ca7a_00000   TERMINATED    3         IT3                   1            2684.37        0 │
│ run_2ca7a_00001   TERMINATED    4.03912   IT3                   1            5456.28        0 │
│ run_2ca7a_00002   TERMINATED    5.15816   IT3                   1            2748.11        0 │
│ run_2ca7a_00003   TERMINATED    6.35714   IT3                   1            2739.27        0 │
│ run_2ca7a_00004   TERMINATED    7.63605   IT3                   1            2685.31        0 │
│ run_2ca7a_00005   TERMINATED    8.9949    IT3                   1            2780.19        0 │
│ run_2ca7a_00006   TERMINATED   10.4337    IT3                   1            5452.75        0 │
│ run_2ca7a_00007   TERMINATED   11.9524    IT3                   1            2739.28        0 │
│ run_2ca7a_00008   TERMINATED   13.551     IT3                   1            2712.07        0 │
│ run_2ca7a_00009   TERMINATED   15.2296    IT3                   1            2638.1         0 │
│ run_2ca7a_00010   TERMINATED   16.9881    IT3                   1            2705.83        0 │
│ run_2ca7a_00011   TERMINATED   18.8265    IT3                   1            2717.54        0 │
│ run_2ca7a_00012   TERMINATED   20.7449    IT3                   1            5374.91        0 │
│ run_2ca7a_00013   TERMINATED   22.7432    IT3                   1            2758.08        0 │
│ run_2ca7a_00014   TERMINATED   24.8214    IT3                   1            2692.43        0 │
│ run_2ca7a_00015   TERMINATED   26.9796    IT3                   1            2667.53        0 │
│ run_2ca7a_00016   TERMINATED   29.2177    IT3                   1            2702.33        0 │
│ run_2ca7a_00017   TERMINATED   31.5357    IT3                   1            2686.36        0 │
│ run_2ca7a_00018   TERMINATED   33.9337    IT3                   1            2740.24        0 │
│ run_2ca7a_00019   TERMINATED   36.4116    IT3                   1            2696.81        0 │
│ run_2ca7a_00020   TERMINATED   38.9694    IT3                   1            5283.76        0 │
│ run_2ca7a_00021   TERMINATED   41.6071    IT3                   1            5332.99        0 │
│ run_2ca7a_00022   TERMINATED   44.3248    IT3                   1            5345.32        0 │
│ run_2ca7a_00023   TERMINATED   47.1224    IT3                   1            2711.12        0 │
│ run_2ca7a_00024   TERMINATED   50         IT3                   1            2780.47        0 │
╰───────────────────────────────────────────────────────────────────────────────────────────────╯

